cpus,n_layers,n_bottleneck,epochs,batch_size,verbose,learning_rate,shuffle,n_inputs,seed,fraud_ranks_eval,rank_mean_eval,rank_std_eval,max_fraud_eval,min_detect_eval,auc_pr_eval,auc_roc_eval,fraud_ranks_test,rank_mean_test,rank_std_test,max_fraud_test,min_detect_test,auc_pr_test,auc_roc_test,max_fraud_joint,min_detect_joint,fraud_ranks_joint,rank_mean_joint,rank_std_joint,auc_pr_joint,auc_roc_joint
8.0,1.0,16.0,100.0,32.0,2.0,0.0001,1.0,240.0,0.0,"[1, 9, 75, 77, 79, 80, 81, 82, 87, 88, 205, 230, 231, 233, 234, 264, 265, 277]",144.33333333333334,91.85677256831238,-0.03687351,277.0,0.1311407553163109,0.9931542783644732,"[1, 19, 74, 75, 102, 329]",100.0,108.0956366680296,-0.031856067,329.0,0.2110656202797695,0.9951040081177068,-0.031856067,832.0,"[1, 3, 13, 93, 95, 97, 98, 99, 100, 105, 107, 108, 278, 279, 280, 310, 311, 313, 314, 364, 376, 377, 404, 832]",223.2083333333333,181.3640397944299,0.1358697423768061,0.9946528870391989
8.0,1.0,32.0,100.0,32.0,2.0,0.001,1.0,240.0,0.0,"[1, 2, 15, 18, 19, 21, 22, 23, 24, 25, 26, 27, 28, 46, 47, 48, 49, 50]",27.27777777777778,14.711316715582356,-0.03629866,50.0,0.4172354388415935,0.9990973914613231,"[1, 22, 27, 56, 60, 61]",37.833333333333336,22.6672794034828,-0.027254619,61.0,0.2425237937533019,0.9982580754270252,-0.027254619,126.0,"[1, 2, 3, 24, 31, 32, 37, 38, 39, 40, 42, 43, 44, 45, 61, 72, 73, 78, 79, 80, 84, 119, 124, 126]",54.875,34.905005013608005,0.3270825634472656,0.9989246561437344
8.0,2.0,32.0,100.0,32.0,2.0,0.001,1.0,240.0,0.0,"[1, 3, 7, 12, 13, 21, 23, 24, 27, 29, 30, 31, 32, 33, 34, 46, 49, 51]",25.88888888888889,14.282424665335633,-0.034796014,51.0,0.4226655897622461,0.9991679077534072,"[1, 5, 23, 60, 62, 79]",38.333333333333336,30.064744949673013,-0.021858731,79.0,0.292282662942382,0.9982327075934384,-0.021858731,343.0,"[1, 2, 4, 11, 12, 27, 28, 43, 44, 46, 47, 50, 52, 53, 54, 56, 57, 59, 76, 85, 87, 197, 201, 343]",68.125,75.48416638607067,0.3274742917639789,0.9985884129320408
8.0,1.0,64.0,100.0,32.0,2.0,0.001,1.0,240.0,0.0,"[4, 5, 13, 22, 35, 36, 37, 38, 39, 42, 43, 44, 45, 46, 47, 48, 51, 52]",35.94444444444444,14.53146861975463,-0.019692462,52.0,0.2643591522323174,0.9986573697987184,"[9, 50, 51, 71, 72, 74]",54.5,22.58871399615304,-0.009461665,74.0,0.0694663657029025,0.9974124809741248,-0.009461665,211.0,"[4, 7, 15, 35, 55, 70, 71, 72, 75, 76, 79, 80, 81, 82, 83, 84, 85, 88, 89, 161, 165, 207, 208, 211]",90.95833333333331,57.389371233317725,0.1550085019882416,0.9980089749445938
8.0,2.0,64.0,100.0,32.0,2.0,0.001,1.0,240.0,0.0,"[1, 2, 7, 9, 10, 11, 14, 15, 22, 23, 24, 25, 32, 41, 43, 46, 47, 52]",23.55555555555556,15.962533293177572,-0.03480576,52.0,0.5012494745994645,0.9992863751241088,"[1, 14, 21, 55, 58, 63]",35.333333333333336,24.170689320377736,-0.025824847,63.0,0.2566477583718963,0.9983849145949604,-0.025824847,134.0,"[1, 2, 3, 11, 16, 17, 18, 21, 22, 31, 32, 33, 34, 45, 46, 55, 66, 68, 72, 73, 80, 119, 123, 134]",46.75,37.64444403450085,0.3971048288837881,0.9991308430188296
8.0,1.0,128.0,100.0,32.0,2.0,0.001,1.0,240.0,0.0,"[5, 10, 15, 16, 17, 18, 22, 26, 27, 28, 29, 31, 37, 38, 42, 43, 54, 122]",32.22222222222222,24.979003528642824,-0.0010010682,122.0,0.309165307773278,0.9988463534615036,"[1, 16, 19, 42, 43, 44]",27.5,16.479785597310826,-0.0043280656,44.0,0.2717959230352131,0.9987823439878234,-0.0010010682,206.0,"[2, 6, 22, 26, 33, 53, 56, 57, 58, 63, 67, 68, 69, 70, 72, 73, 74, 77, 83, 84, 89, 90, 103, 206]",66.70833333333333,38.57836091069132,0.2049534612750216,0.9986243634641088
8.0,2.0,128.0,100.0,32.0,2.0,0.001,1.0,240.0,0.0,"[4, 7, 19, 29, 34, 36, 37, 38, 39, 40, 43, 44, 45, 46, 47, 50, 51, 52]",36.72222222222222,13.58023709315021,-0.020882381,52.0,0.2522017811615251,0.9986178806751512,"[1, 47, 48, 73, 74, 75]",53.0,26.10874693788782,-0.009722591,75.0,0.2179025466008124,0.9974885844748858,-0.009722591,211.0,"[1, 5, 8, 37, 64, 69, 71, 72, 73, 74, 75, 78, 79, 80, 81, 82, 85, 86, 87, 142, 153, 209, 210, 211]",88.83333333333333,56.881944020537446,0.2006547845389864,0.9980629007426955
8.0,1.0,16.0,100.0,32.0,2.0,0.01,1.0,240.0,0.0,"[10, 17, 18, 20, 21, 22, 23, 24, 25, 45, 58, 59, 135, 157, 158, 159, 160, 161]",70.66666666666667,61.18732621130693,-0.057582427,161.0,0.1875944698794275,0.9968944624966152,"[27, 40, 41, 99, 106, 128]",73.5,38.76746918057286,-0.0611846,128.0,0.0491094367448582,0.9964485032978184,-0.057582427,312.0,"[35, 37, 56, 57, 58, 60, 61, 62, 64, 65, 66, 67, 138, 156, 163, 164, 165, 261, 264, 303, 309, 310, 311, 312]",147.66666666666666,103.41770748871888,0.0950646927119343,0.9965698962932886
8.0,2.0,16.0,100.0,32.0,2.0,0.01,1.0,240.0,0.0,"[16, 17, 18, 20, 21, 22, 23, 24, 25, 45, 72, 73, 159, 166, 168, 169, 170, 171]",76.61111111111111,66.07162686466265,-0.05856804,171.0,0.1788312200725328,0.9965926527664952,"[27, 40, 41, 121, 124, 160]",85.5,51.25995838208741,-0.06219026,160.0,0.0451813667715308,0.99583967529173,-0.05856804,336.0,"[36, 55, 56, 57, 58, 60, 61, 62, 64, 65, 66, 67, 138, 192, 193, 194, 198, 318, 320, 329, 333, 334, 335, 336]",163.625,117.11348218003482,0.0895132541366996,0.99616492412323
8.0,1.0,32.0,100.0,32.0,2.0,0.01,1.0,240.0,0.0,"[1, 72, 75, 76, 77, 78, 79, 80, 105, 106, 251, 257, 258, 259, 260, 262, 263, 361]",162.22222222222223,102.2635785906832,-0.035895325,361.0,0.1161034950394607,0.9922460285224298,"[1, 19, 97, 99, 101, 341]",109.66666666666669,110.97547276563212,-0.030486813,341.0,0.2072825486272103,0.9946135633350244,-0.030486813,867.0,"[1, 3, 86, 93, 94, 95, 96, 97, 98, 105, 145, 146, 332, 350, 351, 352, 353, 358, 360, 362, 363, 364, 546, 867]",250.7083333333333,195.18313604720623,0.1228290874636326,0.9939550237696458
8.0,2.0,32.0,100.0,32.0,2.0,0.01,1.0,240.0,0.0,"[1, 13, 75, 76, 78, 79, 80, 81, 105, 106, 251, 256, 257, 259, 260, 262, 263, 361]",159.05555555555554,105.71001856348036,-0.03606373,361.0,0.1228837140379949,0.9924068056683816,"[1, 19, 94, 99, 100, 342]",109.16666666666669,111.39930680015722,-0.030541677,342.0,0.2075209919274868,0.9946389311686116,-0.030541677,867.0,"[1, 2, 27, 93, 94, 96, 97, 98, 99, 105, 145, 146, 332, 347, 348, 352, 353, 354, 360, 361, 363, 364, 546, 867]",247.91666666666663,197.2802399014041,0.1398149200421189,0.9940258674651914
8.0,2.0,16.0,100.0,32.0,2.0,0.0001,1.0,240.0,0.0,"[1, 9, 75, 76, 79, 80, 81, 82, 87, 88, 177, 208, 209, 210, 211, 264, 265, 280]",137.88888888888889,86.82606424397437,-0.036822002,280.0,0.1330462228607351,0.9934814739597436,"[1, 19, 52, 53, 60, 351]",89.33333333333333,118.87902347438012,-0.031358875,351.0,0.223142419021267,0.995645188567563,-0.031358875,874.0,"[1, 2, 13, 93, 94, 97, 98, 99, 100, 101, 106, 108, 228, 229, 232, 239, 288, 289, 290, 291, 375, 377, 425, 874]",210.375,183.1735999218592,0.1529607939317653,0.99497855656499
8.0,1.0,64.0,100.0,32.0,2.0,0.01,1.0,240.0,0.0,"[1, 2, 7, 9, 10, 11, 12, 13, 22, 23, 24, 25, 32, 38, 39, 44, 47, 52]",22.83333333333333,15.521490478258416,-0.034687568,52.0,0.5150537057061535,0.9993230435959924,"[1, 20, 24, 58, 62, 63]",38.0,24.11776661854631,-0.02573284,63.0,0.2449747956282995,0.998249619482496,-0.02573284,135.0,"[1, 2, 4, 11, 13, 14, 15, 16, 19, 31, 32, 33, 34, 45, 54, 59, 63, 65, 70, 73, 80, 123, 128, 135]",46.66666666666666,38.88837301245137,0.4019890512730684,0.9991329577560102
8.0,2.0,64.0,100.0,32.0,2.0,0.01,1.0,240.0,0.0,"[1, 2, 9, 12, 13, 16, 17, 18, 24, 25, 28, 29, 30, 42, 45, 46, 50, 51]",25.444444444444443,15.539277196911996,-0.035001703,51.0,0.4521606349498286,0.999190472966874,"[1, 22, 25, 58, 61, 63]",38.333333333333336,23.6196716507425,-0.025628734,63.0,0.2428466527505532,0.9982327075934384,-0.025628734,196.0,"[1, 2, 4, 13, 19, 20, 23, 24, 25, 37, 38, 41, 42, 43, 59, 64, 69, 77, 81, 85, 86, 124, 128, 196]",54.208333333333336,45.59237798750527,0.3494133162706798,0.998941574041178
8.0,1.0,128.0,100.0,32.0,2.0,0.01,1.0,240.0,0.0,"[4, 5, 12, 23, 35, 36, 39, 40, 41, 42, 45, 46, 47, 48, 49, 50, 51, 53]",37.0,15.136416719656973,-0.019275632,53.0,0.259098789821279,0.9986037774167345,"[35, 50, 51, 69, 71, 73]",58.16666666666666,13.885444017227377,-0.0096283015,73.0,0.0563300480848553,0.9972264501944866,-0.0096283015,211.0,"[4, 5, 25, 53, 62, 70, 71, 74, 75, 76, 77, 82, 83, 84, 85, 86, 87, 88, 90, 168, 169, 207, 209, 211]",93.375,56.77133409565077,0.1530340264506233,0.9979476475663605
8.0,2.0,128.0,100.0,32.0,2.0,0.01,1.0,240.0,0.0,"[4, 7, 20, 30, 35, 36, 39, 40, 41, 42, 45, 46, 47, 48, 49, 50, 52, 53]",38.0,14.0,-0.02076013,53.0,0.2445834742190068,0.9985530056864338,"[35, 44, 45, 54, 56, 57]",48.5,7.88986691902975,-0.010331869,57.0,0.0682192644911943,0.9977168949771688,-0.010331869,175.0,"[4, 7, 37, 61, 65, 70, 71, 74, 75, 76, 77, 80, 81, 82, 83, 84, 85, 87, 88, 129, 135, 172, 174, 175]",86.33333333333333,43.18725377804068,0.1530356526115011,0.9981263428581096
8.0,1.0,32.0,100.0,32.0,2.0,0.0001,1.0,240.0,0.0,"[1, 3, 10, 18, 19, 20, 22, 23, 24, 27, 28, 29, 30, 38, 39, 44, 45, 51]",26.166666666666668,13.417443041719157,-0.03375084,51.0,0.4088507650174765,0.9991538044949904,"[4, 22, 24, 53, 57, 61]",36.833333333333336,21.27139445880834,-0.02714363,61.0,0.1212434571676029,0.9983088110941992,-0.02714363,132.0,"[1, 3, 8, 24, 36, 37, 38, 40, 41, 45, 46, 49, 50, 52, 53, 60, 62, 63, 74, 75, 87, 116, 123, 132]",54.79166666666666,33.31413509641549,0.2854958548599402,0.9989267708809147
8.0,2.0,32.0,100.0,32.0,2.0,0.0001,1.0,240.0,0.0,"[1, 2, 11, 12, 17, 18, 19, 20, 21, 22, 23, 24, 35, 46, 47, 48, 49, 50]",25.83333333333333,15.664006866415471,-0.034346208,50.0,0.4453897569081922,0.9991707284050906,"[1, 8, 9, 51, 60, 66]",32.5,26.973752674281965,-0.024933817,66.0,0.3060011883541295,0.9985286656519532,-0.024933817,203.0,"[1, 2, 3, 18, 19, 24, 25, 26, 27, 28, 29, 30, 31, 32, 34, 45, 73, 74, 75, 77, 78, 114, 183, 203]",52.125,50.79559733218356,0.3849552338314702,0.9989944424706898
8.0,1.0,64.0,100.0,32.0,2.0,0.0001,1.0,240.0,0.0,"[10, 13, 22, 29, 36, 37, 38, 39, 43, 44, 45, 46, 47, 48, 50, 51, 53, 54]",39.16666666666666,12.6414222125343,-0.022494083,54.0,0.2262323675781147,0.9984937720010832,"[35, 45, 46, 50, 51, 53]",46.66666666666666,5.9066817155564495,-0.011217461,53.0,0.0715800045293844,0.997809910366988,-0.011217461,172.0,"[26, 39, 56, 63, 64, 71, 72, 73, 74, 78, 79, 80, 81, 82, 83, 85, 86, 88, 89, 151, 152, 166, 167, 172]",90.70833333333331,39.30381572513737,0.1315347889908928,0.9980153191561352
8.0,2.0,64.0,100.0,32.0,2.0,0.0001,1.0,240.0,0.0,"[8, 10, 13, 18, 32, 34, 35, 36, 44, 45, 46, 47, 48, 49, 50, 51, 52, 53]",37.27777777777778,14.812928120603733,-0.02347251,53.0,0.2418579042232773,0.9985896741583176,"[35, 44, 51, 52, 53, 54]",48.16666666666666,6.718548123582125,-0.012568426,54.0,0.0692038856855727,0.997733806866227,-0.012568426,169.0,"[28, 32, 38, 43, 62, 67, 69, 70, 71, 79, 80, 81, 82, 83, 84, 85, 86, 87, 88, 149, 164, 166, 168, 169]",88.79166666666667,41.91457499751396,0.1343321689960199,0.998063958111286
8.0,1.0,128.0,100.0,32.0,2.0,0.0001,1.0,240.0,0.0,"[14, 15, 145, 151, 152, 153, 154, 155, 156, 157, 158, 159, 161, 162, 223, 224, 346, 467]",175.11111111111111,98.7859014282284,-0.00018620006,467.0,0.0613124137078671,0.9915916373318892,"[1, 36, 37, 39, 40, 41]",32.333333333333336,14.114610239826757,-0.0055857454,41.0,0.2517570337692288,0.9985371215964822,-0.00018620006,517.0,"[4, 44, 45, 47, 48, 49, 58, 60, 193, 200, 201, 202, 203, 204, 205, 206, 207, 208, 210, 211, 272, 273, 395, 517]",177.58333333333334,117.84450088522964,0.0856485570835239,0.9958107056455024
8.0,2.0,128.0,100.0,32.0,2.0,0.0001,1.0,240.0,0.0,"[4, 7, 15, 25, 38, 40, 41, 44, 45, 51, 54, 55, 57, 58, 60, 61, 62, 63]",43.333333333333336,18.393839548428527,-0.0053544394,63.0,0.2189479192226,0.9982822231248308,"[1, 38, 39, 40, 41, 42]",33.5,14.591664287073858,-0.008516808,42.0,0.2490605030399638,0.9984779299847794,-0.0053544394,110.0,"[3, 8, 20, 50, 60, 72, 73, 74, 75, 76, 81, 84, 85, 89, 90, 96, 101, 102, 104, 105, 107, 108, 109, 110]",78.41666666666667,30.2777650356752,0.1639783150088679,0.9983272428902537
8.0,1.0,16.0,100.0,32.0,2.0,0.001,1.0,240.0,0.0,"[1, 24, 32, 124, 125, 126, 127, 128, 238, 239, 247, 248, 249, 333, 334, 349, 350, 351]",201.38888888888889,115.27317259877796,-0.040164206,351.0,0.105205934350083,0.9902574690856576,"[1, 59, 137, 186, 339, 379]",183.5,137.46241910670227,-0.031394742,379.0,0.1846469814582211,0.9908675799086756,-0.031394742,940.0,"[1, 3, 57, 70, 182, 183, 184, 185, 186, 187, 321, 322, 332, 343, 344, 441, 490, 491, 521, 523, 524, 544, 861, 940]",343.125,237.67823356027648,0.1060510155270684,0.9916097802365124
8.0,2.0,16.0,100.0,32.0,2.0,0.001,1.0,240.0,0.0,"[1, 13, 76, 77, 78, 79, 80, 81, 83, 86, 254, 257, 258, 260, 261, 263, 264, 284]",153.05555555555554,100.59515794743372,-0.03723929,284.0,0.1259469902900086,0.992711436050185,"[1, 19, 62, 63, 98, 343]",97.66666666666669,114.16021879602174,-0.030552963,343.0,0.2142759062824202,0.9952223913411128,-0.030552963,864.0,"[1, 2, 27, 34, 95, 96, 97, 98, 99, 100, 102, 105, 260, 283, 342, 352, 353, 356, 359, 360, 363, 365, 411, 864]",230.16666666666663,192.3243065472716,0.1471861570941216,0.99447630648463
8.0,1.0,16.0,100.0,32.0,2.0,0.0001,1.0,240.0,1.0,"[1, 11, 92, 95, 98, 99, 102, 103, 104, 105, 168, 169, 170, 173, 174, 228, 229, 404]",140.27777777777777,87.93925021510624,-0.037381522,404.0,0.127480971466372,0.993360185937359,"[1, 57, 71, 72, 95, 436]",122.0,143.34806125883486,-0.03248612,436.0,0.1998816404696397,0.9939878234398782,-0.03248612,1031.0,"[1, 3, 25, 148, 151, 154, 155, 158, 159, 160, 161, 162, 227, 228, 229, 232, 233, 251, 252, 291, 353, 354, 659, 1031]",240.7083333333333,209.4575293400125,0.1243785210331581,0.9942087922313017
8.0,1.0,32.0,100.0,32.0,2.0,0.001,1.0,240.0,1.0,"[1, 2, 9, 11, 17, 20, 21, 22, 23, 24, 25, 27, 28, 41, 49, 50, 53, 54]",26.5,16.211278652702124,-0.033462718,54.0,0.4372560027137219,0.9991368805848904,"[1, 18, 19, 51, 66, 69]",37.333333333333336,25.952948879762307,-0.022823513,69.0,0.251691886333157,0.998283443260612,-0.022823513,150.0,"[1, 2, 3, 16, 18, 24, 27, 28, 29, 30, 31, 32, 34, 35, 57, 59, 60, 84, 86, 93, 94, 123, 147, 150]",52.625,42.73446355109655,0.3646895426615384,0.9989817540476068
8.0,2.0,32.0,100.0,32.0,2.0,0.001,1.0,240.0,1.0,"[1, 3, 15, 18, 20, 21, 22, 23, 24, 26, 28, 29, 30, 31, 32, 107, 111, 113]",36.333333333333336,34.11744421846396,-0.035860702,113.0,0.3764434698837516,0.9986376252369348,"[1, 19, 24, 44, 45, 163]",49.333333333333336,53.01781671182706,-0.02957935,163.0,0.2448488626443098,0.997674615254524,-0.02957935,435.0,"[1, 2, 4, 19, 34, 38, 39, 40, 41, 42, 43, 45, 47, 48, 49, 50, 51, 121, 132, 137, 141, 164, 165, 435]",78.66666666666667,89.20373061456317,0.2974423411086667,0.998320898678712
8.0,1.0,64.0,100.0,32.0,2.0,0.001,1.0,240.0,1.0,"[4, 9, 16, 29, 35, 36, 40, 41, 42, 43, 44, 47, 48, 50, 51, 52, 53, 54]",38.55555555555556,14.587750653743791,-0.01993417,54.0,0.2390931433390739,0.9985247991696,"[33, 47, 48, 54, 55, 72]",51.5,11.644025649805712,-0.009614508,72.0,0.0639454533514817,0.9975646879756468,-0.009614508,209.0,"[5, 20, 30, 59, 63, 70, 71, 75, 76, 77, 78, 79, 82, 83, 85, 86, 87, 88, 89, 142, 144, 172, 173, 209]",89.29166666666667,46.80676515087204,0.1411366134766581,0.9980512696882032
8.0,2.0,64.0,100.0,32.0,2.0,0.001,1.0,240.0,1.0,"[1, 2, 11, 14, 19, 20, 23, 24, 25, 27, 28, 29, 30, 43, 47, 49, 50, 51]",27.38888888888889,15.136926478313772,-0.035083223,51.0,0.4167606276513175,0.9990917501579564,"[1, 22, 23, 52, 57, 60]",35.833333333333336,21.84350907910377,-0.026415056,60.0,0.2476643747810795,0.9983595467613732,-0.026415056,129.0,"[1, 2, 3, 15, 18, 25, 26, 32, 33, 34, 43, 44, 45, 46, 61, 63, 67, 75, 78, 79, 80, 116, 124, 129]",51.625,35.996310574835306,0.34961122771688,0.9990071308937724
8.0,1.0,128.0,100.0,32.0,2.0,0.001,1.0,240.0,1.0,"[8, 13, 18, 19, 46, 47, 51, 56, 57, 60, 70, 71, 78, 79, 80, 83, 103, 164]",61.27777777777778,35.978088324786974,-0.0014475822,164.0,0.1599224223277051,0.997371152631104,"[4, 36, 37, 38, 40, 41]",32.666666666666664,12.931443160847214,-0.004989971,41.0,0.1272068763243346,0.9985202097074244,-0.0014475822,240.0,"[7, 22, 34, 49, 54, 59, 60, 63, 65, 68, 96, 97, 101, 106, 107, 110, 120, 121, 129, 130, 131, 134, 178, 240]",95.04166666666669,50.29453181565125,0.1286653197228286,0.9979053528227512
8.0,2.0,128.0,100.0,32.0,2.0,0.001,1.0,240.0,1.0,"[4, 5, 24, 33, 35, 36, 39, 40, 43, 44, 45, 46, 48, 49, 50, 52, 53, 54]",38.888888888888886,14.30962725226501,-0.019127367,54.0,0.2452905247306396,0.9985078752595,"[1, 41, 48, 52, 54, 56]",42.0,18.964879822099235,-0.009926891,56.0,0.2313231690772341,0.9980466768138002,-0.009926891,174.0,"[1, 5, 6, 59, 68, 70, 71, 74, 75, 78, 79, 80, 81, 83, 84, 85, 87, 88, 89, 127, 147, 165, 172, 174]",85.33333333333333,45.16605165632947,0.2053846804380768,0.9981517197042752
8.0,1.0,16.0,100.0,32.0,2.0,0.01,1.0,240.0,1.0,"[16, 17, 18, 20, 22, 23, 24, 25, 26, 43, 125, 126, 134, 158, 159, 160, 164, 165]",79.16666666666667,63.51662074694396,-0.057115074,165.0,0.1706737660091098,0.9964629027890604,"[39, 40, 41, 97, 117, 125]",76.5,37.44217764322298,-0.06046238,125.0,0.0467973189142412,0.9962962962962963,-0.057115074,338.0,"[54, 55, 56, 57, 58, 60, 61, 63, 64, 65, 66, 67, 98, 150, 237, 238, 243, 258, 261, 317, 328, 329, 337, 338]",160.83333333333334,112.93569950295708,0.0908651955767995,0.9962357678187757
8.0,2.0,16.0,100.0,32.0,2.0,0.01,1.0,240.0,1.0,"[16, 17, 18, 20, 22, 23, 24, 25, 26, 43, 125, 126, 134, 158, 159, 160, 164, 165]",79.16666666666667,63.51662074694396,-0.05716028,165.0,0.1706737660091098,0.9964629027890604,"[39, 40, 41, 97, 117, 125]",76.5,37.44217764322298,-0.060376484,125.0,0.0467973189142412,0.9962962962962962,-0.05716028,338.0,"[54, 55, 56, 57, 58, 60, 61, 63, 64, 65, 66, 67, 98, 150, 237, 238, 243, 258, 261, 317, 327, 328, 337, 338]",160.75,112.81225184644912,0.090882184728454,0.996237882555956
8.0,1.0,32.0,100.0,32.0,2.0,0.01,1.0,240.0,1.0,"[1, 72, 75, 78, 83, 84, 85, 86, 106, 107, 204, 229, 230, 231, 232, 264, 267, 442]",159.77777777777777,105.1758081370614,-0.03571934,442.0,0.1159779407808283,0.992370137196498,"[1, 39, 72, 101, 106, 338]",109.5,108.35551055053298,-0.030143714,338.0,0.1995789948259088,0.9946220192795536,-0.030143714,855.0,"[1, 3, 86, 93, 96, 101, 102, 103, 104, 144, 146, 147, 273, 300, 301, 302, 303, 304, 364, 366, 372, 373, 694, 855]",247.2083333333333,199.10842506171244,0.1223154463168309,0.9940438427312254
8.0,2.0,32.0,100.0,32.0,2.0,0.01,1.0,240.0,1.0,"[1, 72, 76, 78, 83, 84, 85, 86, 106, 107, 201, 229, 230, 231, 232, 266, 267, 290]",151.33333333333334,86.64615141802638,-0.036258116,290.0,0.1171539287082092,0.9927988762523692,"[1, 39, 72, 99, 102, 340]",108.83333333333331,109.11983728401032,-0.030236414,340.0,0.2000032375032375,0.9946558430576696,-0.030236414,867.0,"[1, 2, 86, 94, 96, 101, 102, 103, 104, 144, 146, 147, 262, 300, 301, 302, 305, 306, 364, 367, 368, 371, 455, 867]",237.25,183.29353734742887,0.1369772158446119,0.9942965538242908
8.0,2.0,16.0,100.0,32.0,2.0,0.0001,1.0,240.0,1.0,"[2, 68, 78, 80, 81, 82, 83, 84, 146, 152, 153, 154, 155, 157, 158, 164, 165, 189]",119.5,48.48968962573384,-0.037224405,189.0,0.1004146899043911,0.9944151096669376,"[1, 38, 48, 205, 229, 231]",125.33333333333331,97.74570180945156,-0.030979397,231.0,0.1970753101964528,0.9938187045492982,-0.030979397,631.0,"[1, 3, 86, 96, 101, 102, 103, 104, 105, 183, 184, 197, 198, 200, 201, 204, 205, 211, 212, 213, 258, 588, 629, 631]",208.9583333333333,167.34382748467962,0.1299340231124591,0.995014507097058
8.0,1.0,64.0,100.0,32.0,2.0,0.01,1.0,240.0,1.0,"[1, 3, 10, 13, 18, 19, 20, 22, 23, 25, 26, 27, 28, 38, 40, 46, 50, 51]",25.55555555555556,14.330318373691425,-0.03466745,51.0,0.4218699465873827,0.9991848316635076,"[1, 22, 24, 53, 55, 62]",36.16666666666666,21.950069602521893,-0.02607951,62.0,0.2465106789132961,0.9983426348723152,-0.02607951,132.0,"[1, 3, 4, 14, 17, 24, 25, 26, 32, 33, 41, 42, 44, 45, 59, 61, 62, 65, 73, 79, 80, 118, 121, 132]",50.04166666666666,35.961181810700026,0.3359801518302466,0.9990473109002012
8.0,2.0,64.0,100.0,32.0,2.0,0.01,1.0,240.0,1.0,"[1, 3, 10, 17, 18, 20, 21, 22, 23, 25, 26, 27, 28, 38, 47, 48, 50, 52]",26.444444444444443,14.840718095168,-0.03470332,52.0,0.4117109093013661,0.9991397012365736,"[1, 22, 27, 52, 55, 59]",36.0,21.007935008784973,-0.026237639,59.0,0.2452578808511011,0.9983510908168444,-0.026237639,129.0,"[1, 3, 4, 14, 25, 26, 33, 34, 38, 39, 42, 43, 44, 45, 59, 62, 65, 76, 77, 79, 81, 115, 121, 129]",52.29166666666666,34.907591302688814,0.3180922344372344,0.9989902129963288
8.0,1.0,128.0,100.0,32.0,2.0,0.01,1.0,240.0,1.0,"[1, 2, 108, 411, 1103, 1104, 1105, 3113, 3114, 3146, 3178, 3607, 3707, 4059, 4060, 4063, 4524, 4525]",2496.111111111112,1636.9531619203365,-11.803051,4525.0,0.116291750629799,0.8737504513042693,"[3, 12, 14, 488, 2167, 3960]",1107.3333333333333,1486.542932070544,-10.500503,3960.0,0.1210508207408432,0.9439962793844072,-10.500503,9051.0,"[3, 4, 8, 102, 104, 185, 649, 1274, 1781, 1782, 1784, 4238, 4239, 4281, 4367, 5258, 5521, 6202, 6246, 6247, 6257, 7347, 7348, 9051]",3511.583333333333,2833.436104753771,0.0584602967728687,0.9112043005295304
8.0,2.0,128.0,100.0,32.0,2.0,0.01,1.0,240.0,1.0,"[6, 7, 18, 20, 32, 36, 38, 40, 41, 42, 43, 44, 45, 46, 47, 48, 49, 50]",36.22222222222222,13.62414342080328,-0.029988768,50.0,0.2515326791755811,0.9986432665403016,"[17, 36, 38, 54, 70, 74]",48.16666666666666,20.00347192086636,-0.016091088,74.0,0.0699850299953499,0.9977338068662268,-0.016091088,198.0,"[12, 13, 27, 36, 38, 63, 71, 73, 75, 76, 77, 78, 79, 80, 81, 82, 83, 84, 85, 99, 101, 135, 189, 198]",80.625,43.671894566185244,0.1525787910418673,0.9982712023549716
8.0,1.0,32.0,100.0,32.0,2.0,0.0001,1.0,240.0,1.0,"[1, 2, 7, 9, 10, 11, 12, 14, 20, 21, 24, 25, 31, 32, 37, 49, 50, 52]",22.61111111111111,15.80133218325063,-0.033640362,52.0,0.519666240086747,0.999334326202726,"[1, 8, 13, 52, 53, 62]",31.5,24.62214450449026,-0.0255236,62.0,0.2914676873137007,0.9985794013191274,-0.0255236,133.0,"[1, 2, 6, 11, 16, 17, 18, 19, 21, 27, 28, 31, 32, 36, 43, 45, 55, 63, 85, 86, 88, 115, 116, 133]",45.583333333333336,37.838380720579934,0.3913021581343195,0.999160449339356
8.0,2.0,32.0,100.0,32.0,2.0,0.0001,1.0,240.0,1.0,"[1, 3, 9, 14, 15, 16, 17, 19, 24, 29, 30, 36, 37, 40, 41, 52, 53, 54]",27.22222222222222,16.280716458284683,-0.033861566,54.0,0.4111065979216507,0.9991002121130068,"[1, 26, 27, 52, 53, 58]",36.16666666666666,20.144616043885165,-0.026483612,58.0,0.2437908605768072,0.9983426348723152,-0.026483612,125.0,"[1, 2, 4, 20, 30, 31, 32, 33, 36, 45, 50, 51, 57, 58, 65, 66, 72, 74, 91, 93, 94, 115, 116, 125]",56.708333333333336,35.0968649676229,0.309537150093422,0.9988781319257642
8.0,1.0,64.0,100.0,32.0,2.0,0.0001,1.0,240.0,1.0,"[9, 11, 26, 32, 39, 40, 41, 42, 43, 44, 45, 46, 47, 48, 50, 51, 53, 54]",40.05555555555556,12.589555734029972,-0.022703562,54.0,0.2235404081332817,0.9984486415741494,"[35, 45, 46, 50, 51, 53]",46.66666666666666,5.9066817155564495,-0.011438415,53.0,0.0715800045293844,0.997809910366988,-0.011438415,168.0,"[24, 33, 60, 63, 67, 74, 75, 76, 77, 78, 79, 80, 81, 82, 83, 85, 86, 88, 89, 151, 152, 163, 164, 168]",90.75,38.54353599070364,0.1313883557710197,0.9980142617875452
8.0,2.0,64.0,100.0,32.0,2.0,0.0001,1.0,240.0,1.0,"[5, 7, 19, 23, 35, 36, 41, 42, 44, 45, 46, 47, 48, 49, 50, 51, 52, 53]",38.5,14.633485192833897,-0.023041604,53.0,0.2393756547734305,0.9985276198212836,"[1, 39, 40, 50, 51, 56]",39.5,18.246004128758347,-0.0119596105,56.0,0.2352440206851971,0.9981735159817352,-0.0119596105,180.0,"[2, 14, 19, 40, 48, 70, 71, 76, 77, 79, 80, 81, 82, 83, 84, 85, 86, 87, 88, 127, 128, 156, 164, 180]",83.625,42.9270820694815,0.1631202856512314,0.9981950718164746
8.0,1.0,128.0,100.0,32.0,2.0,0.0001,1.0,240.0,1.0,"[14, 21, 387, 390, 391, 392, 394, 396, 397, 404, 466, 467, 470, 471, 595, 1088, 1120, 1121]",499.1111111111111,305.9329790237087,-3.108194e-05,1121.0,0.0269520976977826,0.9751415967145048,"[1, 36, 37, 38, 39, 41]",32.0,13.9522996909709,-0.0052813576,41.0,0.2527410643585226,0.9985540334855404,-3.108194e-05,1174.0,"[4, 44, 45, 46, 47, 49, 63, 70, 436, 439, 440, 441, 443, 445, 446, 453, 516, 517, 520, 521, 645, 1139, 1173, 1174]",421.5,345.68241687036,0.0571421497816846,0.9896208699182866
8.0,2.0,128.0,100.0,32.0,2.0,0.0001,1.0,240.0,1.0,"[9, 10, 16, 24, 37, 38, 39, 40, 47, 48, 53, 54, 55, 56, 57, 58, 59, 60]",42.22222222222222,16.584985028484702,-0.00840638,60.0,0.2129881170362854,0.998338636158498,"[1, 38, 39, 40, 41, 42]",33.5,14.591664287073858,-0.0094045885,42.0,0.2490605030399638,0.9984779299847792,-0.00840638,102.0,"[4, 44, 45, 51, 59, 74, 75, 76, 77, 78, 79, 80, 81, 82, 89, 90, 95, 96, 97, 98, 99, 100, 101, 102]",78.0,22.85825890132492,0.1546082837419536,0.9983378165761558
8.0,1.0,16.0,100.0,32.0,2.0,0.001,1.0,240.0,1.0,"[1, 72, 75, 76, 80, 81, 82, 83, 108, 109, 253, 257, 258, 260, 261, 265, 266, 362]",163.83333333333334,102.17862898973652,-0.03696491,362.0,0.1149784397248007,0.9921642296236122,"[1, 39, 96, 99, 100, 362]",116.16666666666669,115.91292229754004,-0.030605692,362.0,0.1982517795535751,0.9942837814983934,-0.030605692,884.0,"[1, 3, 86, 93, 94, 98, 99, 100, 101, 144, 148, 149, 342, 351, 352, 354, 355, 358, 363, 364, 367, 368, 558, 884]",255.5,197.2080120076261,0.1209850479015426,0.9938334263817692
8.0,2.0,16.0,100.0,32.0,2.0,0.001,1.0,240.0,1.0,"[1, 10, 78, 79, 80, 81, 82, 83, 84, 85, 257, 258, 259, 260, 261, 267, 269, 304]",155.44444444444446,102.6938395978942,-0.037715096,304.0,0.1275148016566026,0.9925901480278004,"[1, 19, 92, 101, 104, 360]",112.83333333333331,117.6540361493061,-0.031186577,360.0,0.20703656728109,0.9944529003889734,-0.031186577,911.0,"[1, 2, 21, 96, 97, 98, 99, 100, 101, 102, 103, 104, 344, 349, 353, 354, 359, 360, 367, 370, 371, 373, 442, 911]",244.875,201.407818554792,0.1435005815188982,0.9941030553722784
8.0,1.0,16.0,100.0,32.0,2.0,0.0001,1.0,240.0,2.0,"[1, 9, 76, 77, 78, 79, 80, 81, 82, 83, 204, 206, 207, 209, 210, 345, 348, 399]",154.11111111111111,114.79299673222854,-0.036755044,399.0,0.1309078908709145,0.9926578436682012,"[1, 19, 72, 108, 269, 342]",135.16666666666666,127.09237672741124,-0.031179568,342.0,0.2033496803070598,0.993319803822087,-0.031179568,843.0,"[1, 4, 13, 94, 95, 96, 97, 98, 99, 100, 101, 102, 272, 279, 283, 284, 286, 287, 368, 510, 513, 602, 725, 843]",256.3333333333333,227.65336710788085,0.1267949983125891,0.9938122790099644
8.0,1.0,32.0,100.0,32.0,2.0,0.001,1.0,240.0,2.0,"[1, 2, 15, 18, 19, 21, 22, 23, 24, 26, 27, 28, 29, 40, 41, 48, 50, 51]",26.944444444444443,14.12827040693085,-0.035545997,51.0,0.418068803367553,0.9991143153714236,"[1, 18, 24, 56, 60, 61]",36.66666666666666,23.42126289412156,-0.025980901,61.0,0.2482056119351201,0.9983172670387284,-0.025980901,136.0,"[1, 2, 3, 19, 24, 27, 35, 36, 40, 41, 43, 44, 45, 46, 47, 59, 66, 67, 74, 76, 77, 126, 135, 136]",52.875,36.868360984273046,0.3398635737310906,0.9989754098360656
8.0,2.0,32.0,100.0,32.0,2.0,0.001,1.0,240.0,2.0,"[2, 3, 21, 23, 33, 35, 39, 40, 41, 42, 45, 46, 47, 48, 51, 52, 53, 54]",37.5,15.337861650177969,-0.034286067,54.0,0.280196751164999,0.998578391551584,"[1, 32, 35, 47, 51, 54]",36.66666666666666,17.838784213679535,-0.022918098,54.0,0.2404118325817324,0.9983172670387284,-0.022918098,362.0,"[1, 3, 4, 38, 40, 63, 65, 69, 70, 79, 80, 81, 82, 85, 86, 87, 88, 91, 92, 93, 94, 236, 241, 362]",92.91666666666669,78.69557202000348,0.2299743343046184,0.9979592786208528
8.0,1.0,64.0,100.0,32.0,2.0,0.001,1.0,240.0,2.0,"[5, 6, 24, 26, 35, 36, 41, 42, 43, 44, 45, 46, 47, 48, 50, 52, 53, 55]",38.77777777777778,14.316096440159608,-0.019574879,55.0,0.2398885193286341,0.9985135165628668,"[35, 39, 40, 55, 60, 61]",48.333333333333336,10.6092203085597,-0.010315073,61.0,0.0682124569419651,0.997725350921698,-0.010315073,196.0,"[18, 19, 58, 60, 68, 70, 71, 76, 77, 78, 79, 80, 81, 82, 83, 85, 87, 88, 92, 104, 109, 174, 185, 196]",88.33333333333333,41.91625248304316,0.1368586901515256,0.9980755891657784
8.0,2.0,64.0,100.0,32.0,2.0,0.001,1.0,240.0,2.0,"[1, 2, 14, 17, 18, 19, 20, 22, 23, 25, 26, 28, 29, 40, 43, 48, 49, 52]",26.444444444444443,14.499893571342064,-0.034731645,52.0,0.4265519466641229,0.9991397012365736,"[1, 25, 26, 43, 58, 62]",35.833333333333336,21.035023703866425,-0.025199873,62.0,0.24523149354978,0.9983595467613732,-0.025199873,196.0,"[1, 2, 3, 18, 23, 32, 33, 34, 36, 37, 42, 43, 47, 48, 61, 65, 66, 69, 76, 77, 82, 101, 129, 196]",55.04166666666666,42.31181785926428,0.3364424639600981,0.9989204266693736
8.0,1.0,128.0,100.0,32.0,2.0,0.001,1.0,240.0,2.0,"[7, 10, 23, 49, 50, 61, 66, 67, 71, 73, 74, 83, 85, 91, 92, 93, 94, 98]",65.94444444444444,27.550906865941865,-0.00096284586,98.0,0.1441384783512805,0.9971342178897012,"[1, 36, 39, 41, 42, 43]",33.666666666666664,14.78362457435779,-0.0045882184,43.0,0.2481036851428229,0.9984694740402502,-0.00096284586,193.0,"[1, 25, 33, 49, 53, 56, 59, 60, 68, 101, 102, 113, 126, 127, 131, 134, 135, 153, 155, 166, 174, 175, 176, 193]",106.875,54.18664695599215,0.1505931663891368,0.9976050601431254
8.0,2.0,128.0,100.0,32.0,2.0,0.001,1.0,240.0,2.0,"[4, 5, 17, 20, 39, 40, 41, 42, 43, 44, 45, 46, 47, 48, 50, 51, 53, 54]",38.27777777777778,15.252706701710194,-0.018686812,54.0,0.2507255309009398,0.9985389024280168,"[1, 39, 48, 49, 50, 78]",44.16666666666666,22.75534125333117,-0.010559318,78.0,0.2287229635443921,0.997936749534923,-0.010559318,223.0,"[1, 5, 6, 39, 45, 74, 75, 76, 77, 78, 79, 80, 81, 82, 83, 87, 88, 90, 91, 104, 154, 159, 165, 223]",85.08333333333333,50.0140952354656,0.207612697968449,0.9981580639158164
8.0,1.0,16.0,100.0,32.0,2.0,0.01,1.0,240.0,2.0,"[9, 18, 19, 21, 23, 26, 27, 28, 29, 34, 120, 122, 129, 140, 142, 143, 145, 146]",73.38888888888889,56.49694081087625,-0.05861393,146.0,0.1712480198379388,0.9967562505641304,"[39, 40, 41, 111, 114, 125]",78.33333333333333,38.57316280639803,-0.059712287,125.0,0.0461179070845309,0.9962032809064773,-0.05861393,276.0,"[35, 56, 57, 58, 59, 61, 63, 64, 68, 69, 70, 71, 80, 169, 233, 234, 236, 247, 262, 265, 270, 271, 275, 276]",147.875,95.41152642631812,0.0933438087661778,0.9965646094503376
8.0,2.0,16.0,100.0,32.0,2.0,0.01,1.0,240.0,2.0,"[9, 18, 19, 21, 23, 26, 27, 28, 29, 34, 120, 121, 129, 140, 143, 144, 145, 146]",73.44444444444444,56.5864355774246,-0.05861124,146.0,0.1712068474172333,0.996753429912447,"[39, 40, 41, 111, 113, 125]",78.16666666666667,38.42055294876544,-0.0597512,125.0,0.0461825968324997,0.9962117368510062,-0.05861124,276.0,"[35, 56, 57, 58, 59, 61, 63, 64, 68, 69, 70, 71, 80, 169, 232, 234, 235, 248, 262, 265, 272, 273, 275, 276]",148.0,95.59550198623364,0.0933063381839811,0.9965614373445668
8.0,1.0,32.0,100.0,32.0,2.0,0.01,1.0,240.0,2.0,"[1, 71, 75, 76, 79, 80, 81, 82, 105, 106, 227, 258, 259, 260, 261, 273, 346, 449]",171.61111111111111,118.14874753127889,-0.035695653,449.0,0.114310740275182,0.9917693383879412,"[1, 20, 125, 127, 162, 343]",129.66666666666666,111.92805228756949,-0.02961268,343.0,0.2006421619822087,0.993598849991544,-0.02961268,865.0,"[1, 3, 85, 93, 94, 97, 98, 100, 101, 106, 146, 147, 298, 351, 352, 353, 354, 394, 396, 420, 507, 508, 705, 865]",273.9166666666667,219.0905285999881,0.1200762696649743,0.9933660694648868
8.0,2.0,32.0,100.0,32.0,2.0,0.01,1.0,240.0,2.0,"[1, 72, 76, 77, 79, 80, 81, 82, 105, 106, 255, 258, 259, 260, 261, 273, 342, 452]",173.27777777777777,118.97983281751556,-0.035625387,452.0,0.1139433292962308,0.99168471883744,"[1, 20, 103, 104, 149, 341]",119.66666666666669,111.34580768438876,-0.029774155,341.0,0.2031233511585876,0.9941062066632844,-0.029774155,862.0,"[1, 2, 86, 94, 95, 97, 98, 100, 101, 106, 146, 147, 346, 351, 352, 353, 354, 366, 367, 411, 422, 499, 710, 862]",269.4166666666667,214.58582522824963,0.1343751654537585,0.993480265272632
8.0,2.0,16.0,100.0,32.0,2.0,0.0001,1.0,240.0,2.0,"[1, 69, 76, 77, 78, 79, 80, 81, 85, 86, 119, 121, 122, 123, 124, 213, 215, 361]",117.22222222222224,76.4275659661236,-0.036554687,361.0,0.1357518950792399,0.9945307563859556,"[1, 19, 52, 59, 60, 309]",83.33333333333333,103.24835215257542,-0.03159448,309.0,0.2222504808030041,0.9959496025706072,-0.03159448,798.0,"[1, 2, 83, 94, 95, 96, 97, 98, 99, 102, 105, 106, 169, 173, 179, 180, 181, 182, 183, 184, 299, 302, 547, 798]",181.4583333333333,168.07463103402077,0.1556077041004752,0.9957123703666108
8.0,1.0,64.0,100.0,32.0,2.0,0.01,1.0,240.0,2.0,"[1, 2, 8, 11, 17, 18, 21, 22, 23, 25, 26, 27, 28, 38, 39, 42, 48, 50]",24.77777777777778,14.04973529033181,-0.034627143,50.0,0.4525978258329517,0.9992243207870746,"[1, 25, 26, 57, 59, 61]",38.16666666666666,22.40845574529599,-0.025526425,61.0,0.2414444120717793,0.9982411635379672,-0.025526425,135.0,"[1, 2, 4, 12, 15, 21, 22, 28, 29, 30, 34, 35, 43, 44, 60, 63, 64, 65, 68, 74, 78, 125, 132, 135]",49.333333333333336,38.15720406715123,0.3634408562805178,0.9990652861662352
8.0,2.0,64.0,100.0,32.0,2.0,0.01,1.0,240.0,2.0,"[1, 2, 8, 12, 18, 19, 20, 23, 24, 25, 26, 27, 28, 38, 39, 45, 50, 51]",25.33333333333333,14.445299120013631,-0.03467483,51.0,0.4453428180388965,0.999196114270241,"[1, 25, 26, 58, 60, 61]",38.5,22.706460167391423,-0.02545931,61.0,0.2410073536161721,0.9982242516489092,-0.02545931,135.0,"[1, 2, 4, 12, 16, 24, 25, 26, 34, 35, 41, 42, 44, 45, 62, 63, 64, 65, 71, 76, 79, 127, 133, 135]",51.083333333333336,38.01964039224405,0.3494825662199428,0.9990208766854456
8.0,1.0,128.0,100.0,32.0,2.0,0.01,1.0,240.0,2.0,"[8, 12, 22, 31, 36, 41, 42, 43, 44, 45, 47, 48, 50, 51, 52, 53, 54, 55]",40.77777777777778,13.62414342080328,-0.02248634,55.0,0.2188622890365556,0.9984119731022656,"[1, 2, 3, 4, 39, 40]",14.833333333333334,17.468225121313523,-0.022171281,40.0,0.7130341880341879,0.9994249957720278,-0.022171281,95.0,"[1, 5, 7, 8, 12, 16, 42, 58, 68, 79, 80, 81, 82, 83, 85, 86, 88, 89, 90, 91, 92, 93, 94, 95]",63.54166666666666,34.062417176249966,0.2702688545422601,0.9987047234769664
8.0,2.0,128.0,100.0,32.0,2.0,0.01,1.0,240.0,2.0,"[4, 5, 18, 29, 35, 36, 41, 42, 43, 44, 45, 46, 47, 48, 50, 52, 53, 54]",38.44444444444444,14.788216864270396,-0.020083709,54.0,0.2481373426636644,0.9985304404729668,"[1, 36, 37, 49, 50, 52]",37.5,17.480942003603047,-0.010805249,52.0,0.2389423175137461,0.9982749873160832,-0.010805249,164.0,"[4, 5, 6, 21, 51, 70, 71, 76, 77, 78, 79, 80, 81, 82, 83, 85, 87, 88, 89, 117, 122, 157, 161, 164]",80.58333333333333,42.96986993489999,0.1829818929966483,0.9982722597235616
8.0,1.0,32.0,100.0,32.0,2.0,0.0001,1.0,240.0,2.0,"[1, 2, 6, 8, 9, 11, 12, 15, 18, 19, 24, 25, 31, 32, 45, 51, 52, 53]",23.0,16.937794687883336,-0.033440392,53.0,0.5274556705961155,0.9993145816409424,"[4, 9, 15, 53, 57, 64]",33.666666666666664,24.749859707795427,-0.025044298,64.0,0.1548605364301739,0.9984694740402502,-0.025044298,141.0,"[1, 2, 9, 10, 15, 16, 18, 19, 22, 26, 27, 28, 33, 34, 45, 51, 52, 81, 91, 92, 93, 119, 123, 141]",47.833333333333336,40.7294597176158,0.382920367999488,0.9991033514354836
8.0,2.0,32.0,100.0,32.0,2.0,0.0001,1.0,240.0,2.0,"[1, 3, 16, 19, 21, 22, 23, 24, 25, 27, 28, 29, 30, 40, 41, 46, 47, 49]",27.27777777777778,13.227939940207182,-0.0350942,49.0,0.3931440909463576,0.9990973914613231,"[4, 23, 24, 58, 60, 61]",38.333333333333336,22.32089205704428,-0.02700705,61.0,0.1187693380085913,0.9982327075934382,-0.02700705,130.0,"[1, 3, 8, 34, 37, 42, 43, 44, 45, 46, 48, 49, 50, 51, 60, 63, 70, 74, 82, 83, 85, 126, 128, 130]",58.41666666666666,34.24046907129373,0.2718018832223518,0.9988347798135648
8.0,1.0,64.0,100.0,32.0,2.0,0.0001,1.0,240.0,2.0,"[8, 9, 13, 14, 30, 36, 41, 42, 43, 44, 45, 46, 47, 48, 49, 50, 52, 54]",37.27777777777778,15.08791111215847,-0.023194404,54.0,0.2454511832445731,0.9985896741583176,"[27, 40, 41, 58, 59, 60]",47.5,12.365947867699695,-0.011681954,60.0,0.0689865081162663,0.997767630644343,-0.011681954,186.0,"[24, 27, 39, 40, 41, 65, 71, 76, 77, 78, 79, 80, 81, 82, 83, 84, 85, 87, 89, 121, 122, 183, 185, 186]",86.875,43.99271956812854,0.1383312611176573,0.9981125970664366
8.0,2.0,64.0,100.0,32.0,2.0,0.0001,1.0,240.0,2.0,"[8, 11, 15, 31, 34, 38, 39, 40, 43, 44, 45, 46, 47, 48, 49, 50, 53, 54]",38.61111111111112,13.585690547569564,-0.02274171,54.0,0.2315891868350166,0.9985219785179168,"[1, 38, 39, 55, 56, 60]",41.5,19.97289830411868,-0.010844228,60.0,0.231927940480572,0.9980720446473872,-0.010844228,187.0,"[4, 9, 19, 31, 66, 69, 73, 74, 75, 78, 79, 80, 81, 82, 83, 84, 85, 88, 89, 96, 97, 172, 174, 187]",82.29166666666667,44.12999656947893,0.1598320211370325,0.998228907611362
8.0,1.0,128.0,100.0,32.0,2.0,0.0001,1.0,240.0,2.0,"[13, 15, 17, 20, 206, 568, 569, 570, 578, 579, 580, 581, 582, 583, 584, 585, 586, 587]",433.5,238.67091476666263,-0.0008302638,587.0,0.0492322424646676,0.978472786352559,"[1, 36, 37, 38, 39, 40]",31.83333333333333,13.849388273694816,-0.0058688005,40.0,0.2533508204560836,0.9985624894300692,-0.0008302638,636.0,"[2, 44, 45, 46, 47, 48, 59, 62, 64, 67, 253, 617, 618, 619, 627, 628, 629, 630, 631, 632, 633, 634, 635, 636]",371.0833333333333,282.8002706072884,0.0787235391483056,0.9909002859124668
8.0,2.0,128.0,100.0,32.0,2.0,0.0001,1.0,240.0,2.0,"[4, 9, 15, 25, 37, 38, 39, 45, 47, 72, 74, 75, 76, 77, 78, 79, 88, 89]",53.72222222222222,27.43235226183281,-0.0048661474,89.0,0.1843054216227295,0.9977547612600416,"[7, 40, 41, 42, 43, 44]",36.16666666666666,13.107461827354507,-0.008246568,44.0,0.1023181126556055,0.9983426348723152,-0.0048661474,144.0,"[7, 11, 35, 50, 60, 74, 75, 76, 77, 79, 85, 86, 87, 93, 95, 121, 123, 124, 125, 126, 127, 128, 143, 144]",89.625,37.62070850387235,0.1351642110680768,0.9980428107394812
8.0,1.0,16.0,100.0,32.0,2.0,0.001,1.0,240.0,2.0,"[1, 15, 75, 77, 79, 80, 81, 82, 166, 167, 258, 263, 264, 298, 299, 436, 439, 450]",196.11111111111111,143.3391041043305,-0.03577917,450.0,0.1134098344630321,0.9905254309955772,"[1, 40, 130, 210, 243, 469]",182.16666666666663,154.11188215780842,-0.028523581,469.0,0.187582308464011,0.990935227464908,-0.028523581,1118.0,"[1, 2, 33, 93, 95, 97, 98, 100, 101, 142, 207, 208, 355, 372, 373, 422, 432, 433, 564, 678, 683, 687, 708, 1118]",333.4166666666667,282.7999759350925,0.1294539505660891,0.991856147118036
8.0,2.0,16.0,100.0,32.0,2.0,0.001,1.0,240.0,2.0,"[16, 24, 105, 106, 107, 108, 110, 111, 112, 113, 237, 238, 239, 241, 242, 407, 423, 439]",187.66666666666663,126.02468893920042,-0.036663596,439.0,0.0575510601080002,0.9909541700514488,"[1, 73, 145, 198, 215, 455]",181.16666666666663,142.52533887776664,-0.029591095,455.0,0.1841219271314513,0.990985963132082,-0.029591095,1055.0,"[1, 55, 66, 177, 178, 179, 180, 182, 183, 184, 185, 186, 349, 402, 410, 411, 413, 414, 446, 468, 668, 692, 733, 1055]",342.375,245.50658723341823,0.080272959646303,0.9916288128711364
8.0,1.0,16.0,100.0,32.0,2.0,0.0001,1.0,240.0,3.0,"[1, 63, 70, 78, 79, 80, 81, 82, 86, 87, 148, 151, 152, 153, 154, 162, 163, 181]",109.5,47.450851766152034,-0.036620878,181.0,0.1351828024321145,0.9949228269699432,"[1, 19, 34, 115, 181, 202]",92.0,79.08223567907018,-0.030858492,202.0,0.2142680567328884,0.9955098934550988,-0.030858492,565.0,"[1, 3, 67, 74, 96, 97, 98, 99, 100, 101, 110, 111, 178, 184, 185, 186, 187, 188, 197, 198, 257, 378, 516, 565]",174.0,135.8773957163835,0.1410306458167331,0.9959016393442623
8.0,1.0,32.0,100.0,32.0,2.0,0.001,1.0,240.0,3.0,"[1, 2, 10, 13, 19, 20, 21, 22, 25, 26, 30, 31, 41, 44, 45, 46, 49, 51]",27.55555555555556,15.301496739506751,-0.034425374,51.0,0.4163713174315041,0.9990832882029064,"[1, 8, 12, 51, 53, 61]",31.0,24.40628334398064,-0.026079537,61.0,0.2951886084880389,0.9986047691527142,-0.026079537,132.0,"[1, 2, 3, 17, 20, 26, 27, 28, 29, 32, 33, 37, 38, 41, 49, 54, 60, 76, 78, 81, 85, 114, 116, 132]",49.125,35.85888139638492,0.3645864887591892,0.9990705730091864
8.0,2.0,32.0,100.0,32.0,2.0,0.001,1.0,240.0,3.0,"[1, 2, 16, 19, 20, 21, 22, 25, 26, 30, 31, 34, 35, 40, 45, 50, 51, 52]",28.88888888888889,14.715407227682936,-0.034574974,52.0,0.3951140399718498,0.9990155925625056,"[1, 20, 24, 53, 54, 64]",36.0,22.442519169350547,-0.02640548,64.0,0.2478023817843,0.9983510908168444,-0.02640548,192.0,"[1, 2, 3, 20, 29, 32, 38, 39, 42, 43, 47, 48, 51, 52, 56, 63, 66, 71, 78, 79, 87, 117, 118, 192]",57.25,41.27474005571285,0.3230313898008732,0.9988643861340912
8.0,1.0,64.0,100.0,32.0,2.0,0.001,1.0,240.0,3.0,"[3, 7, 24, 33, 35, 36, 41, 42, 43, 44, 45, 46, 47, 48, 49, 50, 53, 54]",38.888888888888886,14.007493585335313,-0.019376986,54.0,0.2441250148533989,0.9985078752595,"[7, 66, 67, 68, 69, 70]",57.833333333333336,22.76998511686431,-0.010582621,70.0,0.0724896459675251,0.9972433620835448,-0.010582621,202.0,"[3, 13, 14, 52, 68, 70, 71, 76, 77, 78, 79, 80, 81, 82, 83, 84, 87, 90, 91, 195, 197, 198, 201, 202]",94.66666666666669,58.24278686860908,0.1491080839644683,0.9979148691400632
8.0,2.0,64.0,100.0,32.0,2.0,0.001,1.0,240.0,3.0,"[1, 2, 11, 17, 19, 20, 21, 22, 23, 25, 26, 28, 29, 38, 39, 40, 41, 52]",25.22222222222222,13.027985072977646,-0.034320515,52.0,0.437610258192448,0.9992017555736078,"[1, 22, 26, 56, 57, 58]",36.66666666666666,21.76898915634093,-0.026348678,58.0,0.2448149753049934,0.9983172670387284,-0.026348678,125.0,"[1, 2, 3, 15, 26, 31, 32, 33, 39, 40, 42, 43, 45, 46, 59, 63, 64, 65, 66, 67, 82, 122, 123, 125]",51.41666666666666,34.39587749845741,0.3440318161381792,0.9990124177367236
8.0,1.0,128.0,100.0,32.0,2.0,0.001,1.0,240.0,3.0,"[9, 12, 13, 14, 15, 16, 21, 27, 28, 29, 30, 32, 37, 39, 40, 42, 43, 59]",28.11111111111111,13.228289924286798,-0.002492458,59.0,0.3254447235167819,0.9990550816860728,"[1, 37, 38, 39, 40, 41]",32.666666666666664,14.220486005134362,-0.005313647,41.0,0.2511511647423072,0.9985202097074244,-0.002492458,108.0,"[4, 44, 46, 47, 50, 51, 52, 53, 54, 55, 56, 57, 65, 71, 72, 73, 76, 78, 83, 86, 87, 89, 90, 108]",64.45833333333333,21.09300667414571,0.1859165863729961,0.9986814613679812
8.0,2.0,128.0,100.0,32.0,2.0,0.001,1.0,240.0,3.0,"[4, 5, 30, 31, 39, 40, 41, 42, 43, 44, 45, 46, 47, 48, 50, 52, 53, 54]",39.66666666666666,13.972194610089792,-0.019221127,54.0,0.242301722284122,0.9984683861359328,"[1, 39, 40, 72, 73, 76]",50.16666666666666,26.80433215400492,-0.009712474,76.0,0.2215463543239318,0.9976323355318788,-0.009712474,212.0,"[1, 5, 6, 65, 66, 74, 75, 76, 77, 78, 79, 80, 81, 82, 83, 85, 89, 90, 91, 96, 97, 202, 207, 212]",87.375,52.38941726786686,0.2063784625536492,0.9980999086433536
8.0,1.0,16.0,100.0,32.0,2.0,0.01,1.0,240.0,3.0,"[16, 17, 18, 20, 21, 22, 23, 24, 25, 45, 120, 121, 137, 156, 157, 158, 159, 160]",77.72222222222223,62.29660732295633,-0.057810012,160.0,0.1746757292489678,0.996536239732828,"[39, 40, 41, 113, 121, 129]",80.5,40.76661215586434,-0.060490664,129.0,0.0453406548989003,0.9960933536276002,-0.057810012,317.0,"[54, 55, 56, 57, 59, 60, 61, 62, 63, 64, 65, 67, 138, 232, 233, 234, 246, 265, 270, 307, 314, 315, 316, 317]",162.91666666666666,108.9181331194316,0.0888483303917784,0.996182899389264
8.0,2.0,16.0,100.0,32.0,2.0,0.01,1.0,240.0,3.0,"[16, 17, 18, 20, 21, 22, 23, 24, 25, 45, 122, 125, 137, 157, 158, 159, 176, 177]",80.11111111111111,65.36469390945346,-0.057640634,177.0,0.1731128484374862,0.9964149517104433,"[39, 40, 41, 113, 121, 143]",82.83333333333333,43.76610814571273,-0.060196932,143.0,0.0445817239074111,0.995974970404194,-0.057640634,358.0,"[54, 55, 56, 57, 58, 60, 61, 62, 63, 64, 65, 67, 138, 234, 235, 241, 248, 265, 299, 308, 315, 316, 357, 358]",168.16666666666666,115.9574874205581,0.0877247481380348,0.9960496709468948
8.0,1.0,32.0,100.0,32.0,2.0,0.01,1.0,240.0,3.0,"[1, 72, 75, 77, 79, 80, 81, 82, 103, 105, 253, 258, 259, 260, 261, 264, 265, 452]",168.16666666666666,113.73910204205647,-0.035227377,452.0,0.1150473011001821,0.9919442187923098,"[1, 19, 94, 99, 105, 287]",100.83333333333331,92.54623469139928,-0.031580113,287.0,0.2076845104799656,0.9950617283950618,-0.031580113,752.0,"[1, 3, 86, 93, 95, 97, 98, 99, 100, 101, 143, 145, 346, 351, 353, 354, 357, 358, 361, 363, 364, 373, 711, 752]",254.3333333333333,195.396320902473,0.1223257971288221,0.9938630327022956
8.0,2.0,32.0,100.0,32.0,2.0,0.01,1.0,240.0,3.0,"[1, 72, 75, 77, 79, 80, 81, 82, 104, 105, 254, 258, 259, 260, 261, 264, 268, 451]",168.38888888888889,113.75467701685884,-0.035467897,451.0,0.114956125449375,0.9919329361855764,"[1, 19, 97, 99, 101, 313]",105.0,101.31798129322029,-0.03132786,313.0,0.2075448854864759,0.9948503297818364,-0.03132786,803.0,"[1, 3, 86, 93, 95, 97, 98, 99, 100, 101, 144, 145, 347, 354, 355, 356, 357, 358, 362, 364, 365, 369, 710, 803]",256.75,201.00751437031727,0.1221889143307242,0.9938017053240624
8.0,2.0,16.0,100.0,32.0,2.0,0.0001,1.0,240.0,3.0,"[3, 64, 73, 84, 145, 146, 147, 148, 149, 151, 152, 156, 157, 160, 161, 164, 165, 168]",132.94444444444446,44.19963828688373,-0.038658578,168.0,0.083436606838701,0.9937325119595632,"[1, 29, 33, 148, 192, 216]",103.16666666666669,85.14187506091751,-0.031657986,216.0,0.2067868466036569,0.9949433451716556,-0.031657986,603.0,"[3, 4, 65, 87, 112, 173, 174, 175, 176, 177, 181, 182, 184, 186, 190, 191, 194, 195, 199, 200, 203, 455, 560, 603]",202.875,141.02639011310376,0.0942435551178711,0.9951688829112318
8.0,1.0,64.0,100.0,32.0,2.0,0.01,1.0,240.0,3.0,"[1, 2, 11, 17, 19, 20, 21, 22, 23, 26, 27, 28, 29, 38, 40, 42, 43, 52]",25.61111111111111,13.36304559800351,-0.034115713,52.0,0.4332054057405482,0.9991820110118244,"[1, 18, 26, 53, 56, 58]",35.333333333333336,21.676920650518813,-0.026393097,58.0,0.2491169024594529,0.9983849145949604,-0.026393097,125.0,"[1, 2, 3, 15, 28, 31, 32, 33, 34, 35, 43, 44, 45, 46, 49, 63, 64, 66, 68, 69, 82, 119, 122, 125]",50.79166666666666,34.21132751817088,0.3474341520751888,0.9990282782655772
8.0,2.0,64.0,100.0,32.0,2.0,0.01,1.0,240.0,3.0,"[11, 12, 30, 37, 38, 39, 40, 41, 42, 43, 44, 45, 46, 47, 48, 49, 53, 54]",39.94444444444444,11.520379151853865,-0.035468183,54.0,0.2238367630492465,0.998454282877516,"[35, 36, 37, 38, 39, 40]",37.5,1.707825127659933,-0.042391848,40.0,0.0914460585513217,0.9982749873160832,-0.035468183,102.0,"[42, 46, 47, 48, 49, 50, 58, 63, 70, 81, 82, 84, 85, 86, 87, 88, 89, 90, 92, 93, 94, 96, 101, 102]",75.95833333333333,19.494612859853245,0.1520068035208117,0.9983896276370772
8.0,1.0,128.0,100.0,32.0,2.0,0.01,1.0,240.0,3.0,"[5, 6, 31, 33, 35, 37, 38, 39, 40, 43, 46, 47, 48, 49, 50, 51, 52, 53]",39.05555555555556,13.554303220839836,-0.01802338,53.0,0.2391683798383036,0.99849941330445,"[1, 66, 68, 69, 70, 72]",57.66666666666666,25.40778533354601,-0.010212038,72.0,0.2145255994360853,0.9972518180280736,-0.010212038,204.0,"[1, 6, 7, 66, 68, 70, 74, 75, 76, 77, 80, 83, 84, 85, 86, 87, 88, 91, 92, 194, 199, 201, 202, 204]",95.66666666666669,59.23235789855256,0.1908656131938991,0.9978894922938976
8.0,2.0,128.0,100.0,32.0,2.0,0.01,1.0,240.0,3.0,"[4, 5, 17, 32, 37, 40, 41, 42, 43, 44, 46, 47, 49, 50, 51, 52, 53, 54]",39.27777777777778,14.980748963458831,-0.019207563,54.0,0.2444712677432239,0.9984881306977164,"[27, 44, 45, 69, 72, 73]",55.0,17.3877351409933,-0.009910473,73.0,0.0597942481528941,0.9973871131405376,-0.009910473,208.0,"[6, 7, 32, 48, 67, 72, 75, 76, 77, 78, 79, 81, 82, 84, 85, 86, 87, 88, 89, 130, 132, 202, 206, 208]",90.70833333333331,51.757832874733936,0.1463323490162263,0.9980153191561352
8.0,1.0,32.0,100.0,32.0,2.0,0.0001,1.0,240.0,3.0,"[1, 3, 11, 14, 15, 17, 18, 24, 27, 32, 33, 34, 35, 40, 41, 48, 53, 54]",27.77777777777778,15.608244102096084,-0.033980954,54.0,0.3979613279007358,0.999072005596173,"[4, 22, 23, 53, 57, 64]",37.16666666666666,21.9652503337026,-0.02556655,64.0,0.1213808116461013,0.9982918992051412,-0.02556655,195.0,"[1, 3, 10, 22, 31, 32, 34, 35, 43, 46, 53, 54, 55, 56, 57, 58, 70, 74, 84, 93, 94, 119, 124, 195]",60.125,42.39822372458544,0.2722482192170871,0.9987914277013652
8.0,2.0,32.0,100.0,32.0,2.0,0.0001,1.0,240.0,3.0,"[2, 3, 12, 15, 16, 17, 18, 19, 28, 29, 33, 34, 35, 46, 47, 48, 53, 54]",28.27777777777778,16.103158957020256,-0.033814088,54.0,0.367115819107869,0.9990466197310228,"[1, 22, 26, 59, 65, 70]",40.5,25.57831112485733,-0.023816438,70.0,0.2394546131834267,0.9981227803145613,-0.023816438,209.0,"[2, 3, 4, 23, 26, 27, 28, 34, 35, 49, 50, 54, 55, 56, 57, 64, 80, 83, 84, 93, 94, 130, 137, 209]",61.54166666666666,46.87481481444902,0.2716048214717571,0.9987554771692976
8.0,1.0,64.0,100.0,32.0,2.0,0.0001,1.0,240.0,3.0,"[10, 11, 20, 23, 35, 36, 42, 43, 44, 45, 46, 47, 49, 50, 51, 52, 53, 54]",39.5,13.776993705288376,-0.02026752,54.0,0.2254627114143582,0.9984768480909828,"[35, 39, 40, 50, 51, 54]",44.833333333333336,7.104380495315705,-0.010737406,54.0,0.0740006344418109,0.9979029257568072,-0.010737406,169.0,"[44, 45, 47, 55, 58, 70, 71, 77, 78, 79, 80, 81, 82, 84, 85, 86, 87, 88, 89, 132, 133, 163, 164, 169]",89.45833333333333,35.603112184501825,0.1323390603344532,0.9980470402138422
8.0,2.0,64.0,100.0,32.0,2.0,0.0001,1.0,240.0,3.0,"[4, 5, 22, 28, 34, 35, 39, 40, 41, 42, 43, 44, 47, 48, 49, 50, 51, 53]",37.5,14.048527008591012,-0.02274135,53.0,0.2525072046381702,0.998578391551584,"[1, 40, 41, 54, 57, 58]",41.833333333333336,19.62495576781993,-0.01112052,58.0,0.2314020633148457,0.9980551327583292,-0.01112052,178.0,"[1, 5, 6, 49, 63, 69, 70, 74, 75, 76, 77, 78, 79, 82, 83, 84, 85, 86, 88, 137, 139, 171, 174, 178]",84.54166666666667,46.55371374969873,0.2070951103871811,0.9981718097074896
8.0,1.0,128.0,100.0,32.0,2.0,0.0001,1.0,240.0,3.0,"[10, 15, 24, 147, 152, 153, 155, 159, 222, 223, 405, 406, 432, 433, 583, 584, 707, 708]",306.55555555555554,224.94449246727072,-1.8549354e-05,708.0,0.0485916448395563,0.9849179754490478,"[1, 14, 15, 21, 33, 34]",19.666666666666668,11.455226851626389,-0.0059552067,34.0,0.3102198455139632,0.9991797733806866,-1.8549354e-05,853.0,"[2, 18, 19, 25, 39, 40, 52, 60, 71, 196, 201, 202, 204, 208, 271, 272, 454, 455, 482, 483, 655, 656, 852, 853]",282.0833333333333,262.1727987204029,0.0959270940512282,0.9931588252212016
8.0,2.0,128.0,100.0,32.0,2.0,0.0001,1.0,240.0,3.0,"[6, 10, 24, 27, 35, 36, 38, 39, 40, 41, 42, 48, 49, 51, 52, 53, 57, 60]",39.333333333333336,14.51436070471816,-0.006056938,60.0,0.2286914401282696,0.9984853100460332,"[1, 38, 39, 42, 43, 44]",34.5,15.129992289048486,-0.008422504,44.0,0.2462392428732698,0.9984271943176052,-0.006056938,109.0,"[4, 27, 43, 59, 62, 72, 73, 76, 77, 78, 79, 80, 83, 84, 86, 87, 89, 97, 98, 100, 101, 102, 106, 109]",78.0,24.50510150968569,0.1545646613173136,0.998337816576156
8.0,1.0,16.0,100.0,32.0,2.0,0.001,1.0,240.0,3.0,"[1, 74, 76, 77, 79, 80, 81, 82, 103, 105, 255, 257, 258, 260, 261, 264, 270, 451]",168.55555555555554,113.70049458615296,-0.035383403,451.0,0.1149179310904982,0.9919244742305262,"[1, 19, 98, 104, 127, 330]",113.16666666666669,107.21538550454822,-0.030965189,330.0,0.2053148063627017,0.9944359884999152,-0.030965189,850.0,"[1, 3, 92, 94, 95, 97, 98, 99, 100, 101, 143, 145, 346, 350, 351, 353, 354, 359, 367, 368, 389, 399, 709, 850]",260.9583333333333,207.4127284680368,0.1217146834067637,0.9936949110964488
8.0,2.0,16.0,100.0,32.0,2.0,0.001,1.0,240.0,3.0,"[16, 25, 108, 134, 135, 136, 137, 138, 139, 141, 227, 232, 233, 234, 235, 239, 240, 413]",175.66666666666666,89.34701387785094,-0.04046712,413.0,0.0560580120345184,0.9915634308150556,"[1, 110, 111, 164, 165, 339]",148.33333333333334,101.198924017117,-0.03903906,339.0,0.1862668724097603,0.9926517842042956,-0.03903906,850.0,"[1, 55, 71, 180, 242, 244, 245, 246, 247, 248, 249, 250, 252, 380, 395, 396, 397, 398, 402, 403, 404, 405, 673, 850]",318.0416666666667,178.17956279332998,0.0795519273096689,0.9922463161278318
8.0,1.0,16.0,100.0,32.0,2.0,0.0001,1.0,240.0,4.0,"[1, 69, 72, 74, 76, 77, 79, 80, 85, 86, 100, 163, 164, 165, 166, 187, 188, 196]",112.66666666666669,54.19922098661157,-0.03649475,196.0,0.1344330581881647,0.9947620498239912,"[1, 19, 34, 59, 60, 316]",81.5,106.92793523365788,-0.030889349,316.0,0.2272692895478934,0.996042617960426,-0.030889349,808.0,"[1, 3, 73, 82, 84, 90, 91, 95, 96, 100, 104, 105, 131, 196, 197, 198, 200, 201, 242, 243, 253, 254, 281, 808]",172.0,153.7747270089161,0.1429517649387925,0.9959523930365936
8.0,1.0,32.0,100.0,32.0,2.0,0.001,1.0,240.0,4.0,"[1, 2, 8, 13, 14, 15, 20, 21, 27, 32, 33, 35, 36, 42, 51, 52, 53, 54]",28.27777777777778,17.10037542003604,-0.03333412,54.0,0.419780590567679,0.9990466197310228,"[1, 32, 36, 56, 59, 63]",41.16666666666666,21.3652105588085,-0.024733424,63.0,0.2328742937853107,0.9980889565364452,-0.024733424,141.0,"[1, 2, 3, 15, 20, 21, 22, 27, 28, 34, 39, 40, 42, 43, 56, 78, 84, 91, 92, 93, 94, 121, 130, 141]",54.875,41.14234689870442,0.3495112568500664,0.9989246561437344
8.0,2.0,32.0,100.0,32.0,2.0,0.001,1.0,240.0,4.0,"[1, 3, 14, 19, 20, 21, 22, 23, 27, 31, 32, 35, 36, 37, 38, 48, 54, 71]",29.55555555555556,16.677403948730625,-0.034964863,71.0,0.3764666385017432,0.9989817447423052,"[1, 19, 24, 84, 227, 228]",97.16666666666669,95.61976202066646,-0.029031953,228.0,0.2210374044509217,0.9952477591746998,-0.029031953,582.0,"[1, 2, 4, 18, 37, 38, 39, 40, 41, 45, 46, 50, 51, 54, 55, 59, 60, 71, 72, 90, 127, 212, 581, 582]",98.95833333333331,151.5037070961925,0.2944196329419988,0.9978059601752692
8.0,1.0,64.0,100.0,32.0,2.0,0.001,1.0,240.0,4.0,"[6, 7, 22, 30, 35, 38, 39, 40, 43, 44, 45, 46, 47, 48, 51, 52, 53, 54]",38.888888888888886,13.95583863831785,-0.01930135,54.0,0.2355236304049217,0.9985078752595,"[35, 39, 40, 52, 53, 54]",45.5,7.675719293112969,-0.010006026,54.0,0.0728712150881962,0.9978691019786908,-0.010006026,173.0,"[6, 7, 52, 64, 68, 70, 73, 74, 75, 78, 79, 80, 81, 82, 83, 86, 87, 88, 89, 124, 125, 170, 172, 173]",86.91666666666667,41.06591923021111,0.148315682341253,0.9981115396978464
8.0,2.0,64.0,100.0,32.0,2.0,0.001,1.0,240.0,4.0,"[1, 3, 16, 17, 18, 21, 22, 23, 24, 25, 26, 28, 29, 40, 42, 50, 51, 52]",27.11111111111111,14.479444774840449,-0.034411013,52.0,0.4001632114098308,0.9991058534163736,"[1, 22, 23, 54, 55, 58]",35.5,21.437894797142125,-0.02677794,58.0,0.2482958857271701,0.9983764586504312,-0.02677794,125.0,"[1, 2, 4, 20, 23, 28, 37, 38, 40, 41, 42, 43, 47, 48, 57, 60, 63, 65, 78, 81, 82, 120, 122, 125]",52.79166666666666,34.39231886951245,0.3257939630398214,0.998977524573246
8.0,1.0,128.0,100.0,32.0,2.0,0.001,1.0,240.0,4.0,"[12, 13, 19, 20, 26, 27, 28, 31, 32, 34, 36, 37, 41, 42, 45, 56, 60, 410]",53.833333333333336,87.30867972633395,-0.0005330773,410.0,0.2463100068223215,0.9977491199566748,"[1, 19, 20, 37, 43, 44]",27.33333333333333,15.456030825826172,-0.004530573,44.0,0.2693356620223205,0.9987907999323524,-0.0005330773,518.0,"[2, 25, 26, 36, 37, 51, 61, 62, 63, 64, 72, 73, 74, 77, 78, 81, 83, 84, 91, 92, 95, 108, 112, 518]",86.04166666666667,93.83828250713503,0.1763896996182553,0.9981337444382412
8.0,2.0,128.0,100.0,32.0,2.0,0.001,1.0,240.0,4.0,"[4, 5, 29, 31, 34, 36, 37, 38, 41, 42, 45, 46, 47, 48, 51, 52, 53, 54]",38.5,14.056433876817168,-0.01904861,54.0,0.2474677555958777,0.9985276198212836,"[1, 39, 40, 54, 75, 76]",47.5,25.5,-0.009908421,76.0,0.2243283600739741,0.997767630644343,-0.009908421,222.0,"[1, 6, 7, 61, 63, 70, 72, 73, 74, 77, 78, 81, 82, 83, 84, 87, 88, 91, 92, 93, 96, 172, 221, 222]",86.41666666666667,52.56418034703438,0.2018581550184126,0.998124228120929
8.0,1.0,16.0,100.0,32.0,2.0,0.01,1.0,240.0,4.0,"[10, 18, 19, 21, 25, 26, 27, 29, 30, 38, 120, 121, 133, 142, 143, 144, 153, 154]",75.16666666666667,57.708318291213445,-0.058693606,154.0,0.1657957243476071,0.9966659897102628,"[39, 40, 41, 111, 113, 124]",78.0,38.21866908549625,-0.060586963,124.0,0.0462471129615319,0.9962201927955352,-0.058693606,297.0,"[29, 56, 57, 58, 59, 61, 65, 66, 67, 68, 70, 71, 84, 166, 232, 233, 234, 256, 257, 270, 273, 274, 296, 297]",149.95833333333334,98.5568698631517,0.0925642070606689,0.9965117410208258
8.0,2.0,16.0,100.0,32.0,2.0,0.01,1.0,240.0,4.0,"[9, 18, 19, 21, 25, 27, 28, 29, 30, 37, 120, 122, 130, 142, 144, 145, 160, 161]",75.94444444444444,58.81654361205813,-0.05859488,161.0,0.1652096906197443,0.9966265005866954,"[27, 40, 41, 111, 113, 124]",76.0,40.45573712919673,-0.060874965,124.0,0.0481464481942005,0.9963216641298832,-0.05859488,310.0,"[28, 37, 57, 58, 59, 61, 62, 66, 68, 69, 70, 71, 83, 166, 232, 233, 235, 250, 257, 271, 278, 279, 309, 310]",150.375,101.50320705114034,0.0931406219221554,0.9965011673349236
8.0,1.0,32.0,100.0,32.0,2.0,0.01,1.0,240.0,4.0,"[1, 72, 75, 76, 77, 78, 79, 80, 103, 104, 255, 257, 258, 259, 260, 352, 354, 453]",177.38888888888889,125.3905626826698,-0.03547181,453.0,0.1139054058471789,0.9914759906128712,"[1, 19, 95, 105, 111, 385]",119.33333333333331,126.17140017540514,-0.029558115,385.0,0.2059278006646427,0.9941231185523424,-0.029558115,943.0,"[1, 3, 76, 93, 94, 95, 96, 97, 98, 101, 142, 144, 347, 350, 351, 352, 353, 356, 367, 380, 535, 549, 710, 943]",276.375,230.92690266619,0.1209601461299681,0.9933036847180632
8.0,2.0,32.0,100.0,32.0,2.0,0.01,1.0,240.0,4.0,"[1, 72, 75, 77, 78, 79, 80, 81, 103, 104, 255, 258, 259, 260, 261, 352, 354, 451]",177.77777777777777,125.07178185859492,-0.035622302,451.0,0.1135856806435226,0.9914562460510876,"[1, 19, 94, 100, 106, 357]",112.83333333333331,116.54386394067352,-0.029954366,357.0,0.2068590975869314,0.9944529003889734,-0.029954366,880.0,"[1, 3, 78, 93, 95, 96, 97, 98, 99, 101, 142, 143, 347, 351, 352, 353, 354, 355, 362, 369, 535, 546, 707, 880]",273.2083333333333,222.71468653239333,0.1209494466820244,0.9933840447309208
8.0,2.0,16.0,100.0,32.0,2.0,0.0001,1.0,240.0,4.0,"[1, 10, 76, 77, 78, 79, 80, 81, 141, 142, 227, 263, 264, 265, 266, 276, 441, 442]",178.27777777777777,129.62330275565404,-0.037295215,442.0,0.1206706866310061,0.9914308601859374,"[1, 20, 75, 119, 248, 424]",147.83333333333334,147.3877162075893,-0.029566089,424.0,0.2013209465161597,0.9926771520378828,-0.029566089,1049.0,"[1, 4, 24, 94, 95, 96, 97, 98, 99, 160, 161, 162, 301, 302, 369, 370, 371, 372, 394, 395, 684, 685, 692, 1049]",294.7916666666667,258.7708090129608,0.1142428458413262,0.9928363278011808
8.0,1.0,64.0,100.0,32.0,2.0,0.01,1.0,240.0,4.0,"[1, 3, 16, 17, 18, 21, 22, 23, 24, 25, 26, 27, 28, 38, 40, 50, 51, 52]",26.77777777777778,14.269452825901114,-0.034310494,52.0,0.4039575391832873,0.9991227773264736,"[1, 22, 23, 58, 59, 60]",37.16666666666666,22.98852370688953,-0.025933627,60.0,0.245842525578505,0.9982918992051412,-0.025933627,130.0,"[1, 3, 4, 20, 23, 26, 35, 36, 39, 40, 42, 43, 44, 45, 59, 60, 64, 66, 80, 81, 82, 125, 126, 130]",53.083333333333336,35.84563742245661,0.3138564933017181,0.9989701229931144
8.0,2.0,64.0,100.0,32.0,2.0,0.01,1.0,240.0,4.0,"[1, 4, 11, 22, 23, 26, 27, 29, 30, 36, 37, 38, 39, 46, 51, 55, 58, 61]",33.0,16.918103387266026,-0.03212494,61.0,0.3353533117920291,0.9988068643379366,"[1, 29, 36, 46, 49, 57]",36.333333333333336,18.18118685772619,-0.026163334,57.0,0.2410932244225184,0.9983341789277862,-0.026163334,130.0,"[1, 3, 5, 19, 44, 45, 50, 51, 55, 56, 64, 65, 66, 68, 69, 76, 83, 91, 95, 98, 101, 110, 117, 130]",65.08333333333333,34.45155616546548,0.2585337104428211,0.9986656008391276
8.0,1.0,128.0,100.0,32.0,2.0,0.01,1.0,240.0,4.0,"[4, 5, 27, 31, 35, 38, 39, 40, 43, 44, 45, 46, 47, 48, 51, 52, 53, 55]",39.05555555555556,14.226236412668523,-0.018262306,55.0,0.2444639203440798,0.99849941330445,"[35, 70, 71, 89, 90, 91]",74.33333333333333,19.644054797543426,-0.008773067,91.0,0.0443049699973263,0.9964062235751734,-0.008773067,260.0,"[4, 5, 59, 65, 68, 70, 73, 74, 75, 78, 79, 80, 81, 82, 83, 86, 89, 90, 92, 216, 217, 255, 258, 260]",105.79166666666669,73.26036853048326,0.1441295933126216,0.9976325517264716
8.0,2.0,128.0,100.0,32.0,2.0,0.01,1.0,240.0,4.0,"[8, 9, 29, 31, 37, 40, 41, 42, 43, 44, 45, 46, 47, 48, 51, 52, 53, 54]",40.0,12.974333637352377,-0.021684827,54.0,0.2257305085104066,0.9984514622258328,"[35, 47, 48, 55, 56, 58]",49.833333333333336,7.776388764858804,-0.009818823,58.0,0.066514313822641,0.9976492474209372,-0.009818823,181.0,"[8, 11, 63, 65, 71, 72, 75, 76, 77, 78, 79, 80, 81, 82, 83, 86, 87, 88, 89, 158, 159, 176, 178, 181]",91.79166666666669,45.14419413267767,0.1376369752084196,0.9979878275727894
8.0,1.0,32.0,100.0,32.0,2.0,0.0001,1.0,240.0,4.0,"[1, 2, 8, 10, 11, 13, 14, 15, 18, 19, 22, 23, 31, 32, 44, 47, 48, 49]",22.61111111111111,15.293930854677432,-0.033360098,49.0,0.509624286067612,0.999334326202726,"[1, 8, 14, 52, 54, 61]",31.666666666666668,24.44494948973214,-0.025830792,61.0,0.2886936732565148,0.9985709453745985,-0.025830792,132.0,"[1, 2, 6, 12, 17, 18, 20, 21, 22, 25, 26, 29, 30, 36, 44, 45, 46, 76, 81, 82, 83, 115, 117, 132]",45.25,37.46359343860828,0.390698464854224,0.999168908288078
8.0,2.0,32.0,100.0,32.0,2.0,0.0001,1.0,240.0,4.0,"[1, 2, 12, 16, 25, 26, 27, 28, 30, 37, 38, 40, 41, 43, 49, 50, 53, 54]",31.77777777777778,15.830896498638896,-0.03301078,54.0,0.3695473687496886,0.9988689186749709,"[4, 36, 37, 50, 52, 55]",39.0,17.243356208503418,-0.022569478,55.0,0.1119802319802319,0.9981988838153222,-0.022569478,253.0,"[1, 2, 9, 39, 43, 60, 61, 62, 63, 65, 69, 73, 74, 75, 77, 78, 80, 86, 87, 92, 94, 184, 186, 253]",79.70833333333333,55.77594998941947,0.2394879257637584,0.9982944644639564
8.0,1.0,64.0,100.0,32.0,2.0,0.0001,1.0,240.0,4.0,"[4, 5, 27, 32, 35, 36, 41, 42, 43, 44, 45, 46, 47, 48, 51, 52, 53, 54]",39.16666666666666,14.174507634012077,-0.01932799,54.0,0.2440057347203593,0.9984937720010832,"[1, 47, 48, 49, 50, 51]",41.0,17.935068069752806,-0.011342547,51.0,0.2340554838956859,0.9980974124809742,-0.011342547,163.0,"[4, 5, 6, 62, 67, 70, 71, 76, 77, 78, 79, 80, 81, 82, 83, 86, 87, 88, 89, 150, 151, 156, 159, 163]",85.41666666666667,43.764442060751655,0.1738721707740992,0.9981496049670948
8.0,2.0,64.0,100.0,32.0,2.0,0.0001,1.0,240.0,4.0,"[10, 11, 23, 32, 34, 38, 41, 42, 43, 44, 45, 46, 47, 48, 51, 52, 56, 58]",40.05555555555556,13.297753453631945,-0.019912448,58.0,0.2221390574985062,0.9984486415741493,"[28, 44, 45, 51, 52, 54]",45.66666666666666,8.692269873603532,-0.011336851,54.0,0.0722553046082457,0.997860646034162,-0.011336851,167.0,"[27, 28, 39, 58, 67, 69, 73, 76, 77, 78, 79, 80, 81, 82, 83, 86, 87, 91, 93, 144, 145, 157, 158, 167]",88.54166666666667,37.96267812675438,0.1334661177983957,0.9980703023228272
8.0,1.0,128.0,100.0,32.0,2.0,0.0001,1.0,240.0,4.0,"[14, 15, 80, 84, 85, 86, 146, 147, 269, 272, 359, 420, 426, 430, 431, 432, 435, 436]",253.72222222222223,163.70393518502152,-0.00028363205,436.0,0.0493150804323469,0.9876004151999278,"[1, 14, 15, 38, 39, 40]",24.5,15.195942440884233,-0.006076529,40.0,0.2877209048261679,0.9989345509893456,-0.00028363205,486.0,"[4, 20, 21, 46, 47, 48, 57, 60, 125, 131, 132, 133, 193, 194, 317, 321, 409, 470, 476, 480, 481, 482, 485, 486]",234.0833333333333,185.4984089479536,0.0828841252979345,0.9943769138371484
8.0,2.0,128.0,100.0,32.0,2.0,0.0001,1.0,240.0,4.0,"[8, 9, 17, 27, 38, 39, 40, 41, 44, 45, 48, 49, 50, 51, 52, 53, 54, 55]",40.0,14.586904324694045,-0.010899558,55.0,0.2250716807482793,0.9984514622258328,"[1, 39, 40, 41, 42, 43]",34.333333333333336,14.962917124975627,-0.008771804,43.0,0.2470709216100594,0.9984356502621344,-0.008771804,103.0,"[4, 43, 44, 52, 62, 73, 74, 75, 76, 79, 80, 83, 84, 85, 86, 87, 88, 89, 90, 98, 99, 101, 102, 103]",77.375,22.38826422481207,0.156153727778281,0.9983536771050092
8.0,1.0,16.0,100.0,32.0,2.0,0.001,1.0,240.0,4.0,"[1, 12, 75, 76, 77, 78, 79, 80, 82, 83, 256, 258, 259, 260, 261, 277, 278, 449]",163.38888888888889,120.13933525928636,-0.035933554,449.0,0.1256109542612105,0.9921867948370792,"[1, 19, 68, 105, 107, 393]",115.5,130.2993348665551,-0.029944796,393.0,0.2082453650973224,0.9943176052765094,-0.029944796,953.0,"[1, 3, 16, 93, 94, 95, 96, 97, 98, 100, 101, 102, 269, 351, 357, 358, 360, 361, 373, 375, 393, 397, 700, 953]",255.9583333333333,224.94211832652024,0.131463588126776,0.9938217953272768
8.0,2.0,16.0,100.0,32.0,2.0,0.001,1.0,240.0,4.0,"[1, 7, 76, 77, 78, 79, 80, 81, 103, 104, 254, 259, 260, 261, 262, 300, 331, 353]",164.77777777777777,113.00617267091384,-0.03739787,353.0,0.129088520108461,0.9921162785449952,"[1, 19, 97, 99, 101, 374]",115.16666666666669,122.52131333862782,-0.03020603,374.0,0.207023794099006,0.9943345171655672,-0.03020603,934.0,"[1, 2, 11, 94, 95, 96, 97, 98, 99, 101, 142, 143, 343, 355, 356, 357, 358, 359, 365, 367, 432, 484, 524, 934]",258.875,213.0209912387353,0.1454961758707033,0.9937477795259604
