,Bestandskonto_X,Bestandskonto_nan,Bewertungsklasse_nan,Bewertungsklasse_3000.0,Einzelpostenanzeige moeglich_X,Einzelpostenanzeige moeglich_nan,Erfolgskontentyp_nan,Erfolgskontentyp_X,Geschaeftsbereich_nan,Geschaeftsbereich_1.0,Gruppenkennzeichen_0,Gruppenkennzeichen_1,KZ EKBE_nan,KZ EKBE_X,Kennzeichen: Posten nicht kopierbar ?_nan,Kennzeichen: Posten nicht kopierbar ?_X,Kostenstelle_nan,Kostenstelle_AA,Kreditkontr_Bereich_nan,Kreditkontr_Bereich_AA,Laufende Kontierung_nan,Laufende Kontierung_0.0,PartnerPrctr_nan,PartnerPrctr_AA,Profitcenter_nan,Profitcenter_AA,Rechnungsbezug_nan,Rechnungsbezug_V,Soll/Haben-Kennz__S,Soll/Haben-Kennz__H,Sperrgrund Menge_nan,Steuerkennzeichen_nan,Steuerkennzeichen_XI,Bewertungskreis_nan,Bewertungskreis_AA,Steuerstandort_nan,Steuerstandort_DE0000000,Umsatzwirksam_nan,Umsatzwirksam_X,Verwaltung offener Posten_nan,Verwaltung offener Posten_X,Werk_nan,Werk_AA,Zahlungsbedingung_nan,Zahlungsbedingung_1.0,Zahlungssperre_nan,Zahlungssperre_R,Alternative Kontonummer_113300.0,Alternative Kontonummer_70000.0,Alternative Kontonummer_nan,Alternative Kontonummer_113101.0,Alternative Kontonummer_191100.0,Alternative Kontonummer_160000.0,Alternative Kontonummer_500000.0,Alternative Kontonummer_510000.0,Alternative Kontonummer_520000.0,Alternative Kontonummer_476900.0,Alternative Kontonummer_792000.0,Alternative Kontonummer_895000.0,Alternative Kontonummer_400000.0,Alternative Kontonummer_140000.0,Alternative Kontonummer_800000.0,Alternative Kontonummer_478100.0,Basismengeneinheit_nan,Basismengeneinheit_KG,Basismengeneinheit_ST,BestPreisMngEinheit_nan,BestPreisMngEinheit_KG,BestPreisMngEinheit_ST,Bestandsbuchung_nan,Bestandsbuchung_0.0,Bestellmengeneinheit_nan,Bestellmengeneinheit_KG,Bestellmengeneinheit_ST,Buchungsschluessel_40,Buchungsschluessel_50,Buchungsschluessel_89,Buchungsschluessel_96,Buchungsschluessel_31,Buchungsschluessel_86,Buchungsschluessel_91,Buchungsschluessel_99,Buchungsschluessel_81,Buchungsschluessel_1,Buchungsschluessel_11,Buchungsschluessel_21,Buchungszeilen-Id_nan,Buchungszeilen-Id_M,Buchungszeilen-Id_W,Buchungszeilen-Id_S,ErfassungsMngEinh_nan,ErfassungsMngEinh_KG,ErfassungsMngEinh_ST,Hauptbuchkonto_113300,Hauptbuchkonto_70000,Hauptbuchkonto_1000,Hauptbuchkonto_2000,Hauptbuchkonto_11000,Hauptbuchkonto_113101,Hauptbuchkonto_300000,Hauptbuchkonto_191100,Hauptbuchkonto_160000,Hauptbuchkonto_211120,Hauptbuchkonto_2010,Hauptbuchkonto_211130,Hauptbuchkonto_11010,Hauptbuchkonto_500000,Hauptbuchkonto_510000,Hauptbuchkonto_520000,Hauptbuchkonto_476900,Hauptbuchkonto_792000,Hauptbuchkonto_895000,Hauptbuchkonto_400000,Hauptbuchkonto_893010,Hauptbuchkonto_140000,Hauptbuchkonto_800000,Hauptbuchkonto_478100,Kontoart_S,Kontoart_M,Kontoart_K,Kontoart_D,Kostenart_nan,Kostenart_211120.0,Kostenart_211130.0,Kostenart_500000.0,Kostenart_510000.0,Kostenart_520000.0,Kostenart_476900.0,Kostenart_895000.0,Kostenart_400000.0,Kostenart_800000.0,Kostenart_478100.0,Kreditor_nan,Kreditor_V01,Kreditor_V02,Material_nan,Material_AA-R01,Material_AA-R02,Material_AA-R03,Material_AA-R04,Material_AA-R05,Material_AA-R06,Material_AA-P01,Material_AA-P02,Material_AA-F11,Material_AA-F12,Material_AA-F13,Material_AA-F14,Material_AA-F16,Material_AA-F15,Material_AA-P03,Material_AA-P04,Material_AA-F02,Material_AA-F01,Material_AA-F03,Material_AA-F04,Material_AA-F05,Material_AA-F06,Preissteuerung_nan,Preissteuerung_V,Preissteuerung_S,Sachkonto_nan,Sachkonto_160000.0,Sachkonto_140000.0,Vorgang_nan,Vorgang_BSX,Vorgang_WRX,Vorgang_KBS,Vorgang_GBB,Vorgangsart GL_RFBU,Vorgangsart GL_RMWE,Vorgangsart GL_RMRP,Vorgangsart GL_RMRU,Vorgangsart GL_RMWL,Vorgangsart GL_SD00,Wertestring_nan,Wertestring_WE01,Wertestring_RE01,Wertestring_WF01,Wertestring_WA01,Betrag Hauswaehr_-inf_265,Betrag Hauswaehr_265_949,Betrag Hauswaehr_949_2177,Betrag Hauswaehr_2177_37763,Betrag Hauswaehr_37763_inf,Betrag Hauswaehr_0,Betrag_-inf_150,Betrag_150_4572,Betrag_4572_10496,Betrag_10496_64624,Betrag_64624_inf,Betrag_0,Betrag_5_-inf_-1001,Betrag_5_-1001_-589,Betrag_5_-589_-432,Betrag_5_-432_22540,Betrag_5_22540_inf,Betrag_5_0,Gesamtbestand_-inf_2000,Gesamtbestand_2000_33733,Gesamtbestand_33733_107992,Gesamtbestand_107992_255000,Gesamtbestand_255000_inf,Gesamtbestand_0,Gesamtwert_-inf_3360,Gesamtwert_3360_26314,Gesamtwert_26314_50784,Gesamtwert_50784_142522,Gesamtwert_142522_inf,Gesamtwert_0,Kreditkontr_betrag_-inf_1800,Kreditkontr_betrag_1800_2050,Kreditkontr_betrag_2050_2300,Kreditkontr_betrag_2300_6669,Kreditkontr_betrag_6669_inf,Kreditkontr_betrag_0,Menge in BPME_-inf_150,Menge in BPME_150_6200,Menge in BPME_6200_16300,Menge in BPME_16300_86000,Menge in BPME_86000_inf,Menge in BPME_0,Menge in ErfassME_-inf_185,Menge in ErfassME_185_313,Menge in ErfassME_313_478,Menge in ErfassME_478_29880,Menge in ErfassME_29880_inf,Menge in ErfassME_0,Menge_-inf_184,Menge_184_300,Menge_300_457,Menge_457_29880,Menge_29880_inf,Menge_0,Skontobasis_-inf_1800,Skontobasis_1800_2056,Skontobasis_2056_2310,Skontobasis_2310_28800,Skontobasis_28800_inf,Skontobasis_0
17930,0.0,0.0,0.0,-0.0017089603313558688,0.0,-9.809746703559954e-05,0.0,0.0,0.0,0.0,0.0,0.0,0.0,-0.0007324747380380945,0.0,-0.0010548907486623155,0.0,0.0,0.0,0.0,0.0,-0.0011512291518323177,0.0,0.0,0.0,0.0,0.0,0.0,-0.0005231017631068102,0.0,-0.0015411295720180566,0.0,-0.0009305597348753247,0.0,0.0,0.0,-0.0015627320455736914,0.0,0.0,0.0,0.0,0.0,0.0,0.0,0.0,0.0,0.0,0.0,0.0,-0.00045156724696486517,0.0,0.0,0.0,0.0,0.0,0.0,0.0,0.0,0.0,0.0,0.0,0.0,0.0,0.0,0.0,0.0,0.0,0.0,0.0,-0.0006586344503737226,-0.001781989011339172,0.0,0.0,-0.0007479513933592481,0.0,0.0,-0.002196096240407291,0.0,0.0,0.0,0.0,0.0,0.0,0.0,0.0,0.0,0.0,-0.0012428265598135035,0.0,0.0,0.0,0.0,0.0,0.0,0.0,0.0,0.0,0.0,0.0,-0.002311435659988228,0.0,0.0,0.0,0.0,0.0,0.0,0.0,0.0,0.0,0.0,-0.0003708205154210262,0.0,0.0,0.0,0.0,0.0,0.0,0.0,0.0,0.0,0.0,0.0,0.0,0.0,0.0,0.0,0.0,0.0,0.0,0.0,0.0,0.0,0.0,0.0,-0.001012462993814597,0.0,0.0,0.0,0.0,0.0,0.0,0.0,0.0,-0.0012198496379805905,0.0,0.0,0.0,0.0,0.0,0.0,0.0,0.0,0.0,0.0,0.0,0.0,0.0,0.0,0.0,-0.0007146767365021553,0.0,0.0,0.0,0.0,0.0,0.0,0.0,0.0,0.0,0.0,-0.00020766119509125006,0.0,0.0,0.0,0.0,0.0,-0.0003434447669956875,0.0,0.0,0.0,-0.0013807355348422826,0.0,0.0,0.0,0.0,0.0,0.0,0.0,-0.001645639904306835,0.0,0.0,0.0,0.0,0.0,0.0,0.0,0.0,0.0,0.0,0.0,0.0,-0.0008878624627370688,0.0,0.0,0.0,-0.0010473428438076034,0.0,0.0,0.0,0.0,0.0,0.0,0.0,0.0,0.0,0.0,-0.002141879383580611,0.0,0.0,0.0,0.0,0.0,-0.001536611178946854,0.0,0.0,0.0,0.0,0.0,-0.001864742860786077,0.0,0.0,0.0,0.0,0.0,0.0,0.0,0.0,0.0,0.0,0.0
17931,0.0,0.0,0.0,-0.000860070443099721,0.0,0.0,0.0,0.0,0.0,0.0,0.0,0.0,0.0,-0.0009618658413405298,0.0,-0.0011261129427413772,0.0,0.0,0.0,0.0,0.0,-0.0015158998871905786,0.0,0.0,0.0,-0.00017138276225828883,0.0,0.0,0.0,-0.00014270365933094433,-0.0023159821125680407,0.0,0.0,0.0,0.0,0.0,-0.001906334753954694,0.0,0.0,0.0,-0.0004632772815201264,0.0,-0.0003149540377488013,0.0,0.0,0.0,0.0,0.0,0.0,0.0,0.0,0.0,0.0,0.0,0.0,0.0,0.0,0.0,0.0,0.0,0.0,0.0,0.0,0.0,0.0,-0.00020685333459718132,0.0,0.0,0.0,0.0,-0.001860793771246178,0.0,0.0,-0.0011686598207363834,-0.00019778596005973125,0.0,0.0,-0.00026197453898567987,0.0,0.0,0.0,0.0,0.0,0.0,0.0,0.0,0.0,0.0,-0.00022231980050725172,0.0,0.0,0.0,0.0,0.0,0.0,0.0,0.0,0.0,0.0,0.0,0.0,0.0,0.0,0.0,0.0,0.0,0.0,0.0,0.0,0.0,0.0,0.0,0.0,0.0,0.0,0.0,0.0,-0.00022873806661242844,0.0,0.0,0.0,0.0,0.0,0.0,0.0,0.0,0.0,0.0,0.0,0.0,0.0,0.0,0.0,0.0,-0.001100416672518904,0.0,0.0,0.0,0.0,0.0,0.0,0.0,0.0,-0.002051203046129399,0.0,0.0,0.0,0.0,0.0,0.0,0.0,0.0,0.0,0.0,0.0,0.0,0.0,0.0,0.0,-0.0010216974661740748,0.0,0.0,0.0,0.0,0.0,0.0,0.0,0.0,0.0,0.0,-0.0010661901198790855,2.403681137624795e-05,0.0,0.0,0.0,0.0,-0.0006959048108691194,0.0,0.0,0.0,-0.0023031369694875687,0.0,0.0,0.0,0.0,0.0,0.0,0.0,-0.0026709320742409996,0.0,0.0,0.0,0.0,0.0,0.0,0.0,0.0,0.0,0.0,0.0,0.0,-0.0007042158911569888,0.0,0.0,0.0,-0.0008343328177687922,0.0,0.0,0.0,0.0,0.0,0.0,0.0,0.0,0.0,0.0,-0.001997931460192458,0.0,0.0,0.0,0.0,0.0,-0.0021716578743242346,0.0,0.0,0.0,0.0,0.0,-0.0020995860464683228,0.0,0.0,0.0,0.0,0.0,0.0,0.0,0.0,0.0,0.0,0.0
19067,0.0,0.0,0.0,-0.0015448412682819573,0.0,0.0,0.0,0.0,0.0,0.0,0.0,0.0,0.0,0.0001142127253165922,0.0,0.0,0.0,0.0,0.0,0.0,0.0,-0.0003419639266619085,0.0,0.0,0.0,0.0,0.0,0.0,0.0,0.0,0.0,0.0,-0.0012054335442089423,0.0,0.0,0.0,-0.0012899008763047927,0.0,0.0,0.0,0.0,0.0,0.0,0.0,0.0,0.0,0.0,0.0,0.0,0.0,0.0,0.0,0.0,0.0,0.0,0.0,0.0,0.0,0.0,0.0,0.0,0.0,0.0,0.0,0.0,0.0,0.0,0.0,-0.00048348952228855456,0.0,0.0,0.0,-0.0004899015774277489,-0.0005891162951852207,0.0,0.0,0.0,0.0,0.0,0.0,0.0,0.0,0.0,0.0,0.0,0.0,0.0,-0.001509799428096096,0.0,0.0,0.0,0.0,0.0,0.0,0.0,0.0,0.0,0.0,0.0,0.0,0.0,0.0,0.0,0.0,0.0,0.0,0.0,0.0,0.0,0.0,0.0,0.0,0.0,0.0,0.0,0.0,0.0,0.0,-0.0005000073307405688,0.0,0.0,0.0,0.0,0.0,0.0,0.0,0.0,0.0,0.0,0.0,0.0,0.0,0.0,0.0,-3.539674158933685e-05,0.0,0.0,0.0,0.0,0.0,0.0,0.0,-0.002095114156365244,0.0,0.0,0.0,0.0,0.0,0.0,0.0,0.0,0.0,0.0,0.0,0.0,0.0,0.0,0.0,0.0,0.0,0.0,0.0,0.0,0.0,0.0,0.0,0.0,0.0,0.0,0.0,0.0,0.0,0.0,0.0,0.0,0.0,0.0,0.0,0.0,0.0,0.0,0.0,0.0,0.0,-0.0028391055339249145,0.0,0.0,0.0,0.0,-0.0017476439696229706,0.0,0.0,0.0,0.0,0.0,0.0,0.0,0.0,0.0,0.0,0.0,-0.000510649243713782,0.0,0.0,0.0,0.0,0.0,0.0,-0.002979462020962654,0.0,0.0,0.0,0.0,0.0,0.0,0.0,0.0,0.0,0.0,-0.0012914001777355327,0.0,0.0,0.0,0.0,0.0,0.0,0.0,0.0,0.0,0.0,0.0,0.0,0.0,0.0,0.0,0.0,0.0,0.0,0.0,0.0
19068,0.0,0.0,0.0,-0.002672436165627064,0.0,0.0,0.0,0.0,0.0,0.0,0.0,0.0,0.0,0.0,0.0,-0.0006362729413602495,0.0,0.0,0.0,0.0,0.0,0.0,0.0,0.0,0.0,0.0,0.0,0.0,0.0,0.0,0.0,0.0,0.0,0.0,0.0,0.0,-0.0023272646503504804,0.0,0.0,0.0,0.0,0.0,0.0,0.0,0.0,0.0,0.0,0.0,0.0,0.0,0.0,-0.0017922180078791354,0.0,0.0,0.0,0.0,0.0,0.0,0.0,0.0,0.0,0.0,0.0,0.0,0.0,-0.0017661244782998606,0.0,0.0,-0.0011912756980579718,0.0,0.0,0.0,0.0,-0.0017919786276146675,0.0,0.0,0.0,0.0,0.0,0.0,0.0,0.0,0.0,0.0,0.0,0.0,0.0,0.0,0.0,0.0,0.0,0.0,0.0,0.0,0.0,0.0,0.0,0.0,0.0,0.0,0.0,0.0,0.0,0.0,0.0,0.0,0.0,0.0,0.0,0.0,0.0,0.0,0.0,0.0,0.0,0.0,0.0,0.0,0.0,0.0,0.0,0.0,0.0,0.0,0.0,0.0,0.0,0.0,0.0,0.0,0.0,0.0,0.0,0.0,-0.001293202647696886,0.0,0.0,0.0,0.0,0.0,0.0,0.0,-0.002183082825087506,0.0,0.0,0.0,0.0,0.0,0.0,0.0,0.0,0.0,0.0,0.0,0.0,0.0,0.0,0.0,0.0,0.0,0.0,0.0,0.0,0.0,0.0,0.0,0.0,0.0,0.0,0.0,0.0,0.0,0.0,0.0,0.0,0.0,0.0,0.0,0.0,0.0,0.0,0.0,0.0,0.0,-0.00022395368900288384,0.0,0.0,0.0,0.0,-0.002453295153352251,0.0,0.0,0.0,0.0,0.0,0.0,0.0,0.0,0.0,0.0,0.0,-0.0005092931127863879,0.0,0.0,0.0,0.0,0.0,0.0,-0.0011426560016270736,0.0,0.0,0.0,0.0,0.0,0.0,0.0,0.0,0.0,0.0,0.0,0.0,0.0,0.0,0.0,0.0,0.0,0.0,0.0,0.0,0.0,0.0,0.0,-0.0003528353970487265,0.0,0.0,0.0,0.0,0.0,0.0,0.0
19080,0.0,0.0,0.0,-0.0012261224256609332,0.0,0.0,0.0,0.0,0.0,0.0,0.0,-0.0023537651968579924,0.0,-0.000845600994499129,0.0,-0.000433476881086501,0.0,0.0,0.0,0.0,0.0,0.0,0.0,0.0,0.0,0.0,0.0,0.0,0.0,0.0,0.0,0.0,-0.0007994622484561679,0.0,0.0,0.0,-0.0008465873336154887,0.0,0.0,0.0,0.0,0.0,0.0,0.0,0.0,0.0,0.0,0.0,0.0,0.0,0.0,0.0,0.0,0.0,0.0,0.0,0.0,0.0,0.0,0.0,0.0,0.0,0.0,0.0,0.0,0.0,0.0,0.0,0.0,0.0,0.0,0.0,0.0,-0.0008924840076835056,0.0,0.0,0.0,0.0,0.0,0.0,0.0,0.0,0.0,0.0,0.0,0.0,0.0,0.0,0.0,0.0,0.0,0.0,0.0,0.0,0.0,0.0,0.0,0.0,0.0,0.0,0.0,0.0,0.0,0.0,0.0,0.0,0.0,0.0,0.0,0.0,0.0,0.0,0.0,0.0,0.0,0.0,0.0,0.0,0.0,0.0,0.0,0.0,0.0,0.0,0.0,0.0,0.0,0.0,0.0,0.0,0.0,0.0,0.0,0.0,0.0,0.0,0.0,0.0,0.0,0.0,0.0,0.0,-0.0030211162868975638,0.0,0.0,0.0,0.0,0.0,0.0,0.0,0.0,0.0,0.0,0.0,0.0,0.0,0.0,0.0,0.0,-0.0006709106999646559,0.0,0.0,0.0,0.0,0.0,0.0,0.0,0.0,0.0,0.0,0.0,0.0,0.0,0.0,0.0,0.0,0.0,0.0,0.0,0.0,0.0,0.0,0.0,0.0,-0.00184144232653298,0.0,0.0,0.0,0.0,-0.0026530664976841725,0.0,0.0,0.0,0.0,0.0,0.0,0.0,0.0,0.0,0.0,0.0,0.0,0.0,0.0,0.0,0.0,0.0,0.0,-0.0032703178840562466,0.0,0.0,0.0,0.0,0.0,0.0,0.0,0.0,0.0,0.0,-0.0005828997352590355,0.0,0.0,0.0,0.0,0.0,0.0,0.0,0.0,0.0,0.0,0.0,0.0,0.0,0.0,0.0,0.0,0.0,0.0,0.0,0.0
19081,0.0,0.0,0.0,-0.0026065811406563747,0.0,-0.001091005307158225,0.0,0.0,0.0,0.0,-0.0011436487350852606,-0.00443899292809288,0.0,-0.0019317880496597475,0.0,0.0,0.0,0.0,0.0,0.0,0.0,0.0,0.0,0.0,0.0,0.0,0.0,0.0,0.0,-0.0003800942048707741,0.0,0.0,-0.0022996589705960037,0.0,0.0,0.0,-0.0020889679746924385,0.0,0.0,0.0,0.0,0.0,0.0,0.0,0.0,0.0,0.0,0.0,0.0,-0.000956298248704792,0.0,0.0,0.0,0.0,0.0,0.0,0.0,0.0,0.0,0.0,0.0,0.0,0.0,0.0,0.0,0.0,0.0,0.0,-0.0010113963875096445,-0.0005764251422991943,0.0,0.0,0.0,-0.002080435670209881,0.0,0.0,0.0,0.0,0.0,0.0,0.0,-0.0011312235603490233,0.0,0.0,0.0,0.0,0.0,-0.0006931484615265915,0.0,0.0,0.0,0.0,0.0,0.0,0.0,0.0,0.0,0.0,0.0,-0.0019723748826344237,0.0,0.0,0.0,0.0,0.0,0.0,0.0,0.0,0.0,0.0,0.0,0.0,0.0,0.0,0.0,0.0,0.0,0.0,-0.0011156196235274068,0.0,0.0,0.0,0.0,0.0,0.0,0.0,0.0,0.0,0.0,0.0,0.0,0.0,0.0,0.0,0.0,0.0,0.0,0.0,0.0,0.0,0.0,0.0,-0.002758268946563002,0.0,0.0,0.0,0.0,0.0,0.0,0.0,0.0,0.0,0.0,0.0,0.0,0.0,0.0,0.0,0.0,-0.0007630458715786343,0.0,0.0,0.0,0.0,0.0,-0.000995809847704296,0.0,0.0,0.0,0.0,0.0,-0.002611504885289004,0.0,0.0,0.0,0.0,0.0,-0.0025549091281449796,0.0,0.0,0.0,0.0,0.0,0.0,-0.002094224815490887,0.0,0.0,0.0,0.0,-0.004222259632571923,0.0,0.0,0.0,0.0,0.0,0.0,0.0,0.0,0.0,0.0,0.0,-0.000985167630039834,0.0,-0.00039584370655766643,0.0,0.0,0.0,0.0,-0.0027156588371213125,0.0,0.0,0.0,0.0,0.0,0.0,0.0,0.0,0.0,0.0,-0.0013696786124926114,0.0,0.0,0.0,0.0,0.0,0.0,-0.001206514995292035,0.0,0.0,0.0,0.0,0.0,0.0,0.0,0.0,0.0,0.0,0.0,0.0,0.0
23096,-0.00026683145657302156,0.0,0.0,0.0,0.0,-0.0009853476148448562,0.0,0.0,0.0,0.0,0.0,0.0,0.0,0.0,0.0,-0.0013099607862383184,0.0,0.0,0.0,0.0,0.0,0.0,0.0,0.0,0.0,0.0,0.0,0.0,-0.0005621383889562292,0.0,0.0,0.0,0.0,0.0,0.0,0.0,0.0,0.0,0.0,0.0,0.0,0.0,0.0,0.0,0.0,0.0,0.0,0.0,0.0,-0.0011930625708375553,0.0,0.0,0.0,0.0,0.0,0.0,0.0,0.0,0.0,0.0,0.0,0.0,0.0,0.0,0.0,-0.00012880004732962783,-0.0014477119295090673,-0.00011480361257946094,-0.003367292808610378,0.0,-0.0001831647486858464,0.0,0.0,0.0,0.0,0.0,-0.003308850548588728,0.0,0.0,0.0,0.0,0.0,0.0,0.0,0.0,0.0,0.0,-0.0010476414045663242,0.0,0.0,0.0,0.0,0.0,0.0,0.0,0.0,0.0,0.0,0.0,-0.0032188066728780517,0.0,0.0,0.0,0.0,0.0,0.0,0.0,0.0,0.0,0.0,0.0,0.0,0.0,0.0,0.0,0.0,0.0,0.0,-0.0013692634141545528,0.0,0.0,0.0,0.0,0.0,0.0,0.0,0.0,0.0,0.0,0.0,0.0,0.0,-0.0008601848572251764,0.0,-0.003265142161758602,0.0,0.0,0.0,0.0,0.0,0.0,0.0,0.0,-0.0021538317546185826,0.0,0.0,0.0,0.0,0.0,0.0,0.0,0.0,0.0,0.0,0.0,0.0,0.0,0.0,0.0,-0.0010904297338656856,0.0,0.0,0.0,0.0,0.0,0.0,-4.209303848632304e-05,0.0,0.0,0.0,-0.0027356855241727866,0.0,0.0,0.0,0.0,0.0,-0.0032738662073017806,0.0,0.0,-0.0006236653864805185,0.0,0.0,0.0,0.0,0.0,0.0,0.0,0.0,0.0,0.0,0.0,0.0,0.0,0.0,0.0,0.0,0.0,0.0,0.0,0.0,0.0,0.0,0.0,0.0,0.0,0.0,0.0,0.0,0.0,0.0,0.0,0.0,0.0,0.0,0.0,0.0,0.0,0.0,-0.005615217295110885,0.0,0.0,-0.001828909293037351,0.0,0.0,0.0,-0.000672150365393459,0.0,0.0,0.0,0.0,0.0,-0.00022562315633031793,0.0,0.0,0.0,0.0,0.0,0.0,0.0,0.0
23097,-0.00033791967317583506,0.0,0.0,0.0,0.0,0.0,0.0,0.0,0.0,0.0,0.0,0.0,0.0,0.0,-0.0006885784266776754,-0.0030907121191728207,0.0,0.0,0.0,0.0,0.0,0.0,0.0,0.0,0.0,0.0,0.0,0.0,0.0,0.0,0.0,0.0,0.0,0.0,0.0,0.0,0.0,0.0,0.0,0.0,-0.001506248060570107,0.0,0.0,0.0,0.0,0.0,0.0,0.0,0.0,-0.0003638937910668198,0.0,-0.0018386012816752305,0.0,0.0,0.0,0.0,0.0,0.0,0.0,0.0,0.0,0.0,0.0,0.0,0.0,0.0,-0.0013618500066948486,0.0,-0.0027992008154832746,0.0,0.0,0.0,0.0,0.0,0.0,0.0,0.0,-0.0023931536775444397,0.0,0.0,0.0,0.0,0.0,0.0,0.0,0.0,0.0,0.0,-0.00309933607585613,0.0,0.0,0.0,-0.0008991770692851333,0.0,0.0,0.0,0.0,0.0,0.0,0.0,-0.0012949047804488604,0.0,0.0,0.0,0.0,0.0,0.0,0.0,0.0,0.0,-0.0002089119487529564,0.0,0.0,0.0,0.0,0.0,0.0,0.0,0.0,0.0,0.0,-0.0005433123598151152,0.0,0.0,0.0,0.0,0.0,0.0,0.0,0.0,0.0,0.0,-0.0014855679780069902,0.0,-0.0031115673741476746,0.0,0.0,0.0,0.0,0.0,0.0,0.0,0.0,-0.0035808830188263103,0.0,0.0,0.0,0.0,0.0,0.0,0.0,0.0,0.0,0.0,0.0,0.0,0.0,0.0,0.0,-0.002557121670654237,0.0,-0.0003116069561236341,0.0,0.0,0.0,0.0,-0.0031913329288987833,0.0,0.0,0.0,-0.003188734042308238,0.0,-0.000280072630891969,0.0,0.0,0.0,-0.0012747953194440984,0.0,0.0,-0.00013896706987200557,0.0,0.0,-0.0002299115943881075,0.0,0.0,0.0,0.0,0.0,0.0,0.0,0.0,0.0,0.0,0.0,0.0,0.0,0.0,0.0,0.0,0.0,0.0,0.0,0.0,0.0,0.0,0.0,0.0,0.0,0.0,0.0,0.0,0.0,0.0,0.0,0.0,0.0,0.0,0.0,-0.00450581480752775,0.0,0.0,-0.0017341134737600336,0.0,0.0,0.0,-0.0005772066679476592,0.0,0.0,0.0,0.0,0.0,0.0,0.0,0.0,0.0,0.0,0.0,0.0,0.0,0.0
23098,0.0,0.0,0.0,0.0,0.0,-0.0013648832242001104,0.0,0.0,0.0,0.0,0.0,0.0,-0.0002703638794713432,0.0,0.0,-0.0010523548256419213,6.993174027283486e-05,0.0,0.0,0.0,0.0,0.0,0.0,0.0,0.0,0.0,0.0,0.0,-0.0005661770625594658,0.0,0.0,0.0,0.0,0.0,-7.942965489406498e-05,0.0,-0.0004392848246827924,-0.00015403245152343205,0.0,0.0,0.0,0.0,-0.0009566519443400655,0.0,0.0,0.0,0.0,0.0,0.0,-0.0007093983673417707,0.0,0.0,0.0,0.0,0.0,0.0,0.0,0.0,0.0,0.0,0.0,0.0,0.0,-0.000281792991041252,-0.00031573097029412994,-0.0008168156239063166,-0.0018366900433428677,0.0,-0.0034739165058389294,0.0,0.0,0.0,0.0,0.0,0.0,0.0,-0.0034892367060430514,0.0,0.0,0.0,0.0,-0.00025416818301868607,-0.0001026984636411871,0.0,0.0,0.0,0.0,-0.0026969074547390816,0.0,0.0,0.0,0.0,0.0,0.0,0.0,0.0,0.0,0.0,0.0,-0.0026698289352973773,0.0,0.0,0.0,0.0,0.0,0.0,0.0,0.0,0.0,0.0,0.0,0.0,0.0,0.0,0.0,0.0,0.0,-0.0002494336757605073,-0.0018061167828276237,0.0,0.0,0.0,0.0,0.0,0.0,0.0,0.0,0.0,0.0,0.0,0.0,0.0,-0.001467692760753869,0.0,-0.0038087775159434244,-0.00011105900394336836,0.0,0.0,0.0,0.0,0.0,0.0,0.0,0.0,0.0,0.0,0.0,0.0,0.0,0.0,-0.003252682224756793,0.0,0.0,0.0,0.0,0.0,0.0,0.0,0.0,-0.002230498588988136,0.0,0.0,0.0,0.0,0.0,-0.0004079426046703638,0.0,0.0,0.0,0.0,-0.0029546684713698556,0.0,0.0,-0.0006859400625774496,0.0,0.0,-0.0027267733321862304,0.0,0.0,-0.0010823907752169752,-0.0019964725305360908,0.0,0.0,0.0,0.0,0.0,0.0,0.0,0.0,0.0,0.0,0.0,0.0,0.0,0.0,0.0,0.0,-8.159348924615967e-05,0.0,0.0,0.0,0.0,0.0,0.0,0.0,0.0,0.0,0.0,0.0,0.0,0.0,0.0,0.0,0.0,0.0,0.0,-0.0033643858253645602,0.0,0.0,0.0,0.0,-0.00252839164624452,-0.002200790932169315,0.0,0.0,0.0,0.0,0.0,-0.002916680762270925,0.0,0.0,0.0,0.0,0.0,0.0,0.0,0.0,-0.0002185253579405147,0.0,0.0
23099,0.0,0.0,-0.00015676899900088012,0.0,0.0,0.0,0.0,-0.0001553033453339861,0.0,0.0,0.0,0.0,-0.0006128260000006977,-0.0008093261090313664,-0.0005101609613179965,-0.0031106306209273266,0.0,0.0,0.0,0.0,0.0,0.0,0.0,0.0,0.0,0.0,0.0,0.0,0.0,-0.00019832755890849055,0.0,0.0,0.0,0.0,-0.00012460028445154467,0.0,-0.0006150705014666413,0.0,0.0,-0.0004984938310469561,-0.001550020073118323,0.0,-0.00047254645799674894,0.0,0.0,0.0,0.0,0.0,0.0,0.0,0.0,-0.002808071786675241,0.0,0.0,0.0,0.0,0.0,0.0,0.0,0.0,0.0,0.0,0.0,-0.0010221638158930159,0.0,-0.001131144689016296,-0.0006099027286017439,0.0,-0.0027849518312096783,0.0,0.0,0.0,-0.0005463867836241962,0.0,-0.00022124273456976262,0.0,0.0,-0.001632727227472132,0.0,0.0,0.0,0.0,-0.0008114276584841283,0.0,0.0,0.0,0.0,0.0,-0.0018008914768373428,0.0,0.0,0.0,1.5570971897995584e-05,0.0,0.0,0.0,0.0,0.0,0.0,0.0,-0.0013645227690544971,0.0,0.0,0.0,0.0,0.0,0.0,0.0,0.0,0.0,0.0,0.0,0.0,0.0,0.0,0.0,0.0,0.0,0.0,0.0,0.0,0.0,0.0,0.0,0.0,0.0,0.0,0.0,0.0,0.0,0.0,0.0,-0.0007168137591361534,0.0,-0.0036348289652545565,0.0,0.0,0.0,0.0,0.0,0.0,0.0,0.0,0.0,0.0,0.0,0.0,0.0,0.0,0.0,-0.002603978419793908,0.0,0.0,0.0,0.0,0.0,0.0,0.0,0.0,-0.0020885384888667813,0.0,0.0,0.0,0.0,0.0,0.0,-0.002382377301930718,0.0,0.0,0.0,-0.0023795407942761443,0.0,0.0,0.0,0.0,-0.00012618462583071505,-0.0020427985440160112,0.0,0.0,0.0,-0.0018734832244146349,0.0,0.0,0.0,0.0,0.0,0.0,0.0,0.0,0.0,0.0,0.0,0.0,0.0,0.0,0.0,0.0,-0.0007512190634159852,0.0,0.0,0.0,0.0,0.0,0.0,0.0,0.0,0.0,0.0,0.0,0.0,0.0,0.0,0.0,0.0,0.0,0.0,-0.0021389343101420773,0.0,0.0,0.0,0.0,-0.0028201595777765237,-0.0036341373192897847,0.0,-9.747798105125272e-05,0.0,0.0,0.0,-0.003326031303295063,0.0,0.0,6.893953841109052e-05,0.0,-0.00029618897021854024,0.0,0.0,0.0,0.0,0.0,0.0
24806,0.0,0.0,0.0,-0.0006346771256084901,0.0,0.0,0.0,0.0,0.0,0.0,0.0,0.0,0.0,0.0,0.0,-0.0005417439176174051,0.0,0.0,0.0,0.0,0.0,-0.001482752418942927,0.0,0.0,0.0,0.0,0.0,0.0,0.0,0.0,0.0,0.0,-0.0004753598692981051,0.0,0.0,0.0,-0.0017568448132676787,0.0,0.0,0.0,0.0,0.0,0.0,0.0,0.0,0.0,0.0,0.0,0.0,-0.0003771476203746087,0.0,0.0,0.0,0.0,0.0,0.0,0.0,0.0,0.0,0.0,0.0,0.0,0.0,0.0,-0.0005185853540518316,0.0,0.0,-0.0007670904542799958,0.0,0.0,-0.00038017629936002557,0.0,0.0,0.0,0.0,0.0,-0.0008176161930633013,0.0,0.0,0.0,0.0,0.0,0.0,0.0,0.0,0.0,0.0,-0.00024441025431974915,0.0,0.0,0.0,-0.0010416092050963897,0.0,0.0,0.0,0.0,0.0,0.0,0.0,-0.0005593446161451653,0.0,0.0,0.0,0.0,0.0,0.0,0.0,0.0,0.0,0.0,0.0,0.0,0.0,0.0,0.0,0.0,0.0,0.0,0.0,0.0,0.0,0.0,0.0,0.0,0.0,0.0,0.0,0.0,0.0,0.0,0.0,0.0,0.0,-0.0010575076898247653,0.0,0.0,0.0,-0.0022471693296925604,0.0,0.0,0.0,0.0,0.0,0.0,0.0,0.0,0.0,0.0,0.0,0.0,0.0,0.0,0.0,0.0,0.0,0.0,0.0,0.0,0.0,-0.0012253070024993299,0.0,0.0,0.0,0.0,0.0,0.0,0.0,0.0,0.0,0.0,-0.0002545049249190984,0.0,0.0,0.0,0.0,0.0,-0.000828804028540175,0.0,0.0,0.0,0.0,-0.00034061926283188095,0.0,0.0,-0.0006595387170184181,0.0,0.0,0.0,0.0,0.0,-0.002098520904596312,0.0,0.0,0.0,0.0,0.0,0.0,0.0,0.0,0.0,0.0,0.0,-0.0027573470101898904,0.0,0.0,0.0,0.0,0.0,-0.002589349434706429,0.0,0.0,0.0,0.0,0.0,0.0,0.0,0.0,0.0,0.0,0.0,-0.0030324496905621526,0.0,0.0,0.0,0.0,0.0,-0.0009340615785577364,0.0,0.0,0.0,0.0,0.0,-0.0018788249627639114,0.0,0.0,0.0,0.0,0.0,0.0,0.0
24807,0.0,0.0,0.0,-0.0015911029113714475,0.0,0.0,0.0,0.0,0.0,0.0,0.0,0.0,0.0,-0.0006877491577847819,0.0,-0.000761588837521943,0.0,0.0,0.0,0.0,0.0,0.0,0.0,0.0,0.0,0.0,0.0,0.0,0.0,0.0,0.0,0.0,0.0,0.0,0.0,0.0,-0.0012608604085061117,0.0,0.0,0.0,0.0,0.0,0.0,0.0,0.0,0.0,0.0,0.0,0.0,0.0,0.0,0.0,0.0,0.0,0.0,0.0,0.0,0.0,0.0,0.0,0.0,0.0,0.0,0.0,-0.0007702558421573517,0.0,0.0,-0.0006986262120548155,0.0,0.0,-0.0007113233237208269,0.0,0.0,0.0,0.0,0.0,0.0,0.0,0.0,0.0,0.0,0.0,0.0,0.0,0.0,0.0,0.0,0.0,0.0,0.0,0.0,-0.0007461142077183104,0.0,0.0,0.0,0.0,0.0,0.0,0.0,0.0,0.0,0.0,0.0,0.0,0.0,0.0,0.0,0.0,0.0,0.0,0.0,0.0,0.0,0.0,0.0,0.0,0.0,0.0,0.0,0.0,0.0,0.0,0.0,0.0,0.0,0.0,0.0,0.0,0.0,0.0,0.0,0.0,0.0,-0.0005766304816547819,0.0,0.0,0.0,-0.002335574460822616,0.0,0.0,0.0,0.0,0.0,0.0,0.0,0.0,0.0,0.0,0.0,0.0,0.0,0.0,0.0,0.0,0.0,0.0,0.0,0.0,0.0,-0.0009286900834150173,0.0,0.0,0.0,0.0,0.0,0.0,0.0,0.0,0.0,0.0,-0.0011846220344290158,0.0,0.0,0.0,0.0,0.0,-0.0001374484350947446,0.0,0.0,0.0,0.0,0.0,0.0,0.0,-0.0016980054250314187,0.0,0.0,0.0,0.0,0.0,-0.002573954088239138,0.0,0.0,0.0,0.0,0.0,0.0,0.0,0.0,0.0,0.0,0.0,-0.0028819345169835264,0.0,0.0,0.0,0.0,0.0,-0.0036029137118030567,0.0,0.0,0.0,0.0,0.0,0.0,0.0,0.0,0.0,0.0,0.0,-0.003376416557136004,0.0,0.0,0.0,0.0,0.0,-0.0012088136338748688,0.0,0.0,0.0,0.0,0.0,-0.0018053635403778856,0.0,0.0,0.0,0.0,0.0,0.0,0.0
24810,0.0,0.0,0.0,0.0,0.0,0.0,0.0,0.0,0.0,0.0,0.0,0.0,0.0,0.0,0.0,0.0,0.0,0.0,0.0,0.0,0.0,-0.0014197579999972064,0.0,0.0,0.0,0.0,0.0,0.0,0.0,0.0,0.0,0.0,-0.0006551709568411845,0.0,0.0,0.0,-0.0012227252767979813,0.0,0.0,0.0,0.0,0.0,0.0,0.0,0.0,0.0,0.0,0.0,0.0,0.0,0.0,0.0,0.0,0.0,0.0,0.0,0.0,0.0,0.0,0.0,0.0,0.0,0.0,0.0,0.0,0.0,0.0,-0.0009984200892982282,0.0,0.0,-0.0008623530236024006,0.0,0.0,0.0,0.0,0.0,-0.0009001889208487494,0.0,0.0,0.0,0.0,0.0,0.0,0.0,0.0,0.0,0.0,-0.0010779520276943668,0.0,0.0,0.0,-0.00017591550471647045,0.0,0.0,0.0,0.0,0.0,0.0,0.0,-0.0013517397077078318,0.0,0.0,0.0,0.0,0.0,0.0,0.0,0.0,0.0,0.0,0.0,0.0,0.0,0.0,0.0,0.0,0.0,0.0,0.0,0.0,0.0,0.0,0.0,0.0,0.0,0.0,0.0,0.0,0.0,0.0,0.0,0.0,0.0,-0.0014682207182981485,0.0,0.0,0.0,0.0,0.0,0.0,-0.002853636266774648,0.0,0.0,0.0,0.0,0.0,0.0,0.0,0.0,0.0,0.0,0.0,0.0,0.0,0.0,0.0,0.0,0.0,0.0,-0.00045451405770907324,0.0,0.0,0.0,0.0,0.0,0.0,0.0,0.0,0.0,0.0,0.0,0.0,0.0,0.0,0.0,0.0,0.0,0.0,0.0,0.0,0.0,0.0,0.0,0.0,-0.0005858878747327474,0.0,0.0,0.0,0.0,0.0,-0.0026977742151994234,0.0,0.0,0.0,0.0,0.0,0.0,0.0,0.0,0.0,0.0,0.0,-0.002993512833018734,0.0,0.0,0.0,0.0,0.0,-0.0030821642733106455,0.0,0.0,0.0,0.0,0.0,0.0,0.0,0.0,0.0,0.0,0.0,-0.002946827064646714,0.0,0.0,0.0,0.0,0.0,-0.0013477875115165613,0.0,0.0,0.0,0.0,0.0,-0.0024624199010572084,0.0,0.0,0.0,0.0,0.0,0.0,0.0
24811,0.0,0.0,0.0,-0.001269320565948384,0.0,0.0,0.0,0.0,0.0,0.0,0.0,0.0,0.0,-0.001028430070175588,0.0,-0.0005727327059259829,0.0,0.0,0.0,0.0,0.0,-0.0006247885616971274,0.0,0.0,0.0,0.0,0.0,0.0,0.0,0.0,0.0,0.0,0.0,0.0,0.0,0.0,-0.0014970020588336603,0.0,0.0,0.0,-0.00019606920025290768,0.0,0.0,0.0,0.0,0.0,0.0,0.0,0.0,0.0,0.0,0.0,0.0,0.0,0.0,0.0,0.0,0.0,0.0,0.0,0.0,0.0,0.0,0.0,0.0,0.0,0.0,-0.001027652518624472,0.0,0.0,-0.0010290803633045617,0.0,-0.00022361232950891255,0.0,0.0,0.0,0.0,0.0,0.0,0.0,0.0,0.0,0.0,0.0,0.0,0.0,0.0,0.0,0.0,0.0,0.0,-0.00013902204992773982,0.0,0.0,0.0,0.0,0.0,0.0,0.0,0.0,0.0,0.0,0.0,0.0,0.0,0.0,0.0,0.0,0.0,0.0,0.0,0.0,0.0,0.0,0.0,0.0,0.0,0.0,0.0,0.0,0.0,0.0,0.0,0.0,0.0,0.0,0.0,0.0,0.0,0.0,0.0,0.0,0.0,-0.0009786165038783176,0.0,0.0,0.0,0.0,0.0,0.0,-0.002673772641273628,0.0,0.0,0.0,0.0,0.0,0.0,0.0,0.0,0.0,0.0,0.0,0.0,0.0,0.0,0.0,0.0,0.0,0.0,-0.0004117847415014823,0.0,0.0,0.0,0.0,0.0,0.0,-0.0003100102664403484,0.0,0.0,0.0,-0.0013663732527299704,0.0,0.0,0.0,0.0,0.0,-0.0006706180189667756,0.0,0.0,0.0,0.0,0.0,0.0,0.0,-0.0016802007600135486,0.0,0.0,0.0,0.0,0.0,-0.0023889040040925196,0.0,0.0,0.0,0.0,0.0,0.0,0.0,0.0,0.0,0.0,0.0,-0.002789959106147533,0.0,0.0,0.0,0.0,0.0,-0.0030224500743513873,0.0,0.0,0.0,0.0,0.0,0.0,0.0,0.0,0.0,0.0,0.0,-0.002664730514053266,0.0,0.0,0.0,0.0,0.0,-0.0008053017934149462,0.0,0.0,0.0,0.0,0.0,-0.0022826355738895417,0.0,0.0,0.0,0.0,0.0,0.0,0.0
24812,0.0,0.0,0.0,-0.0011269326703652882,0.0,-0.00016767151130415991,0.0,0.0,0.0,0.0,0.0,0.0,0.0,-0.0005283095362371704,0.0,-0.0006249407262407629,0.0,0.0,0.0,0.0,0.0,-0.0007724400558054706,0.0,0.0,0.0,0.0,0.0,0.0,0.0,0.0,0.0,-0.0005441407259321705,-0.0009518240967061123,0.0,0.0,0.0,-0.001149356397985083,0.0,0.0,0.0,0.0,0.0,0.0,0.0,0.0,0.0,0.0,0.0,0.0,0.0,0.0,0.0,0.0,0.0,0.0,0.0,0.0,0.0,0.0,0.0,0.0,0.0,0.0,0.0,-9.158990727147626e-05,0.0,0.0,-0.0008614993696337385,0.0,0.0,-0.0003233823512777921,0.0,0.0,0.0,0.0,0.0,0.0,0.0,0.0,0.0,0.0,0.0,0.0,0.0,0.0,0.0,0.0,0.0,0.0,0.0,0.0,0.0,0.0,0.0,0.0,0.0,0.0,0.0,0.0,-0.0018544128576931315,0.0,0.0,0.0,0.0,0.0,0.0,0.0,0.0,0.0,0.0,0.0,0.0,0.0,0.0,0.0,0.0,0.0,0.0,-0.00018334702502746485,0.0,0.0,0.0,0.0,0.0,0.0,0.0,0.0,0.0,0.0,0.0,0.0,0.0,0.0,-0.0006030774024582547,0.0,0.0,0.0,0.0,0.0,0.0,-0.0027354447937190957,0.0,0.0,0.0,0.0,0.0,0.0,0.0,0.0,0.0,0.0,0.0,0.0,0.0,0.0,0.0,0.0,0.0,0.0,-0.0002080788809246028,0.0,0.0,0.0,0.0,0.0,0.0,0.0,0.0,0.0,0.0,-0.0004097349804101716,0.0,0.0,0.0,0.0,0.0,-0.0006537775984325391,0.0,0.0,0.0,0.0,0.0,0.0,0.0,-0.001188888306657438,0.0,0.0,0.0,0.0,0.0,-0.002002646775511367,0.0,0.0,0.0,0.0,0.0,0.0,0.0,0.0,0.0,0.0,0.0,-0.0037172267311579767,0.0,0.0,0.0,0.0,0.0,-0.0035193126610992102,0.0,0.0,0.0,0.0,0.0,0.0,0.0,0.0,0.0,0.0,0.0,-0.002603784957755005,0.0,0.0,0.0,0.0,0.0,-0.0018621128555868609,0.0,0.0,0.0,0.0,0.0,-0.0008730350485759847,0.0,0.0,0.0,0.0,0.0,0.0,0.0
24813,0.0,0.0,0.0,-0.0008552412144862296,0.0,0.0,0.0,0.0,0.0,0.0,0.0,0.0,0.0,-0.0004265818365107052,0.0,-0.000582750505303091,0.0,0.0,0.0,0.0,0.0,-0.0006229799234070644,0.0,0.0,0.0,0.0,0.0,0.0,0.0,0.0,0.0,0.0,0.0,0.0,-0.00023427955133474652,0.0,-0.002040627608750571,0.0,0.0,0.0,0.0,0.0,0.0,0.0,0.0,0.0,0.0,0.0,0.0,0.0,0.0,0.0,0.0,0.0,0.0,0.0,0.0,0.0,0.0,0.0,0.0,0.0,0.0,0.0,0.0,0.0,0.0,-0.0012854170011001396,0.0,0.0,-0.001121347368568201,0.0,0.0,0.0,0.0,0.0,0.0,0.0,0.0,0.0,0.0,0.0,0.0,0.0,0.0,0.0,0.0,0.0,0.0,0.0,0.0,-0.0010862632558862294,0.0,0.0,0.0,0.0,0.0,0.0,0.0,0.0,0.0,0.0,0.0,0.0,0.0,0.0,0.0,0.0,0.0,0.0,0.0,0.0,0.0,0.0,0.0,0.0,0.0,0.0,0.0,0.0,0.0,0.0,0.0,0.0,0.0,0.0,0.0,0.0,0.0,0.0,0.0,0.0,0.0,-0.0008827109947693655,0.0,0.0,0.0,0.0,0.0,0.0,-0.002731336072647702,0.0,0.0,0.0,0.0,0.0,0.0,0.0,0.0,0.0,0.0,0.0,0.0,0.0,0.0,0.0,0.0,0.0,0.0,-0.0008105754268916271,0.0,0.0,0.0,0.0,0.0,0.0,0.0,0.0,0.0,0.0,-0.0011429936549265047,0.0,0.0,0.0,0.0,0.0,0.0,0.0,0.0,0.0,0.0,0.0,0.0,0.0,-0.001545584938075651,0.0,0.0,0.0,0.0,0.0,-0.0019356245607272142,0.0,0.0,0.0,0.0,0.0,0.0,0.0,0.0,0.0,0.0,0.0,-0.003069929240428518,0.0,0.0,0.0,0.0,0.0,-0.0029365689992201863,0.0,0.0,0.0,0.0,0.0,0.0,0.0,0.0,0.0,0.0,0.0,-0.0033653812314320894,0.0,0.0,0.0,0.0,0.0,-0.0012061897295745291,0.0,0.0,0.0,0.0,0.0,-0.0017706845609122349,0.0,0.0,0.0,0.0,0.0,0.0,0.0
24814,0.0,0.0,0.0,-0.0005295365904609379,0.0,0.0,0.0,0.0,0.0,0.0,0.0,0.0,0.0,-0.00011769587216058867,0.0,0.0,0.0,0.0,0.0,0.0,0.0,-0.0009444232314233256,0.0,0.0,0.0,0.0,0.0,0.0,0.0,0.0,0.0,0.0,-0.0005406132002930045,0.0,-0.00015133073825157953,0.0,-0.0014102805758971241,0.0,0.0,0.0,0.0,0.0,0.0,0.0,0.0,0.0,0.0,0.0,0.0,-0.0005790500679857813,0.0,0.0,0.0,0.0,0.0,0.0,0.0,0.0,0.0,0.0,0.0,0.0,0.0,0.0,-0.0004304523601325145,0.0,0.0,-0.0004238200238065948,0.0,0.0,-0.0005921247817777184,0.0,0.0,0.0,0.0,0.0,-0.0010793522090935838,0.0,0.0,0.0,0.0,0.0,0.0,0.0,0.0,0.0,0.0,-0.0004701074710601089,0.0,0.0,0.0,-0.0005358454834115615,0.0,0.0,0.0,0.0,0.0,0.0,0.0,-0.0011675530352240867,0.0,0.0,0.0,0.0,0.0,0.0,0.0,0.0,0.0,0.0,0.0,0.0,0.0,0.0,0.0,0.0,0.0,0.0,0.0,0.0,0.0,0.0,0.0,0.0,0.0,0.0,0.0,0.0,0.0,0.0,0.0,0.0,0.0,-0.0006881232829299222,0.0,0.0,0.0,0.0,0.0,0.0,0.0,-0.0027567530041567555,0.0,0.0,0.0,0.0,0.0,0.0,0.0,0.0,0.0,0.0,0.0,0.0,0.0,0.0,0.0,0.0,0.0,-0.0009143947837241817,0.0,0.0,0.0,0.0,0.0,0.0,0.0,0.0,0.0,0.0,0.0,0.0,0.0,0.0,0.0,0.0,0.0,0.0,0.0,0.0,0.0,0.0,0.0,0.0,-0.0017651564772144385,0.0,0.0,0.0,0.0,0.0,-0.0015564484142396742,0.0,0.0,0.0,0.0,0.0,0.0,0.0,0.0,0.0,0.0,0.0,-0.0032877970261550645,0.0,0.0,0.0,0.0,0.0,-0.0033012983000081757,0.0,0.0,0.0,0.0,0.0,0.0,0.0,0.0,0.0,0.0,0.0,-0.0035150669113846005,0.0,0.0,0.0,0.0,0.0,-0.001999978441240915,0.0,0.0,0.0,0.0,0.0,-0.0009133425923555961,0.0,0.0,0.0,0.0,0.0,0.0,0.0
24815,0.0,0.0,0.0,-0.0006115202068982238,0.0,0.0,0.0,0.0,0.0,0.0,0.0,0.0,0.0,-0.0006207861410724388,0.0,-0.00039898421622918453,0.0,0.0,0.0,0.0,0.0,-0.000347309270800498,0.0,0.0,0.0,0.0,0.0,0.0,0.0,0.0,0.0,0.0,0.0,0.0,0.0,0.0,-0.00187004335983228,0.0,0.0,0.0,0.0,0.0,0.0,0.0,0.0,0.0,0.0,0.0,0.0,0.0,0.0,0.0,0.0,0.0,0.0,0.0,0.0,0.0,0.0,0.0,0.0,0.0,0.0,0.0,0.0,0.0,0.0,-0.0015571642495413019,0.0,0.0,-0.0006146176467224486,0.0,0.0,0.0,0.0,0.0,0.0,0.0,0.0,0.0,0.0,0.0,0.0,0.0,0.0,0.0,0.0,0.0,0.0,0.0,0.0,-0.00041724142831529734,0.0,0.0,0.0,0.0,0.0,0.0,0.0,0.0,0.0,0.0,0.0,0.0,0.0,0.0,0.0,0.0,0.0,0.0,0.0,0.0,0.0,0.0,0.0,0.0,0.0,0.0,0.0,0.0,0.0,0.0,0.0,0.0,0.0,0.0,0.0,0.0,0.0,0.0,0.0,0.0,0.0,-0.0005439987879875905,0.0,0.0,0.0,0.0,0.0,0.0,0.0,-0.0025422035405310555,0.0,0.0,0.0,0.0,0.0,0.0,0.0,0.0,0.0,0.0,0.0,0.0,0.0,0.0,0.0,0.0,0.0,-0.0005350818235491639,0.0,0.0,0.0,0.0,0.0,0.0,0.0,0.0,0.0,0.0,-0.0009184293726405136,0.0,0.0,0.0,0.0,0.0,0.0,0.0,0.0,0.0,0.0,0.0,0.0,0.0,-0.0019717414717672346,0.0,0.0,0.0,0.0,0.0,-0.0025756936570829323,0.0,0.0,0.0,0.0,0.0,0.0,0.0,0.0,0.0,0.0,0.0,-0.003177479900416381,0.0,0.0,0.0,0.0,0.0,-0.0033632092965251636,0.0,0.0,0.0,0.0,0.0,0.0,0.0,0.0,0.0,0.0,0.0,-0.0031552652753353942,0.0,0.0,0.0,0.0,0.0,-0.0017184335561207832,0.0,0.0,0.0,0.0,0.0,-0.002354044271591721,0.0,0.0,0.0,0.0,0.0,0.0,0.0
24816,0.0,0.0,0.0,-0.0018885379443387097,0.0,0.0,0.0,0.0,0.0,0.0,0.0,0.0,0.0,0.0,0.0,0.0,0.0,0.0,0.0,0.0,0.0,0.0,0.0,0.0,0.0,0.0,0.0,0.0,0.0,0.0,0.0,0.0,-0.0004639741473893488,0.0,0.0,0.0,-0.0023695785939944333,0.0,0.0,0.0,0.0,0.0,0.0,0.0,0.0,0.0,0.0,0.0,0.0,0.0,0.0,0.0,0.0,0.0,0.0,0.0,0.0,0.0,0.0,0.0,0.0,0.0,0.0,0.0,0.0,0.0,0.0,0.0,0.0,0.0,0.0,0.0,0.0,0.0,0.0,0.0,0.0,0.0,0.0,0.0,0.0,0.0,0.0,0.0,0.0,0.0,0.0,-0.0010577079666530664,0.0,0.0,0.0,0.0,0.0,0.0,0.0,0.0,0.0,0.0,0.0,-0.0008204883155181414,0.0,0.0,0.0,0.0,0.0,0.0,0.0,0.0,0.0,0.0,0.0,0.0,0.0,0.0,0.0,0.0,0.0,0.0,0.0,0.0,0.0,0.0,0.0,0.0,0.0,0.0,0.0,0.0,0.0,0.0,0.0,0.0,0.0,0.0,0.0,0.0,0.0,0.0,0.0,0.0,0.0,-0.0027285763417799645,0.0,0.0,0.0,0.0,0.0,0.0,0.0,0.0,0.0,0.0,0.0,0.0,0.0,0.0,0.0,0.0,0.0,-0.0005390866003571596,0.0,0.0,0.0,0.0,0.0,0.0,0.0,0.0,0.0,0.0,0.0,0.0,0.0,0.0,0.0,0.0,-0.0010989543707721982,0.0,0.0,0.0,0.0,0.0,0.0,0.0,-0.001555829261288685,0.0,0.0,0.0,0.0,0.0,-0.0032744543314673392,0.0,0.0,0.0,0.0,0.0,0.0,0.0,0.0,0.0,0.0,0.0,-0.0029342982312428904,0.0,0.0,0.0,0.0,0.0,-0.0038077752507056474,0.0,0.0,0.0,0.0,0.0,0.0,0.0,0.0,0.0,0.0,0.0,-0.0028993264757457317,0.0,0.0,0.0,0.0,0.0,-0.002159131975911662,0.0,0.0,0.0,0.0,0.0,-0.0020728250672228526,0.0,0.0,0.0,0.0,0.0,0.0,0.0
24817,0.0,0.0,0.0,-0.0008904332973508292,0.0,0.0,0.0,0.0,0.0,0.0,0.0,0.0,0.0,-0.001168973470586412,0.0,-0.0007543098948980496,0.0,0.0,0.0,0.0,0.0,-0.0009551290881507218,0.0,0.0,0.0,0.0,0.0,0.0,0.0,0.0,0.0,0.0,-0.00025154011414797034,0.0,0.0,0.0,-0.0017556649677061033,0.0,0.0,0.0,0.0,0.0,0.0,0.0,0.0,0.0,0.0,0.0,0.0,0.0,0.0,0.0,0.0,0.0,0.0,0.0,0.0,0.0,0.0,0.0,0.0,0.0,0.0,0.0,0.0,0.0,0.0,-0.0013260229173789745,0.0,0.0,-0.0015267371557638517,0.0,0.0,0.0,0.0,0.0,0.0,0.0,0.0,0.0,0.0,0.0,0.0,0.0,0.0,0.0,0.0,0.0,0.0,0.0,0.0,-0.0008519934010895597,0.0,0.0,0.0,0.0,0.0,0.0,0.0,0.0,0.0,0.0,0.0,0.0,0.0,0.0,0.0,0.0,0.0,0.0,0.0,0.0,0.0,0.0,0.0,0.0,0.0,0.0,0.0,0.0,0.0,0.0,0.0,0.0,0.0,0.0,0.0,0.0,0.0,0.0,0.0,0.0,0.0,-0.00034179116607623364,0.0,0.0,0.0,0.0,0.0,0.0,0.0,-0.0023752812983439363,0.0,0.0,0.0,0.0,0.0,0.0,0.0,0.0,0.0,0.0,0.0,0.0,0.0,0.0,0.0,0.0,0.0,-0.0006272206500218779,0.0,0.0,0.0,0.0,0.0,0.0,0.0,0.0,0.0,0.0,-0.000809450863633104,0.0,0.0,0.0,0.0,0.0,-0.0004015165092618872,0.0,0.0,0.0,0.0,0.0,0.0,0.0,-0.0016201717097660377,0.0,0.0,0.0,0.0,0.0,-0.0028306820622550927,0.0,0.0,0.0,0.0,0.0,0.0,0.0,0.0,0.0,0.0,0.0,-0.0029106921024624303,0.0,0.0,0.0,0.0,0.0,-0.002990210963897859,0.0,0.0,0.0,0.0,0.0,0.0,0.0,0.0,0.0,0.0,0.0,-0.0026441663238109085,0.0,0.0,0.0,0.0,0.0,-0.0007027451321540527,0.0,0.0,0.0,0.0,0.0,-0.0015585143842037144,0.0,0.0,0.0,0.0,0.0,0.0,0.0
24818,-0.0005620785530254387,0.0,0.0,-0.00036724131862162916,0.0,0.0,0.0,0.0,0.0,0.0,0.0,0.0,0.0,0.0,0.0,0.0,0.0,0.0,0.0,0.0,0.0,-0.0002584088223388619,0.0,0.0,0.0,0.0,0.0,0.0,0.0,0.0,0.0,0.0,-0.0018516615845977056,0.0,0.0,0.0,-0.001003613321872945,0.0,0.0,0.0,0.0,0.0,0.0,0.0,0.0,0.0,0.0,0.0,0.0,-0.0006030261095156505,0.0,0.0,0.0,0.0,0.0,0.0,0.0,0.0,0.0,0.0,0.0,0.0,0.0,0.0,0.0,0.0,0.0,0.0,-0.0012722925665064715,0.0,0.0,0.0,0.0,-0.0002953727511635007,0.0,0.0,-0.0011958544772174297,0.0,0.0,0.0,0.0,0.0,0.0,0.0,0.0,0.0,0.0,-0.0005242258314293152,0.0,0.0,0.0,0.0,0.0,0.0,0.0,0.0,0.0,0.0,0.0,-0.0027158235084838154,0.0,0.0,0.0,0.0,0.0,0.0,0.0,0.0,0.0,0.0,0.0,0.0,0.0,0.0,0.0,0.0,0.0,0.0,0.0,0.0,0.0,0.0,0.0,0.0,0.0,0.0,0.0,0.0,0.0,0.0,0.0,0.0,0.0,0.0,-0.00028063674604226536,0.0,0.0,0.0,0.0,0.0,0.0,0.0,0.0,0.0,0.0,0.0,0.0,0.0,0.0,0.0,-0.0021636249555344834,0.0,0.0,0.0,0.0,0.0,0.0,0.0,0.0,0.0,0.0,0.0,0.0,0.0,0.0,0.0,0.0,0.0,0.0,0.0,-0.0003972726921404417,0.0,0.0,0.0,0.0,0.0,-0.0007086285885821086,0.0,0.0,0.0,0.0,0.0,0.0,0.0,-0.002273471024951345,0.0,0.0,0.0,0.0,0.0,-0.0034725360005911847,0.0,0.0,0.0,0.0,0.0,0.0,0.0,0.0,0.0,0.0,0.0,-0.0034772262419985587,0.0,0.0,0.0,0.0,0.0,-0.0020970855086141767,0.0,0.0,0.0,0.0,0.0,0.0,0.0,0.0,0.0,0.0,0.0,-0.00287508963031203,0.0,0.0,0.0,0.0,0.0,-4.7051366730737724e-05,0.0,0.0,0.0,0.0,0.0,-0.0013785735450804505,0.0,0.0,0.0,0.0,0.0,0.0,0.0
24819,0.0,0.0,0.0,-0.0008349908769574692,0.0,0.0,-0.000764940867886657,0.0,0.0,0.0,0.0,0.0,0.0,-0.00048277395165637754,0.0,-0.00037582241220889337,0.0,0.0,0.0,0.0,0.0,-0.0003990434088275152,0.0,0.0,0.0,0.0,0.0,0.0,0.0,0.0,0.0,0.0,0.0,0.0,0.0,0.0,-0.0026128714358580885,0.0,0.0,0.0,0.0,0.0,0.0,0.0,0.0,0.0,0.0,0.0,0.0,0.0,0.0,0.0,0.0,0.0,0.0,0.0,0.0,0.0,0.0,0.0,0.0,0.0,0.0,0.0,0.0,0.0,0.0,0.0,-0.0012788032326014782,0.0,-0.0023617225557416403,0.0,0.0,-0.0011136040072027668,0.0,0.0,0.0,-0.0007121182214374286,0.0,0.0,0.0,0.0,0.0,0.0,0.0,0.0,0.0,0.0,0.0,0.0,0.0,0.0,0.0,0.0,0.0,0.0,0.0,0.0,0.0,0.0,0.0,0.0,0.0,0.0,0.0,0.0,0.0,0.0,0.0,0.0,0.0,0.0,0.0,0.0,0.0,0.0,0.0,0.0,0.0,0.0,0.0,0.0,0.0,0.0,0.0,0.0,0.0,0.0,0.0,0.0,0.0,0.0,0.0,0.0,-0.0011546643230269278,0.0,0.0,0.0,0.0,0.0,0.0,0.0,0.0,0.0,0.0,0.0,0.0,0.0,0.0,0.0,-0.0010051978031068772,0.0,0.0,0.0,0.0,0.0,0.0,0.0,0.0,-0.0010670363415830574,0.0,0.0,0.0,0.0,0.0,0.0,0.0,0.0,0.0,0.0,-0.0009312048440103821,0.0,0.0,0.0,0.0,0.0,0.0,0.0,0.0,0.0,0.0,0.0,0.0,0.0,-0.0014343359806245261,0.0,0.0,0.0,0.0,0.0,-0.002217948177811759,0.0,0.0,0.0,0.0,0.0,0.0,0.0,0.0,0.0,0.0,0.0,-0.002810874273091549,-0.0008792774128121607,0.0,0.0,0.0,0.0,-0.004252529263862406,0.0,0.0,0.0,0.0,0.0,0.0,0.0,0.0,0.0,0.0,0.0,-0.0033087532467940654,0.0,0.0,0.0,0.0,0.0,0.0,0.0,0.0,0.0,0.0,0.0,-0.0004417852463666945,0.0,0.0,0.0,0.0,0.0,0.0,0.0
24822,0.0,0.0,0.0,-0.0011080817979775743,0.0,0.0,0.0,0.0,0.0,0.0,0.0,0.0,0.0,-0.0004954206912956214,0.0,0.0,0.0,0.0,0.0,0.0,0.0,-0.0004951932062881607,0.0,0.0,0.0,0.0,0.0,0.0,0.0,0.0,0.0,0.0,-0.0008633798401062461,0.0,0.0,0.0,-0.0013845995282916977,0.0,0.0,0.0,0.0,0.0,0.0,0.0,0.0,0.0,0.0,0.0,0.0,-0.00024247003001851955,0.0,0.0,0.0,0.0,0.0,0.0,0.0,0.0,0.0,0.0,0.0,0.0,0.0,0.0,0.0,0.0,0.0,0.0,-0.0007622884529198123,0.0,-0.0013910576935349038,0.0,0.0,-0.0015604454052724516,0.0,0.0,-0.001378457420178002,0.0,0.0,0.0,0.0,0.0,0.0,0.0,0.0,0.0,0.0,0.0,0.0,0.0,0.0,0.0,0.0,0.0,0.0,0.0,0.0,0.0,0.0,-0.0015188929060373077,0.0,0.0,0.0,0.0,0.0,0.0,0.0,0.0,0.0,0.0,0.0,0.0,0.0,0.0,0.0,0.0,0.0,0.0,0.0,0.0,0.0,0.0,0.0,0.0,0.0,0.0,0.0,0.0,0.0,0.0,0.0,0.0,0.0,0.0,-0.0007115222194812398,0.0,0.0,0.0,0.0,0.0,0.0,0.0,0.0,0.0,0.0,0.0,0.0,0.0,0.0,0.0,0.0,-0.003052498407988366,0.0,0.0,0.0,0.0,0.0,0.0,0.0,-0.0003025021958831884,0.0,0.0,0.0,0.0,0.0,0.0,0.0,0.0,0.0,0.0,0.0,0.0,0.0,0.0,0.0,0.0,-0.0008882976688544285,0.0,0.0,0.0,0.0,0.0,0.0,0.0,-0.0016995159480217873,0.0,0.0,0.0,0.0,0.0,-0.0022450932270493087,0.0,0.0,0.0,0.0,0.0,0.0,0.0,0.0,0.0,0.0,0.0,-0.0030474181259265015,0.0,0.0,0.0,0.0,0.0,-0.0021676653045335412,0.0,0.0,0.0,0.0,0.0,0.0,0.0,0.0,0.0,0.0,0.0,-0.0025308288310033236,0.0,0.0,0.0,0.0,0.0,-0.0017872270282725084,0.0,0.0,0.0,0.0,0.0,-0.0017565676914860565,0.0,0.0,0.0,0.0,0.0,0.0,0.0
24823,0.0,0.0,0.0,-0.0017753623393840273,0.0,0.0,0.0,0.0,0.0,0.0,0.0,0.0,0.0,-0.0003000577668703004,0.0,-0.0015580613026375664,0.0,0.0,0.0,0.0,0.0,0.0,0.0,0.0,0.0,0.0,0.0,0.0,0.0,0.0,0.0,0.0,0.0,0.0,0.0,0.0,-0.0014395997328458421,0.0,0.0,0.0,-0.00035412520250426276,0.0,-0.0006332316100537676,0.0,0.0,0.0,0.0,0.0,0.0,0.0,0.0,0.0,0.0,0.0,0.0,0.0,0.0,0.0,0.0,0.0,0.0,0.0,0.0,0.0,0.0,0.0,0.0,0.0,0.0,0.0,-0.0013649138032021033,0.0,0.0,-0.002489102765106786,0.0,0.0,0.0,0.0,0.0,0.0,0.0,0.0,0.0,0.0,0.0,0.0,0.0,0.0,0.0,0.0,0.0,0.0,-0.000470458510374725,0.0,0.0,0.0,0.0,0.0,0.0,0.0,0.0,0.0,0.0,0.0,0.0,0.0,0.0,0.0,0.0,0.0,0.0,0.0,0.0,0.0,0.0,0.0,0.0,0.0,0.0,0.0,0.0,0.0,0.0,0.0,0.0,0.0,0.0,0.0,0.0,0.0,0.0,0.0,0.0,0.0,-0.0026539933390747096,0.0,0.0,0.0,0.0,0.0,0.0,0.0,0.0,0.0,0.0,0.0,0.0,0.0,0.0,0.0,0.0,-0.00203924652834227,0.0,0.0,0.0,0.0,0.0,0.0,0.0,-0.0013868238192420472,0.0,0.0,0.0,0.0,0.0,0.0,0.0,0.0,0.0,0.0,0.0,0.0,0.0,0.0,0.0,0.0,-0.0010993908346192197,-0.0005960505835238125,0.0,0.0,0.0,-0.0005309796801819659,0.0,0.0,-0.0015330845733646887,0.0,0.0,0.0,0.0,0.0,-0.0014829300995019472,0.0,0.0,0.0,0.0,0.0,0.0,0.0,0.0,0.0,0.0,0.0,-0.0037150492024162905,0.0,0.0,0.0,0.0,0.0,-0.0039058056943309296,0.0,0.0,0.0,0.0,0.0,0.0,0.0,0.0,0.0,0.0,0.0,-0.002584983233359353,0.0,0.0,0.0,0.0,0.0,-9.451948767841398e-05,0.0,0.0,0.0,0.0,0.0,3.532738061429869e-05,0.0,0.0,0.0,0.0,0.0,0.0,0.0
