cpus,n_layers,n_bottleneck,epochs,batch_size,verbose,learning_rate,shuffle,n_inputs,seed,max_fraud_eval,min_detect_eval,max_fraud_test,min_detect_test,fraud_ranks_eval,rank_mean_eval,rank_std_eval,fraud_ranks_test,rank_mean_test,rank_std_test,auc_pr_eval,auc_pr_test,auc_roc_eval,auc_roc_test
8.0,4.0,16.0,100.0,32.0,2.0,0.0001,1.0,243.0,0.0,-0.0006571738,2093.0,-0.0005449554,1074.0,"[1, 2, 3, 4, 8, 9, 18, 24, 25, 27, 28, 29, 50, 54, 58, 97, 99, 101, 104, 105, 107, 116, 124, 125, 127, 130, 131, 137, 170, 206, 209, 213, 236, 242, 293, 298, 301, 306, 374, 383, 484, 609, 1540, 1781, 1790, 1875, 1951, 1991, 2046, 2093]",424.68,652.6418141676182,"[1, 2, 3, 4, 5, 6, 7, 8, 9, 10, 11, 12, 13, 15, 16, 17, 18, 21, 23, 24, 26, 27, 28, 29, 30, 31, 32, 33, 35, 36, 37, 38, 39, 40, 41, 42, 43, 44, 46, 48, 51, 53, 54, 59, 60, 68, 69, 73, 85, 86, 87, 88, 90, 91, 93, 95, 96, 97, 119, 124, 141, 143, 147, 155, 167, 173, 182, 235, 247, 248, 258, 296, 368, 369, 377, 378, 424, 454, 461, 465, 700, 724, 819, 828, 1061, 1074]",156.7674418604651,231.00083934301367,0.2559822850254228,0.6418645251520384,0.9891499673273796,0.9969712793408289
8.0,3.0,16.0,100.0,32.0,2.0,0.0001,1.0,243.0,0.0,-0.002574693,1229.0,-0.0013775887,1622.0,"[2, 3, 4, 5, 15, 16, 18, 19, 23, 26, 27, 28, 61, 62, 66, 67, 71, 72, 73, 74, 75, 114, 128, 135, 137, 140, 190, 196, 197, 200, 201, 205, 217, 224, 301, 316, 332, 348, 363, 368, 397, 407, 424, 432, 510, 527, 631, 645, 1192, 1229]",230.26,263.70307620503786,"[1, 2, 3, 4, 5, 6, 7, 8, 9, 10, 11, 12, 13, 14, 15, 16, 17, 18, 20, 21, 22, 23, 25, 29, 32, 35, 38, 39, 40, 41, 50, 51, 52, 53, 54, 56, 58, 59, 60, 61, 62, 64, 66, 68, 85, 87, 88, 89, 90, 91, 95, 97, 98, 99, 100, 102, 103, 109, 110, 115, 122, 126, 133, 136, 137, 140, 198, 213, 238, 243, 284, 294, 402, 403, 414, 415, 431, 434, 450, 473, 481, 485, 488, 492, 1617, 1622]",160.22093023255815,267.1970965394921,0.2375849638219485,0.6107027238788157,0.9944434763668044,0.9968787446184982
8.0,2.0,16.0,100.0,32.0,2.0,0.0001,1.0,243.0,0.0,-0.0034466833,2189.0,-0.006682692,989.0,"[5, 6, 13, 14, 21, 22, 30, 33, 35, 36, 41, 42, 55, 56, 69, 71, 75, 76, 77, 78, 80, 89, 105, 106, 113, 114, 153, 154, 156, 158, 183, 187, 197, 201, 207, 212, 213, 214, 275, 284, 356, 362, 447, 481, 825, 862, 1914, 2060, 2116, 2189]",317.36,546.686116889756,"[1, 2, 3, 4, 5, 7, 8, 9, 13, 14, 15, 16, 18, 19, 23, 24, 25, 26, 27, 28, 29, 31, 32, 33, 34, 35, 37, 38, 39, 40, 45, 47, 50, 51, 53, 55, 56, 57, 58, 59, 60, 61, 62, 63, 64, 65, 66, 67, 69, 70, 71, 72, 74, 75, 76, 77, 78, 79, 116, 117, 134, 139, 141, 143, 151, 154, 180, 182, 202, 207, 208, 219, 270, 271, 279, 280, 424, 442, 537, 629, 903, 927, 968, 972, 986, 989]",157.96511627906978,247.02779467352565,0.1900593599623576,0.5929601016663403,0.992066815508604,0.9969377861332512
8.0,4.0,32.0,100.0,32.0,2.0,0.0001,1.0,243.0,0.0,-0.00010766116,2735.0,-0.00012990745,1020.0,"[1, 2, 3, 6, 7, 8, 9, 10, 15, 18, 19, 26, 45, 46, 49, 82, 83, 94, 96, 97, 101, 102, 106, 109, 165, 166, 170, 171, 195, 196, 197, 198, 225, 226, 1342, 1352, 1364, 1368, 1644, 1775, 1889, 2105, 2118, 2167, 2169, 2251, 2264, 2414, 2435, 2735]",688.7,908.5854115051594,"[1, 2, 3, 4, 5, 6, 7, 8, 9, 10, 11, 12, 13, 14, 15, 16, 17, 18, 19, 20, 21, 22, 23, 24, 25, 26, 27, 30, 31, 32, 33, 34, 38, 39, 41, 42, 43, 44, 45, 46, 47, 49, 50, 52, 55, 56, 57, 58, 76, 78, 80, 82, 83, 85, 86, 93, 127, 135, 178, 180, 195, 196, 204, 205, 215, 216, 219, 221, 223, 224, 225, 234, 299, 309, 314, 330, 335, 344, 504, 512, 812, 864, 893, 938, 951, 1020]",157.96511627906978,235.7248320766071,0.2728153754655978,0.67403706432787,0.981961446307994,0.9969391881744988
8.0,3.0,32.0,100.0,32.0,2.0,0.0001,1.0,243.0,0.0,-6.417349e-05,2611.0,-0.00010369817,1139.0,"[1, 2, 3, 4, 6, 7, 18, 19, 21, 22, 25, 30, 96, 97, 102, 106, 107, 108, 110, 111, 115, 121, 161, 162, 166, 193, 194, 196, 197, 199, 204, 207, 248, 349, 1129, 1136, 1219, 1226, 1388, 1441, 1724, 1755, 1766, 1955, 2086, 2147, 2162, 2250, 2566, 2611]",645.36,830.4606856438178,"[1, 2, 3, 4, 5, 6, 7, 8, 11, 12, 13, 14, 15, 17, 18, 19, 20, 21, 22, 23, 24, 29, 30, 34, 36, 37, 38, 39, 40, 43, 44, 45, 46, 47, 48, 49, 50, 51, 52, 53, 54, 55, 59, 60, 61, 62, 64, 65, 66, 78, 79, 113, 118, 119, 133, 148, 149, 156, 157, 198, 200, 201, 202, 203, 207, 210, 213, 216, 227, 237, 277, 283, 301, 344, 362, 363, 378, 382, 403, 415, 608, 680, 696, 793, 1072, 1139]",159.09302325581396,220.7990050906015,0.2397215826811357,0.585586053895268,0.9831362992812024,0.9969075643552512
8.0,2.0,32.0,100.0,32.0,2.0,0.0001,1.0,243.0,0.0,-0.0001307623,2384.0,-0.00017105117,1231.0,"[1, 2, 3, 4, 5, 6, 7, 8, 9, 10, 15, 16, 94, 95, 102, 103, 116, 119, 120, 121, 122, 125, 130, 131, 174, 176, 184, 185, 199, 201, 204, 205, 210, 211, 258, 271, 447, 908, 1142, 1149, 1686, 1773, 1854, 1855, 1866, 1894, 1907, 1916, 2306, 2384]",540.58,747.827870301716,"[1, 2, 3, 4, 7, 8, 9, 10, 11, 13, 14, 15, 16, 17, 18, 20, 21, 22, 24, 25, 26, 27, 34, 35, 39, 40, 42, 43, 44, 45, 46, 47, 48, 55, 57, 62, 66, 68, 77, 78, 80, 81, 83, 84, 87, 90, 92, 93, 96, 97, 99, 102, 104, 105, 111, 112, 146, 155, 162, 163, 171, 172, 173, 174, 175, 176, 177, 178, 180, 193, 214, 220, 232, 234, 245, 249, 521, 536, 553, 554, 556, 562, 703, 716, 1170, 1231]",158.67441860465115,227.73967399869983,0.3125181528236599,0.5375026136021446,0.9859943367458068,0.996920182726478
8.0,4.0,16.0,100.0,32.0,2.0,0.001,1.0,243.0,0.0,-0.00019527617,2542.0,-0.00020481712,1128.0,"[1, 2, 3, 4, 5, 6, 7, 10, 11, 14, 18, 31, 43, 48, 50, 51, 58, 59, 61, 72, 76, 104, 142, 149, 153, 154, 161, 164, 188, 256, 292, 295, 327, 341, 525, 537, 542, 613, 954, 968, 1984, 2040, 2075, 2113, 2137, 2166, 2269, 2295, 2463, 2542]",591.58,840.6490371135864,"[1, 2, 3, 4, 5, 6, 7, 8, 9, 10, 11, 12, 13, 14, 15, 16, 17, 18, 19, 20, 21, 23, 24, 25, 26, 27, 28, 29, 30, 32, 33, 34, 36, 37, 39, 40, 43, 46, 48, 49, 55, 57, 63, 68, 73, 74, 84, 91, 92, 94, 95, 103, 104, 108, 114, 115, 118, 123, 127, 134, 139, 144, 181, 182, 185, 194, 226, 237, 254, 385, 386, 393, 467, 480, 481, 485, 525, 526, 608, 643, 693, 737, 753, 813, 1026, 1128]",174.91860465116278,246.21215162407265,0.3092947582508795,0.6397331180793009,0.9846005772162928,0.996483524769084
8.0,3.0,16.0,100.0,32.0,2.0,0.001,1.0,243.0,0.0,-0.00038143367,2587.0,-0.0003199158,1203.0,"[1, 2, 3, 9, 10, 11, 13, 14, 15, 18, 20, 21, 49, 50, 56, 59, 63, 99, 102, 103, 107, 108, 112, 113, 117, 128, 147, 187, 188, 222, 384, 388, 393, 405, 451, 453, 1042, 1061, 1080, 1273, 1529, 1592, 1621, 1680, 1954, 2341, 2481, 2546, 2561, 2587]",599.38,822.6574716125782,"[1, 2, 3, 4, 5, 6, 7, 8, 9, 10, 11, 12, 13, 14, 15, 16, 17, 18, 19, 20, 21, 22, 23, 24, 25, 28, 29, 32, 33, 34, 35, 36, 37, 38, 40, 41, 42, 43, 45, 46, 49, 50, 53, 57, 61, 62, 63, 64, 66, 67, 69, 72, 76, 77, 78, 79, 93, 156, 161, 163, 199, 200, 206, 229, 230, 233, 236, 246, 253, 254, 291, 292, 296, 297, 327, 329, 331, 369, 465, 484, 669, 686, 771, 839, 1165, 1203]",158.13953488372093,237.12116237547272,0.2518193986202826,0.6717023650312152,0.9843933783489436,0.9969345147036738
8.0,2.0,16.0,100.0,32.0,2.0,0.001,1.0,243.0,0.0,-0.0029091917,1890.0,-0.0028673054,1952.0,"[1, 2, 3, 4, 7, 8, 11, 12, 15, 23, 28, 38, 47, 49, 104, 105, 106, 110, 112, 114, 121, 122, 124, 125, 126, 127, 140, 145, 193, 195, 199, 202, 205, 210, 217, 239, 268, 275, 326, 331, 345, 357, 733, 742, 777, 782, 1488, 1632, 1823, 1890]",307.16,458.8330136335004,"[1, 2, 3, 4, 5, 6, 7, 8, 9, 10, 12, 13, 14, 15, 16, 17, 18, 20, 21, 22, 26, 27, 28, 30, 31, 36, 41, 43, 45, 46, 47, 48, 49, 50, 51, 52, 53, 54, 56, 57, 58, 62, 63, 65, 73, 75, 82, 83, 90, 94, 105, 106, 115, 119, 120, 142, 143, 152, 155, 171, 172, 173, 180, 181, 182, 185, 186, 187, 212, 247, 414, 432, 598, 599, 629, 630, 635, 648, 671, 685, 729, 740, 807, 839, 1884, 1952]",208.8720930232558,346.0776494571107,0.2796116056699531,0.5729985059685464,0.9923497059464168,0.9955751578231098
8.0,4.0,32.0,100.0,32.0,2.0,0.001,1.0,243.0,0.0,-0.00018873575,4236.0,-0.0002893659,3079.0,"[1, 2, 3, 4, 5, 7, 10, 22, 24, 25, 26, 27, 33, 72, 73, 75, 78, 79, 80, 85, 86, 91, 92, 95, 97, 101, 103, 155, 158, 174, 389, 413, 414, 647, 843, 882, 891, 999, 1024, 1033, 1036, 1043, 2355, 2443, 2595, 2646, 3202, 3211, 3566, 4236]",715.02,1091.4998211635218,"[1, 2, 3, 4, 5, 6, 7, 8, 9, 10, 11, 12, 14, 15, 18, 19, 20, 21, 22, 23, 24, 25, 26, 27, 28, 29, 30, 31, 32, 34, 35, 36, 38, 45, 46, 47, 50, 52, 53, 54, 99, 100, 110, 112, 113, 114, 120, 121, 122, 124, 128, 132, 133, 134, 145, 147, 150, 159, 167, 168, 171, 172, 229, 232, 263, 265, 274, 276, 289, 447, 457, 458, 1440, 1450, 1451, 1468, 1469, 1471, 1472, 1483, 1520, 1728, 1774, 1810, 2879, 3079]",367.40697674418607,651.8326646786143,0.2710142492495547,0.5496579084200308,0.981244826835112,0.9913272844081176
8.0,3.0,32.0,100.0,32.0,2.0,0.001,1.0,243.0,0.0,-0.0003646497,2084.0,-0.0003161238,1216.0,"[1, 2, 3, 7, 8, 13, 14, 15, 19, 20, 21, 41, 42, 43, 72, 74, 75, 79, 87, 88, 89, 143, 144, 147, 148, 162, 169, 170, 277, 296, 303, 312, 314, 324, 339, 353, 361, 1022, 1038, 1142, 1410, 1412, 1418, 1687, 1836, 1845, 1869, 1874, 1886, 2084]",505.96,667.7298843095163,"[1, 2, 3, 4, 5, 9, 10, 13, 14, 15, 16, 18, 19, 20, 21, 22, 23, 25, 26, 27, 28, 29, 35, 39, 40, 42, 45, 46, 50, 52, 54, 55, 56, 58, 59, 60, 63, 64, 68, 70, 75, 77, 78, 79, 80, 81, 85, 86, 88, 89, 92, 93, 94, 98, 105, 106, 107, 108, 110, 116, 156, 158, 166, 186, 191, 196, 229, 238, 241, 242, 243, 244, 294, 299, 305, 310, 331, 340, 342, 359, 460, 461, 744, 772, 773, 1216]",147.08139534883722,198.5258588461744,0.2433796607711642,0.5264690960275435,0.9869342191243738,0.9972294107127166
8.0,2.0,32.0,100.0,32.0,2.0,0.001,1.0,243.0,0.0,-0.00017403913,2951.0,-0.00017511232,1309.0,"[1, 2, 3, 4, 5, 6, 7, 8, 9, 10, 22, 25, 86, 87, 96, 97, 99, 100, 101, 102, 104, 105, 108, 110, 189, 192, 199, 202, 203, 204, 206, 208, 239, 241, 1304, 1309, 1442, 1466, 1490, 1526, 1718, 1895, 1904, 1906, 1950, 1996, 2326, 2474, 2701, 2951]",674.76,884.373485807891,"[1, 2, 3, 4, 5, 6, 7, 8, 9, 10, 11, 12, 13, 14, 15, 16, 17, 18, 19, 20, 21, 22, 24, 25, 27, 28, 30, 32, 33, 34, 36, 38, 39, 40, 41, 42, 43, 48, 49, 50, 51, 52, 53, 54, 55, 56, 59, 63, 67, 71, 72, 74, 76, 77, 82, 86, 89, 123, 124, 125, 129, 142, 149, 150, 167, 168, 172, 189, 195, 196, 201, 204, 221, 229, 311, 328, 333, 340, 435, 437, 529, 552, 646, 670, 1265, 1309]",140.5581395348837,228.5647129701856,0.2995599019331211,0.6875925646965575,0.9823358200827708,0.9974045100862848
8.0,4.0,16.0,100.0,32.0,2.0,1e-05,1.0,243.0,0.0,-0.009769239,1171.0,-0.012195902,771.0,"[1, 2, 3, 4, 5, 6, 7, 8, 23, 24, 27, 33, 49, 52, 53, 55, 58, 59, 60, 65, 72, 73, 74, 75, 190, 192, 197, 202, 219, 222, 225, 228, 254, 258, 270, 292, 294, 296, 479, 514, 517, 527, 561, 605, 696, 727, 1120, 1129, 1138, 1171]",268.22,322.3864320966377,"[1, 2, 3, 4, 5, 6, 7, 8, 9, 10, 11, 12, 13, 14, 15, 16, 17, 18, 20, 21, 22, 23, 24, 25, 26, 27, 28, 29, 30, 31, 32, 33, 34, 35, 39, 40, 42, 43, 44, 45, 49, 52, 55, 57, 73, 74, 80, 83, 85, 86, 92, 96, 97, 110, 111, 115, 118, 121, 131, 132, 133, 144, 155, 156, 168, 176, 177, 187, 188, 189, 193, 194, 204, 205, 249, 288, 299, 314, 343, 359, 382, 401, 650, 658, 712, 771]",122.97674418604652,159.48835174672803,0.3156443586762126,0.6784993760975543,0.9934099324765844,0.9978766864219472
8.0,3.0,16.0,100.0,32.0,2.0,1e-05,1.0,243.0,0.0,-0.010199887,1574.0,-0.012963179,950.0,"[1, 2, 3, 4, 7, 8, 23, 24, 25, 26, 27, 28, 52, 54, 55, 56, 68, 69, 70, 72, 76, 81, 83, 85, 178, 184, 213, 228, 242, 245, 256, 332, 336, 377, 388, 399, 407, 408, 469, 745, 791, 795, 843, 896, 916, 995, 1432, 1501, 1559, 1574]",354.16,441.1630700772674,"[1, 2, 3, 4, 5, 6, 7, 9, 10, 11, 12, 13, 14, 15, 16, 17, 18, 19, 20, 22, 23, 24, 25, 26, 27, 28, 29, 30, 31, 32, 33, 34, 35, 36, 37, 39, 40, 41, 44, 48, 53, 57, 58, 65, 78, 81, 88, 90, 91, 93, 98, 99, 110, 111, 118, 119, 120, 121, 127, 128, 130, 137, 138, 140, 141, 143, 152, 164, 165, 166, 177, 180, 208, 225, 323, 384, 411, 431, 478, 482, 491, 508, 747, 850, 866, 950]",139.27906976744185,199.61548217689943,0.2616708126854591,0.6557875474777105,0.991070028316271,0.997439872682192
8.0,2.0,16.0,100.0,32.0,2.0,1e-05,1.0,243.0,0.0,-0.014244184,1454.0,-0.016629875,1281.0,"[6, 7, 8, 9, 11, 12, 13, 14, 17, 28, 29, 33, 41, 43, 55, 56, 57, 61, 62, 65, 67, 68, 72, 80, 213, 242, 295, 339, 399, 411, 420, 523, 528, 642, 643, 715, 739, 915, 945, 959, 960, 980, 1040, 1087, 1215, 1230, 1233, 1401, 1445, 1454]",437.74,472.9398190044903,"[1, 2, 3, 4, 5, 6, 7, 8, 9, 10, 11, 12, 13, 14, 15, 16, 17, 19, 20, 21, 23, 24, 25, 26, 27, 28, 29, 31, 32, 33, 34, 35, 36, 40, 41, 42, 43, 46, 47, 48, 52, 53, 54, 55, 65, 80, 88, 93, 103, 113, 115, 117, 198, 208, 209, 253, 258, 259, 278, 279, 296, 297, 300, 315, 316, 355, 356, 382, 383, 414, 415, 430, 440, 524, 532, 533, 564, 566, 570, 767, 774, 1084, 1126, 1134, 1142, 1281]",222.43023255813952,299.99350925915104,0.2059663587021471,0.5902881709639088,0.9887943803093008,0.9952118733576644
8.0,4.0,32.0,100.0,32.0,2.0,1e-05,1.0,243.0,0.0,-0.0019873807,1701.0,-0.0016309989,1882.0,"[1, 2, 4, 5, 16, 17, 18, 19, 21, 22, 24, 29, 52, 54, 57, 58, 67, 71, 77, 78, 79, 112, 122, 125, 129, 143, 149, 150, 195, 200, 205, 209, 212, 218, 291, 311, 341, 355, 356, 370, 378, 389, 428, 464, 580, 638, 1043, 1145, 1643, 1701]",267.46,373.1791103478328,"[1, 2, 3, 4, 5, 6, 7, 8, 9, 10, 11, 12, 14, 15, 16, 17, 18, 19, 20, 21, 23, 24, 27, 28, 29, 30, 31, 32, 33, 34, 35, 40, 42, 43, 48, 49, 50, 53, 54, 57, 58, 60, 61, 64, 65, 66, 69, 71, 73, 76, 78, 79, 82, 83, 84, 86, 87, 88, 93, 94, 95, 104, 108, 116, 120, 121, 124, 129, 156, 184, 185, 206, 269, 270, 276, 344, 359, 360, 460, 467, 570, 574, 589, 605, 1822, 1882]",151.06976744186048,298.9682175959579,0.2556705721472622,0.6732820130007676,0.993425451971248,0.9971225440131904
8.0,3.0,32.0,100.0,32.0,2.0,1e-05,1.0,243.0,0.0,-0.002798286,2411.0,-0.00738904,796.0,"[1, 2, 3, 4, 16, 17, 18, 21, 23, 28, 29, 31, 50, 52, 56, 57, 66, 67, 68, 71, 72, 74, 80, 84, 132, 134, 135, 138, 162, 170, 195, 198, 199, 202, 238, 261, 270, 288, 405, 466, 467, 469, 522, 525, 605, 623, 1706, 1880, 2373, 2411]",323.28,555.1502153471617,"[1, 2, 3, 4, 5, 6, 7, 8, 9, 10, 11, 13, 14, 15, 16, 17, 18, 19, 20, 21, 22, 23, 24, 25, 26, 27, 28, 29, 30, 31, 32, 37, 38, 39, 40, 41, 44, 45, 48, 49, 53, 54, 55, 56, 59, 63, 66, 67, 69, 71, 72, 73, 74, 81, 84, 89, 104, 107, 108, 126, 128, 129, 133, 141, 162, 168, 171, 182, 183, 206, 211, 263, 274, 282, 297, 298, 459, 494, 501, 508, 681, 685, 690, 727, 792, 796]",139.40697674418604,197.43926813703456,0.2691782230705151,0.6808046844577358,0.9919056305815726,0.9974353549937282
8.0,2.0,32.0,100.0,32.0,2.0,1e-05,1.0,243.0,0.0,-0.0045367866,2036.0,-0.008506513,1209.0,"[1, 2, 3, 4, 5, 6, 23, 24, 25, 26, 27, 28, 50, 51, 54, 59, 60, 63, 78, 79, 84, 85, 88, 91, 118, 121, 172, 174, 180, 182, 208, 228, 239, 261, 274, 280, 322, 327, 418, 424, 427, 444, 450, 524, 548, 640, 1717, 1752, 1953, 2036]",308.7,488.6203945804964,"[1, 2, 3, 4, 5, 6, 7, 8, 9, 11, 12, 13, 14, 15, 16, 17, 18, 19, 20, 21, 22, 23, 24, 25, 26, 29, 30, 31, 32, 36, 37, 38, 39, 41, 42, 43, 44, 48, 50, 51, 52, 57, 58, 59, 62, 66, 80, 83, 102, 105, 108, 110, 116, 123, 132, 134, 137, 139, 140, 143, 144, 145, 150, 151, 154, 155, 158, 159, 188, 189, 205, 206, 208, 231, 258, 259, 352, 403, 409, 434, 476, 525, 546, 649, 1142, 1209]",140.03488372093022,209.2454021430572,0.2871603754438782,0.6432957460597857,0.9923026029187542,0.9974185304987592
8.0,4.0,16.0,100.0,32.0,2.0,0.0001,1.0,243.0,1.0,-0.00029981328,2392.0,-0.00041618748,1019.0,"[1, 2, 3, 4, 5, 6, 15, 16, 19, 20, 22, 23, 48, 57, 58, 60, 61, 99, 100, 102, 106, 107, 122, 123, 127, 130, 141, 142, 145, 184, 215, 257, 285, 296, 307, 310, 324, 328, 433, 436, 1083, 1104, 1320, 1472, 1605, 1642, 1659, 1710, 2289, 2392]",430.3,636.2985227076989,"[1, 2, 3, 4, 5, 6, 7, 8, 9, 10, 11, 13, 14, 15, 16, 17, 18, 19, 20, 21, 22, 24, 25, 26, 27, 28, 32, 33, 35, 39, 40, 41, 42, 43, 44, 45, 46, 52, 53, 57, 59, 60, 61, 62, 66, 74, 75, 76, 77, 85, 86, 95, 107, 118, 120, 122, 123, 124, 146, 224, 225, 229, 238, 239, 240, 256, 272, 273, 274, 282, 293, 300, 301, 339, 340, 344, 420, 424, 520, 521, 525, 530, 764, 780, 977, 1019]",161.13953488372093,213.51391016123927,0.2848513255329552,0.6120584073283285,0.9889969505554346,0.996854131005488
8.0,3.0,16.0,100.0,32.0,2.0,0.0001,1.0,243.0,1.0,-0.002631701,1210.0,-0.0036178702,955.0,"[1, 2, 4, 6, 10, 11, 24, 25, 27, 28, 30, 31, 51, 54, 57, 58, 64, 99, 100, 104, 110, 114, 125, 126, 128, 129, 130, 131, 162, 166, 209, 211, 214, 218, 240, 254, 255, 259, 272, 275, 335, 360, 495, 497, 672, 695, 712, 721, 1168, 1210]",227.58,273.805631059699,"[1, 2, 3, 4, 5, 6, 7, 8, 9, 10, 11, 12, 13, 14, 15, 16, 18, 19, 20, 21, 22, 23, 24, 25, 26, 27, 29, 31, 32, 33, 35, 36, 38, 39, 40, 41, 42, 43, 44, 45, 46, 47, 49, 51, 52, 53, 54, 55, 58, 60, 63, 66, 77, 78, 88, 90, 91, 92, 93, 96, 110, 111, 117, 119, 125, 126, 156, 167, 179, 196, 294, 316, 319, 323, 356, 365, 368, 384, 456, 457, 464, 465, 592, 618, 843, 955]",130.56976744186048,186.9059918345767,0.2529691949409078,0.7116701587334061,0.9945164452189066,0.9976732346587088
8.0,2.0,16.0,100.0,32.0,2.0,0.0001,1.0,243.0,1.0,-0.003623091,1906.0,-0.007870099,742.0,"[2, 3, 13, 14, 16, 17, 18, 19, 20, 24, 27, 28, 54, 55, 58, 59, 60, 62, 67, 73, 77, 110, 111, 114, 132, 133, 134, 135, 138, 139, 212, 216, 220, 225, 274, 278, 284, 286, 294, 301, 303, 308, 415, 426, 575, 697, 1293, 1345, 1791, 1906]",271.22,421.1842489932405,"[1, 2, 3, 4, 5, 6, 7, 8, 9, 10, 11, 12, 13, 14, 15, 16, 17, 18, 19, 20, 21, 22, 23, 24, 25, 26, 27, 28, 30, 31, 32, 33, 35, 36, 37, 39, 40, 41, 42, 43, 49, 51, 52, 54, 57, 58, 60, 61, 65, 68, 73, 74, 75, 76, 77, 78, 85, 86, 90, 92, 99, 111, 116, 117, 118, 125, 134, 138, 182, 194, 217, 225, 288, 331, 342, 359, 360, 366, 392, 393, 532, 570, 609, 612, 725, 742]",123.52325581395348,171.66968869694688,0.2297169336588001,0.726548341477659,0.9933282509257242,0.9978620428800296
8.0,4.0,32.0,100.0,32.0,2.0,0.0001,1.0,243.0,1.0,-4.605375e-05,3019.0,-8.427238e-05,927.0,"[1, 2, 3, 4, 5, 6, 9, 10, 14, 15, 18, 31, 83, 84, 93, 94, 97, 98, 99, 100, 103, 105, 106, 110, 190, 192, 194, 195, 197, 198, 199, 200, 203, 225, 1622, 1625, 1647, 1648, 1654, 1691, 2185, 2247, 2321, 2339, 2369, 2487, 2549, 2799, 2814, 3019]",765.98,1013.089344332473,"[1, 2, 3, 4, 5, 6, 7, 8, 9, 10, 11, 12, 13, 14, 15, 16, 17, 18, 19, 20, 21, 23, 24, 25, 26, 27, 28, 29, 32, 33, 37, 39, 40, 42, 43, 44, 45, 46, 47, 48, 50, 56, 61, 62, 63, 65, 66, 67, 69, 70, 138, 139, 142, 143, 144, 146, 156, 168, 182, 184, 193, 200, 201, 208, 209, 210, 211, 212, 230, 234, 251, 267, 276, 281, 329, 348, 382, 406, 438, 560, 644, 665, 748, 751, 876, 927]",155.08139534883722,205.42045453712504,0.2791961676861568,0.636346913543025,0.9798521563929428,0.9970150541842208
8.0,3.0,32.0,100.0,32.0,2.0,0.0001,1.0,243.0,1.0,-8.147915e-05,2571.0,-8.741787e-05,1012.0,"[1, 2, 4, 5, 6, 15, 19, 20, 21, 22, 23, 24, 94, 96, 97, 99, 100, 101, 102, 103, 104, 124, 125, 127, 171, 174, 175, 176, 178, 179, 190, 193, 209, 210, 1223, 1233, 1304, 1311, 1345, 1378, 2090, 2196, 2280, 2328, 2366, 2411, 2435, 2443, 2514, 2571]",694.34,922.7160258714488,"[1, 2, 3, 4, 6, 7, 8, 9, 10, 11, 12, 13, 15, 16, 17, 18, 19, 21, 22, 23, 25, 26, 27, 30, 31, 32, 35, 36, 38, 39, 40, 41, 42, 43, 44, 45, 46, 47, 48, 49, 50, 51, 57, 58, 60, 62, 64, 67, 68, 81, 87, 88, 89, 91, 92, 93, 94, 108, 110, 111, 114, 115, 132, 133, 148, 149, 150, 151, 184, 187, 193, 279, 287, 290, 309, 310, 391, 453, 572, 602, 609, 635, 682, 727, 1000, 1012]",144.13953488372093,213.2799864568626,0.2305409023758226,0.6384448654323187,0.9818078849923764,0.9973096386285418
8.0,2.0,32.0,100.0,32.0,2.0,0.0001,1.0,243.0,1.0,-0.00013551541,2484.0,-8.580541e-05,1531.0,"[1, 2, 3, 4, 6, 7, 8, 9, 13, 14, 21, 22, 92, 93, 102, 103, 104, 105, 106, 108, 153, 157, 160, 162, 173, 174, 175, 176, 213, 214, 218, 219, 221, 223, 1312, 1315, 1345, 1358, 1414, 1418, 1888, 1891, 1938, 1941, 2243, 2255, 2292, 2392, 2454, 2484]",670.02,862.6239850595391,"[1, 2, 3, 4, 7, 8, 9, 10, 11, 12, 13, 14, 15, 16, 17, 18, 19, 20, 21, 22, 23, 24, 25, 26, 28, 34, 36, 37, 38, 39, 40, 44, 45, 46, 51, 53, 60, 62, 67, 71, 76, 77, 81, 82, 90, 92, 93, 94, 96, 99, 102, 103, 114, 115, 116, 118, 119, 127, 128, 131, 132, 142, 143, 144, 155, 161, 162, 178, 179, 180, 187, 195, 240, 241, 243, 244, 434, 437, 494, 587, 691, 709, 760, 776, 1530, 1531]",163.01162790697674,271.6464226426684,0.2731191563924042,0.5811201874276936,0.98246487693313,0.9968028786087764
8.0,4.0,16.0,100.0,32.0,2.0,0.001,1.0,243.0,1.0,-0.00026095944,2699.0,-0.00025019975,1551.0,"[1, 3, 4, 6, 7, 15, 16, 17, 18, 35, 37, 38, 41, 44, 53, 55, 59, 60, 66, 67, 68, 81, 83, 108, 285, 289, 291, 298, 307, 331, 337, 342, 422, 540, 542, 572, 576, 650, 662, 1201, 1511, 1622, 1672, 1737, 1748, 1806, 2251, 2515, 2582, 2699]",575.4,779.6367872285144,"[1, 2, 3, 4, 5, 6, 7, 8, 9, 10, 11, 12, 13, 14, 15, 16, 17, 18, 25, 26, 27, 28, 30, 31, 36, 38, 39, 53, 54, 55, 58, 66, 68, 69, 71, 72, 73, 82, 83, 88, 89, 92, 93, 103, 104, 105, 106, 110, 116, 122, 130, 134, 136, 137, 145, 147, 148, 149, 201, 202, 203, 204, 210, 211, 212, 238, 336, 339, 373, 374, 377, 387, 464, 465, 466, 510, 517, 518, 580, 581, 614, 1123, 1279, 1316, 1526, 1551]",219.6046511627907,327.17583918408235,0.2310127915577293,0.5106965735607409,0.9850411130472664,0.9952861815437783
8.0,3.0,16.0,100.0,32.0,2.0,0.001,1.0,243.0,1.0,-0.0004087554,2547.0,-0.00037935426,1201.0,"[1, 2, 3, 4, 5, 6, 7, 8, 9, 10, 11, 34, 47, 55, 56, 89, 92, 94, 95, 96, 106, 107, 112, 116, 159, 168, 209, 227, 235, 240, 241, 242, 245, 250, 438, 440, 847, 1187, 1390, 1409, 1516, 1526, 1730, 1734, 2018, 2034, 2114, 2126, 2368, 2547]",576.1,779.1932302067312,"[1, 2, 3, 4, 5, 6, 7, 8, 9, 10, 11, 12, 13, 14, 15, 16, 17, 18, 19, 20, 21, 22, 23, 24, 25, 26, 27, 28, 29, 30, 34, 35, 36, 37, 38, 39, 40, 42, 44, 45, 51, 52, 53, 54, 58, 60, 61, 63, 64, 65, 69, 74, 78, 110, 111, 118, 120, 123, 126, 128, 130, 131, 133, 145, 177, 190, 251, 254, 256, 273, 279, 280, 286, 303, 312, 313, 322, 329, 344, 356, 762, 795, 940, 978, 1031, 1201]",154.2325581395349,242.98452790338868,0.3161100238756432,0.6865531441554047,0.9850228708342408,0.9970377984089012
8.0,2.0,16.0,100.0,32.0,2.0,0.001,1.0,243.0,1.0,-0.0023577008,765.0,-0.000887661,1498.0,"[1, 2, 3, 4, 5, 6, 11, 14, 17, 18, 19, 20, 86, 87, 90, 94, 95, 97, 99, 100, 108, 113, 120, 125, 126, 127, 163, 164, 166, 172, 176, 177, 183, 184, 343, 352, 368, 369, 390, 400, 420, 425, 428, 433, 537, 542, 685, 708, 744, 765]",217.62,213.30877994119228,"[1, 2, 3, 4, 5, 6, 7, 8, 9, 10, 11, 12, 13, 14, 15, 16, 17, 18, 19, 22, 23, 24, 25, 26, 28, 29, 30, 31, 32, 33, 36, 37, 38, 43, 45, 49, 57, 59, 62, 63, 64, 65, 66, 67, 68, 72, 73, 77, 78, 79, 80, 81, 82, 83, 87, 89, 100, 107, 114, 119, 142, 151, 155, 170, 295, 298, 316, 322, 357, 358, 378, 379, 397, 409, 410, 418, 557, 560, 564, 574, 592, 613, 770, 884, 1494, 1498]",182.4883720930233,282.14917480215314,0.2985875861113895,0.628321582354972,0.994787627967763,0.9962820981765362
8.0,4.0,32.0,100.0,32.0,2.0,0.001,1.0,243.0,1.0,-0.00034219853,2601.0,-0.00022698744,1578.0,"[1, 2, 3, 4, 8, 9, 11, 12, 23, 24, 35, 43, 45, 49, 50, 54, 55, 57, 58, 60, 63, 75, 79, 83, 85, 136, 139, 141, 142, 450, 457, 503, 505, 563, 574, 738, 1223, 1230, 1357, 1903, 1930, 2152, 2174, 2187, 2208, 2213, 2389, 2448, 2554, 2601]",678.1,898.3597553319049,"[1, 2, 3, 4, 5, 6, 7, 8, 9, 10, 11, 12, 13, 14, 15, 16, 17, 18, 19, 20, 21, 23, 24, 25, 26, 27, 29, 30, 31, 34, 36, 38, 43, 44, 45, 46, 47, 50, 60, 67, 68, 70, 71, 74, 75, 76, 79, 82, 89, 92, 93, 95, 98, 113, 120, 124, 136, 149, 150, 151, 156, 160, 166, 167, 172, 188, 211, 219, 221, 301, 334, 337, 348, 479, 489, 576, 577, 584, 585, 653, 755, 791, 862, 892, 1235, 1578]",186.0116279069768,285.6224330885032,0.2702285569678564,0.6184833411397272,0.9822500544543672,0.996187694065876
8.0,3.0,32.0,100.0,32.0,2.0,0.001,1.0,243.0,1.0,-6.9014284e-05,3029.0,-6.7222834e-05,1527.0,"[1, 2, 3, 4, 5, 6, 7, 8, 9, 15, 26, 27, 45, 46, 47, 48, 49, 50, 51, 52, 58, 59, 60, 61, 63, 139, 146, 155, 223, 238, 242, 458, 463, 464, 466, 485, 899, 1504, 1722, 1748, 1778, 2150, 2154, 2308, 2502, 2634, 2779, 2784, 2832, 3029]",702.08,994.207158292476,"[1, 2, 3, 4, 5, 6, 7, 8, 9, 10, 11, 12, 13, 14, 15, 16, 17, 18, 19, 20, 21, 22, 23, 25, 35, 36, 38, 70, 71, 73, 75, 77, 79, 90, 91, 92, 94, 95, 97, 99, 101, 102, 108, 109, 110, 111, 113, 114, 115, 116, 117, 118, 119, 122, 123, 124, 135, 138, 150, 183, 189, 196, 201, 273, 275, 287, 294, 296, 297, 298, 300, 307, 347, 360, 361, 388, 389, 399, 624, 899, 912, 1183, 1239, 1402, 1404, 1527]",216.13953488372093,329.6224465569696,0.3354298523686594,0.5191087668550953,0.9815971465911566,0.9953804298720778
8.0,2.0,32.0,100.0,32.0,2.0,0.001,1.0,243.0,1.0,-9.924805e-05,2673.0,-0.000119845754,1122.0,"[1, 2, 3, 4, 5, 6, 7, 9, 10, 21, 22, 29, 46, 47, 48, 51, 52, 55, 56, 59, 62, 63, 105, 108, 111, 115, 287, 288, 290, 291, 293, 295, 319, 323, 1327, 1369, 1370, 1379, 1380, 1867, 1963, 1999, 2026, 2060, 2096, 2137, 2161, 2179, 2420, 2673]",677.78,874.1181222237644,"[1, 2, 3, 4, 5, 6, 7, 8, 9, 10, 11, 12, 13, 14, 15, 16, 17, 18, 19, 20, 21, 22, 23, 24, 25, 26, 27, 29, 30, 31, 32, 33, 36, 38, 39, 40, 41, 42, 43, 45, 46, 47, 48, 49, 50, 51, 64, 65, 66, 67, 77, 78, 81, 83, 98, 101, 103, 105, 142, 152, 153, 160, 161, 170, 179, 183, 184, 186, 193, 230, 231, 234, 259, 262, 371, 373, 403, 545, 628, 642, 840, 904, 911, 917, 1072, 1122]",162.1279069767442,255.68175151623544,0.3103593853102483,0.6912069725864427,0.9822587671531255,0.9968276480041476
8.0,4.0,16.0,100.0,32.0,2.0,1e-05,1.0,243.0,1.0,-0.005094567,1976.0,-0.008043922,1276.0,"[1, 2, 3, 4, 5, 6, 20, 23, 24, 25, 26, 30, 53, 54, 55, 57, 60, 62, 63, 67, 68, 69, 70, 72, 176, 177, 178, 182, 224, 230, 277, 283, 295, 296, 307, 317, 318, 335, 361, 363, 376, 402, 667, 712, 863, 868, 1707, 1924, 1938, 1976]",333.42,505.04649647334446,"[1, 2, 3, 4, 5, 6, 7, 8, 9, 10, 11, 12, 13, 14, 15, 16, 17, 18, 19, 20, 22, 23, 24, 25, 26, 27, 28, 29, 30, 31, 32, 33, 34, 35, 36, 38, 39, 40, 42, 44, 49, 53, 56, 57, 59, 65, 66, 68, 76, 77, 82, 84, 87, 88, 94, 97, 115, 135, 138, 177, 184, 195, 196, 199, 200, 208, 216, 224, 232, 233, 267, 302, 345, 361, 384, 385, 693, 694, 887, 907, 1013, 1037, 1038, 1050, 1267, 1276]",192.6046511627907,309.43967662007856,0.2873986511548853,0.6647168690873116,0.9916295469396648,0.9960096348274524
8.0,3.0,16.0,100.0,32.0,2.0,1e-05,1.0,243.0,1.0,-0.011943274,1612.0,-0.014108926,1156.0,"[6, 7, 8, 9, 10, 11, 12, 13, 14, 15, 20, 21, 49, 54, 55, 56, 61, 62, 63, 65, 66, 68, 71, 77, 211, 251, 290, 295, 297, 318, 366, 429, 515, 516, 573, 576, 593, 619, 665, 668, 756, 780, 831, 856, 1068, 1088, 1108, 1178, 1323, 1612]",373.5,413.9261890723997,"[1, 2, 3, 4, 5, 6, 7, 8, 9, 10, 11, 12, 13, 14, 15, 16, 17, 18, 19, 20, 21, 23, 25, 26, 27, 28, 29, 30, 31, 32, 33, 34, 35, 36, 37, 38, 39, 40, 43, 51, 52, 57, 59, 63, 73, 74, 75, 84, 85, 87, 88, 91, 121, 122, 133, 147, 148, 151, 154, 155, 156, 159, 162, 221, 241, 242, 257, 258, 261, 262, 317, 318, 353, 361, 385, 448, 457, 458, 613, 624, 733, 766, 892, 904, 994, 1156]",173.08139534883722,246.8273671794736,0.2262519915546184,0.6398107325224108,0.9905434545850575,0.996534154036352
8.0,2.0,16.0,100.0,32.0,2.0,1e-05,1.0,243.0,1.0,-0.013019435,1662.0,-0.013709603,1514.0,"[1, 2, 4, 5, 6, 7, 23, 24, 25, 26, 30, 31, 43, 54, 56, 57, 59, 60, 66, 67, 68, 71, 73, 77, 383, 452, 578, 735, 737, 739, 746, 747, 759, 816, 836, 843, 846, 1071, 1206, 1216, 1249, 1280, 1397, 1432, 1469, 1483, 1498, 1530, 1543, 1662]",563.76,571.3748177860134,"[1, 2, 3, 4, 5, 6, 7, 8, 9, 10, 11, 12, 13, 14, 15, 16, 17, 18, 19, 20, 21, 23, 25, 26, 27, 29, 30, 31, 32, 33, 34, 35, 36, 37, 39, 40, 41, 43, 44, 45, 47, 50, 95, 224, 276, 311, 312, 315, 316, 317, 400, 402, 417, 418, 421, 435, 436, 437, 446, 449, 450, 454, 455, 456, 488, 489, 572, 573, 579, 580, 609, 748, 756, 757, 851, 881, 886, 1058, 1059, 1128, 1270, 1354, 1415, 1484, 1501, 1514]",346.1860465116279,415.8086129410956,0.2397023538384934,0.5280904540518097,0.9853580374646046,0.991894799548605
8.0,4.0,32.0,100.0,32.0,2.0,1e-05,1.0,243.0,1.0,-0.0019624906,1910.0,-0.002816253,1230.0,"[1, 2, 3, 7, 11, 20, 21, 22, 27, 30, 31, 32, 51, 53, 60, 66, 68, 69, 71, 77, 78, 80, 115, 129, 130, 131, 147, 149, 160, 161, 188, 221, 222, 231, 263, 277, 292, 315, 323, 351, 364, 423, 434, 444, 563, 640, 1093, 1230, 1466, 1910]",265.04,383.9612980496863,"[1, 2, 3, 4, 5, 6, 7, 8, 9, 10, 11, 12, 13, 14, 15, 16, 17, 18, 19, 21, 22, 24, 26, 27, 28, 29, 31, 33, 34, 35, 39, 40, 41, 42, 43, 44, 45, 46, 48, 49, 50, 52, 55, 58, 63, 64, 66, 71, 73, 74, 77, 78, 81, 83, 87, 88, 89, 96, 99, 101, 102, 103, 104, 106, 116, 117, 127, 154, 200, 218, 232, 242, 290, 291, 299, 310, 382, 390, 391, 397, 541, 569, 718, 877, 1004, 1230]",138.97674418604652,220.520735551114,0.2526799737721593,0.6849368906356407,0.9934965149204968,0.997447973364955
8.0,3.0,32.0,100.0,32.0,2.0,1e-05,1.0,243.0,1.0,-0.003232358,2282.0,-0.00754149,871.0,"[1, 2, 12, 13, 16, 17, 20, 21, 23, 24, 27, 28, 54, 55, 60, 66, 84, 120, 121, 124, 126, 127, 129, 131, 133, 137, 141, 145, 159, 168, 203, 217, 218, 225, 247, 282, 315, 371, 389, 394, 399, 402, 404, 424, 586, 705, 1506, 1515, 2265, 2282]",312.66,503.07425336624016,"[1, 2, 3, 4, 5, 6, 7, 8, 9, 10, 11, 12, 13, 14, 15, 16, 17, 18, 19, 21, 22, 24, 25, 26, 28, 29, 31, 33, 34, 35, 38, 39, 44, 46, 47, 48, 49, 50, 51, 52, 54, 55, 56, 59, 61, 63, 67, 69, 70, 71, 74, 81, 82, 83, 92, 96, 100, 103, 105, 106, 107, 109, 115, 116, 117, 118, 119, 121, 140, 169, 214, 238, 265, 298, 392, 393, 421, 449, 450, 458, 469, 470, 844, 859, 865, 871]",136.0,201.1960168822989,0.2232009655610327,0.6785811085280116,0.9921947832716184,0.9975263318924504
8.0,2.0,32.0,100.0,32.0,2.0,1e-05,1.0,243.0,1.0,-0.0076681348,1356.0,-0.01252011,549.0,"[1, 2, 4, 5, 9, 10, 11, 12, 15, 16, 27, 33, 49, 54, 55, 58, 62, 67, 71, 72, 73, 74, 76, 78, 144, 148, 149, 163, 178, 179, 189, 195, 257, 269, 275, 278, 287, 306, 349, 376, 380, 385, 429, 433, 538, 638, 906, 1040, 1224, 1356]",240.1,307.6586582561915,"[1, 2, 3, 4, 5, 6, 7, 8, 9, 10, 11, 12, 13, 14, 15, 16, 17, 18, 19, 20, 21, 22, 23, 24, 25, 26, 27, 28, 30, 31, 32, 33, 34, 35, 36, 37, 38, 39, 41, 42, 47, 50, 52, 54, 63, 65, 68, 72, 82, 83, 86, 87, 90, 91, 92, 93, 97, 98, 101, 108, 113, 119, 124, 125, 126, 127, 142, 165, 166, 182, 183, 185, 194, 195, 205, 206, 265, 313, 318, 346, 350, 397, 485, 499, 518, 549]",104.76744186046513,125.72604718182922,0.2906969344137061,0.7215221992108054,0.9941755608799826,0.9983645967760528
8.0,4.0,16.0,100.0,32.0,2.0,0.0001,1.0,243.0,2.0,-0.00090448675,2070.0,-0.0010694572,967.0,"[1, 2, 3, 4, 5, 6, 7, 9, 13, 14, 15, 29, 79, 85, 92, 95, 96, 98, 102, 103, 104, 105, 115, 122, 123, 128, 176, 178, 180, 185, 186, 188, 189, 191, 296, 316, 318, 322, 356, 362, 496, 565, 648, 859, 1672, 1684, 1837, 1844, 2009, 2070]",373.64,575.2460259749737,"[1, 2, 3, 4, 5, 6, 7, 8, 9, 10, 11, 12, 13, 14, 15, 16, 17, 18, 19, 20, 21, 22, 23, 24, 25, 26, 27, 28, 29, 30, 31, 32, 34, 35, 36, 38, 41, 42, 51, 52, 57, 58, 59, 60, 61, 62, 63, 64, 81, 83, 84, 86, 87, 96, 98, 99, 101, 102, 116, 117, 119, 122, 125, 128, 133, 142, 147, 168, 197, 230, 252, 261, 262, 272, 345, 346, 353, 354, 418, 422, 423, 434, 694, 725, 866, 967]",132.51162790697674,189.004167801102,0.3104018419033973,0.6934113270564343,0.9905347418862992,0.9976201128736674
8.0,3.0,16.0,100.0,32.0,2.0,0.0001,1.0,243.0,2.0,-0.0022125023,1534.0,-0.002438917,1583.0,"[1, 3, 8, 9, 10, 11, 16, 17, 18, 19, 27, 28, 53, 55, 56, 60, 62, 63, 64, 65, 66, 72, 132, 165, 175, 176, 179, 183, 186, 188, 196, 203, 229, 249, 258, 288, 289, 297, 321, 325, 345, 392, 396, 407, 507, 705, 791, 908, 1500, 1534]",246.14,328.0346938968499,"[1, 2, 3, 4, 5, 6, 7, 8, 9, 10, 11, 12, 13, 14, 15, 16, 17, 18, 19, 20, 21, 22, 24, 25, 27, 28, 30, 31, 32, 37, 38, 40, 43, 44, 46, 47, 49, 50, 53, 54, 56, 59, 60, 61, 62, 64, 69, 75, 79, 80, 88, 92, 94, 98, 99, 100, 102, 108, 109, 110, 115, 120, 121, 122, 126, 145, 200, 214, 218, 234, 245, 280, 304, 305, 339, 347, 348, 351, 370, 391, 395, 396, 400, 409, 1417, 1583]",140.82558139534885,241.16279322060504,0.2518427749982921,0.6636164528791118,0.9940059355260292,0.9973970325329652
8.0,2.0,16.0,100.0,32.0,2.0,0.0001,1.0,243.0,2.0,-0.0033482516,1937.0,-0.0060383175,975.0,"[4, 5, 7, 8, 10, 11, 12, 13, 14, 15, 19, 20, 86, 88, 97, 98, 101, 104, 105, 106, 107, 108, 136, 138, 147, 149, 156, 157, 209, 210, 238, 243, 269, 275, 286, 307, 334, 339, 347, 422, 592, 602, 643, 668, 692, 699, 1730, 1787, 1922, 1937]",335.44,486.44737269307967,"[1, 2, 3, 4, 5, 6, 7, 8, 9, 10, 11, 12, 13, 15, 19, 20, 21, 23, 26, 27, 29, 30, 34, 35, 39, 40, 41, 43, 44, 45, 47, 48, 49, 50, 53, 54, 59, 60, 62, 64, 65, 66, 67, 68, 69, 70, 71, 73, 74, 75, 76, 78, 81, 84, 87, 90, 94, 100, 101, 104, 110, 111, 118, 119, 158, 167, 168, 176, 471, 474, 477, 488, 609, 610, 621, 622, 643, 657, 769, 780, 888, 904, 909, 967, 972, 975]",194.4651162790697,281.73708251993907,0.2227923794377836,0.5874230737989843,0.9915797211936396,0.9959611865132356
8.0,4.0,32.0,100.0,32.0,2.0,0.0001,1.0,243.0,2.0,-8.436141e-05,2999.0,-9.962036e-05,1094.0,"[1, 2, 3, 4, 5, 6, 7, 8, 15, 17, 20, 35, 43, 44, 53, 57, 95, 96, 97, 98, 99, 105, 109, 110, 186, 190, 194, 197, 198, 199, 200, 206, 209, 232, 1531, 1647, 1663, 1670, 1679, 1691, 1970, 2006, 2317, 2333, 2349, 2426, 2472, 2481, 2771, 2999]",742.9,982.3731724757145,"[1, 2, 3, 4, 5, 6, 7, 8, 9, 10, 11, 12, 13, 14, 15, 16, 17, 18, 19, 20, 21, 22, 23, 26, 27, 28, 29, 30, 31, 32, 33, 34, 35, 36, 37, 38, 40, 41, 42, 44, 45, 46, 47, 49, 50, 51, 60, 61, 66, 68, 69, 70, 113, 114, 115, 118, 119, 122, 128, 129, 136, 186, 187, 190, 192, 194, 201, 202, 209, 210, 231, 244, 249, 260, 311, 328, 332, 343, 395, 436, 674, 707, 801, 862, 951, 1094]",146.7906976744186,219.8033537780336,0.2934746153011161,0.6884974799059971,0.9804805597908952,0.997237199830758
8.0,3.0,32.0,100.0,32.0,2.0,0.0001,1.0,243.0,2.0,-0.00010048314,2635.0,-0.00015460762,978.0,"[1, 2, 3, 4, 12, 17, 18, 19, 24, 26, 28, 29, 98, 100, 101, 102, 103, 105, 115, 116, 117, 118, 124, 125, 171, 200, 201, 209, 210, 214, 226, 227, 228, 233, 1523, 1529, 1572, 1597, 1640, 1682, 1718, 1830, 1866, 1917, 1976, 1987, 1988, 2156, 2612, 2635]",677.08,855.0478779577201,"[1, 2, 3, 4, 7, 8, 9, 10, 11, 12, 13, 14, 15, 16, 17, 18, 19, 20, 21, 22, 24, 25, 26, 27, 29, 30, 31, 32, 34, 35, 40, 41, 42, 43, 44, 45, 46, 47, 48, 49, 50, 52, 53, 54, 67, 71, 73, 75, 76, 78, 80, 83, 92, 93, 97, 98, 115, 116, 117, 118, 119, 121, 122, 123, 150, 151, 159, 160, 229, 245, 249, 253, 257, 258, 267, 304, 371, 437, 481, 492, 751, 753, 760, 935, 953, 978]",147.86046511627907,222.00131797171613,0.2189967619550499,0.6317187475490625,0.9822778261816598,0.9972099379176136
8.0,2.0,32.0,100.0,32.0,2.0,0.0001,1.0,243.0,2.0,-7.820688e-05,2625.0,-0.00015628895,1276.0,"[1, 3, 4, 5, 9, 10, 11, 19, 20, 28, 34, 35, 54, 56, 69, 102, 104, 105, 106, 114, 116, 118, 125, 126, 187, 188, 199, 201, 202, 203, 204, 205, 208, 210, 252, 269, 285, 320, 365, 375, 1630, 1732, 1736, 1819, 1931, 1934, 1972, 2007, 2493, 2625]",502.52,761.2044466501757,"[1, 2, 3, 4, 5, 6, 8, 9, 11, 12, 13, 14, 15, 16, 17, 18, 19, 21, 22, 23, 25, 26, 27, 28, 29, 30, 31, 32, 34, 36, 38, 40, 43, 49, 52, 54, 55, 56, 59, 61, 62, 63, 64, 65, 75, 78, 83, 84, 91, 92, 93, 94, 95, 96, 97, 98, 112, 113, 120, 121, 122, 127, 128, 140, 141, 161, 162, 163, 170, 171, 211, 234, 251, 252, 268, 271, 508, 540, 541, 594, 636, 642, 646, 682, 1156, 1276]",151.54651162790697,233.4064553907278,0.2347804995964431,0.613542416024806,0.9870306033543892,0.99711117190085
8.0,4.0,16.0,100.0,32.0,2.0,0.001,1.0,243.0,2.0,-0.00039142085,2549.0,-0.0003558306,1390.0,"[1, 2, 3, 4, 5, 6, 7, 9, 10, 23, 28, 41, 46, 50, 51, 52, 53, 55, 56, 57, 58, 63, 64, 77, 116, 161, 162, 172, 175, 177, 181, 188, 193, 223, 238, 600, 898, 900, 1077, 1726, 2208, 2225, 2266, 2304, 2370, 2399, 2475, 2500, 2534, 2549]",636.76,929.400743705319,"[1, 2, 3, 4, 5, 6, 7, 8, 9, 10, 11, 12, 13, 14, 15, 16, 17, 18, 19, 20, 21, 22, 24, 25, 26, 27, 28, 29, 31, 32, 33, 35, 36, 39, 41, 42, 46, 49, 52, 53, 86, 87, 88, 89, 90, 91, 95, 96, 99, 102, 108, 113, 114, 117, 130, 131, 140, 145, 146, 148, 155, 156, 177, 183, 187, 208, 220, 223, 286, 308, 351, 426, 430, 440, 448, 461, 497, 498, 526, 527, 684, 812, 871, 918, 1388, 1390]",184.7209302325581,275.9307990076409,0.3208291615563179,0.6139355016769059,0.9833756262252232,0.9962222777499792
8.0,3.0,16.0,100.0,32.0,2.0,0.001,1.0,243.0,2.0,-0.0004732077,2893.0,-0.0004650799,1528.0,"[1, 2, 3, 5, 6, 7, 9, 10, 21, 22, 25, 26, 49, 51, 52, 53, 54, 87, 97, 103, 109, 110, 111, 112, 114, 115, 116, 118, 241, 274, 282, 303, 310, 313, 333, 344, 612, 622, 955, 1544, 1719, 1755, 2090, 2153, 2298, 2332, 2387, 2391, 2450, 2893]",603.78,874.6173629650855,"[1, 2, 3, 4, 5, 6, 7, 8, 9, 10, 11, 12, 13, 14, 15, 16, 17, 18, 19, 20, 21, 22, 23, 24, 26, 27, 28, 30, 31, 32, 33, 34, 35, 36, 37, 41, 42, 45, 47, 48, 52, 53, 55, 56, 57, 58, 60, 65, 66, 67, 68, 69, 72, 78, 79, 80, 84, 85, 91, 94, 106, 118, 123, 163, 167, 169, 179, 185, 204, 205, 238, 254, 286, 287, 305, 306, 474, 496, 585, 661, 812, 1156, 1157, 1379, 1383, 1528]",176.59302325581396,322.09894398890367,0.2786364328949951,0.7002810968749901,0.984273578741015,0.9964400614904134
8.0,2.0,16.0,100.0,32.0,2.0,0.001,1.0,243.0,2.0,-0.0013378427,2348.0,-0.002547081,768.0,"[1, 2, 3, 4, 5, 6, 7, 8, 11, 14, 28, 33, 90, 91, 96, 98, 102, 111, 121, 125, 126, 143, 144, 147, 174, 176, 177, 187, 188, 190, 191, 192, 210, 255, 347, 381, 384, 387, 390, 411, 415, 417, 420, 430, 690, 701, 1080, 1130, 2238, 2348]",312.5,473.11069529233856,"[1, 2, 3, 4, 6, 7, 8, 9, 10, 11, 12, 13, 14, 15, 16, 17, 19, 21, 22, 23, 24, 25, 26, 27, 34, 35, 36, 38, 40, 45, 46, 47, 49, 50, 53, 55, 59, 63, 66, 67, 68, 70, 71, 72, 73, 74, 75, 77, 91, 92, 93, 136, 137, 142, 143, 145, 146, 147, 148, 149, 155, 156, 168, 170, 195, 197, 201, 203, 266, 279, 288, 289, 323, 324, 364, 370, 375, 382, 403, 429, 449, 456, 463, 487, 754, 768]",141.63953488372093,162.98494100723693,0.2994572875667849,0.5727462730580305,0.9922043127858854,0.997376625043697
8.0,4.0,32.0,100.0,32.0,2.0,0.001,1.0,243.0,2.0,-0.0003381085,2704.0,-0.0001834061,1212.0,"[1, 2, 3, 4, 5, 11, 15, 17, 18, 20, 34, 35, 47, 48, 50, 51, 55, 56, 59, 62, 66, 72, 73, 74, 75, 78, 105, 176, 180, 193, 239, 243, 565, 910, 913, 914, 921, 943, 1646, 1658, 2206, 2241, 2255, 2271, 2317, 2514, 2543, 2607, 2661, 2704]",699.12,952.2173415770164,"[1, 2, 3, 4, 5, 6, 7, 8, 9, 10, 11, 12, 13, 14, 15, 16, 17, 18, 19, 20, 21, 22, 23, 24, 25, 26, 28, 31, 33, 34, 67, 68, 69, 71, 72, 73, 74, 78, 81, 85, 91, 92, 95, 96, 98, 99, 100, 106, 109, 110, 111, 112, 113, 117, 122, 129, 130, 142, 200, 201, 202, 204, 210, 211, 213, 252, 271, 286, 287, 341, 342, 378, 379, 397, 426, 430, 474, 488, 582, 595, 757, 902, 979, 994, 1134, 1212]",192.2558139534884,263.93714835193515,0.2807718710417085,0.5602346689181696,0.9816777390546724,0.9960203838103494
8.0,3.0,32.0,100.0,32.0,2.0,0.001,1.0,243.0,2.0,-0.00023183323,2394.0,-0.00023562241,1110.0,"[1, 2, 5, 6, 8, 9, 10, 11, 23, 29, 30, 37, 43, 44, 46, 47, 53, 56, 57, 58, 65, 72, 77, 87, 131, 144, 185, 190, 405, 408, 416, 417, 426, 437, 451, 453, 458, 461, 1536, 1567, 1575, 1607, 1611, 1656, 1882, 1912, 2172, 2265, 2276, 2394]",566.22,763.921364801378,"[1, 2, 3, 4, 5, 6, 7, 8, 9, 10, 11, 12, 13, 14, 15, 16, 17, 18, 20, 21, 22, 24, 26, 27, 28, 29, 31, 32, 33, 35, 36, 37, 38, 43, 50, 51, 52, 53, 54, 55, 56, 57, 59, 60, 65, 66, 71, 72, 76, 78, 79, 85, 94, 95, 96, 97, 99, 100, 103, 110, 113, 114, 120, 122, 136, 137, 238, 283, 302, 308, 311, 351, 354, 373, 381, 402, 403, 421, 455, 456, 890, 919, 948, 1038, 1054, 1110]",166.56976744186048,257.47018525509856,0.2599724517920467,0.6490992123204072,0.985296231757787,0.9967086302804766
8.0,2.0,32.0,100.0,32.0,2.0,0.001,1.0,243.0,2.0,-0.00010451724,3096.0,-0.0001384375,1540.0,"[1, 6, 7, 8, 9, 10, 15, 19, 20, 22, 30, 31, 48, 84, 86, 87, 91, 93, 102, 103, 107, 109, 110, 111, 163, 169, 193, 194, 200, 201, 207, 212, 223, 275, 1244, 1297, 1324, 1327, 1597, 1607, 1614, 1927, 1955, 2009, 2014, 2112, 2207, 2482, 2484, 3096]",672.84,886.0912449629552,"[1, 2, 3, 4, 5, 6, 7, 8, 9, 10, 11, 12, 13, 14, 16, 17, 18, 21, 22, 23, 24, 25, 27, 28, 29, 30, 32, 33, 35, 37, 38, 39, 40, 44, 45, 46, 48, 49, 54, 55, 57, 58, 60, 61, 62, 64, 65, 66, 67, 68, 69, 72, 75, 76, 78, 80, 85, 86, 97, 103, 105, 110, 111, 115, 118, 123, 126, 128, 130, 211, 212, 219, 220, 254, 265, 404, 434, 476, 501, 592, 755, 1086, 1089, 1102, 1197, 1540]",163.3953488372093,293.87175968635944,0.2059174210522254,0.6742005142881127,0.9823880962753212,0.9967922854082402
8.0,4.0,16.0,100.0,32.0,2.0,1e-05,1.0,243.0,2.0,-0.0064783134,1833.0,-0.011252985,691.0,"[1, 2, 3, 4, 16, 17, 23, 24, 25, 26, 27, 28, 49, 50, 55, 56, 58, 61, 66, 67, 70, 71, 76, 80, 165, 168, 188, 197, 201, 239, 255, 272, 277, 281, 291, 347, 373, 378, 410, 416, 437, 463, 479, 554, 558, 606, 1641, 1650, 1684, 1833]",306.36,445.9211481865376,"[1, 2, 3, 4, 5, 6, 7, 8, 9, 10, 11, 12, 13, 14, 15, 17, 18, 19, 20, 21, 22, 23, 24, 25, 26, 27, 28, 29, 30, 31, 32, 33, 34, 35, 37, 40, 45, 46, 47, 49, 50, 55, 57, 61, 67, 72, 73, 75, 76, 78, 79, 82, 90, 93, 95, 100, 104, 105, 106, 107, 108, 109, 125, 126, 129, 131, 142, 161, 162, 163, 182, 197, 223, 224, 286, 301, 363, 394, 491, 549, 569, 591, 600, 608, 690, 691]",125.7906976744186,171.23261183351494,0.2604033059080521,0.6920618968980364,0.992371487693313,0.9978012877593074
8.0,3.0,16.0,100.0,32.0,2.0,1e-05,1.0,243.0,2.0,-0.01181551,1297.0,-0.012589117,1005.0,"[2, 5, 7, 8, 16, 17, 23, 24, 25, 26, 27, 31, 50, 51, 52, 53, 60, 61, 64, 67, 70, 75, 76, 80, 258, 296, 309, 312, 313, 315, 422, 499, 620, 633, 640, 645, 647, 648, 762, 818, 843, 846, 849, 878, 986, 1185, 1261, 1278, 1288, 1297]",396.36,417.809753835403,"[1, 2, 3, 4, 5, 6, 7, 8, 9, 10, 11, 13, 14, 15, 16, 17, 18, 19, 20, 21, 23, 24, 25, 26, 27, 28, 29, 30, 31, 32, 33, 34, 35, 36, 37, 38, 39, 40, 43, 47, 58, 61, 66, 69, 86, 88, 127, 133, 152, 154, 155, 175, 176, 178, 188, 189, 192, 198, 199, 216, 221, 222, 250, 265, 266, 282, 283, 327, 331, 332, 333, 340, 341, 360, 364, 373, 732, 737, 739, 743, 783, 790, 913, 969, 994, 1005]",198.03488372093025,260.4198063268461,0.1971141546472196,0.590771488410957,0.9899210411675016,0.9958655361436886
8.0,2.0,16.0,100.0,32.0,2.0,1e-05,1.0,243.0,2.0,-0.015173506,1377.0,-0.01570056,1317.0,"[1, 2, 3, 4, 5, 6, 10, 12, 15, 29, 32, 33, 47, 50, 54, 59, 62, 63, 67, 68, 71, 73, 74, 81, 355, 441, 449, 455, 483, 487, 534, 539, 565, 706, 725, 945, 998, 1033, 1046, 1057, 1090, 1094, 1095, 1136, 1171, 1240, 1260, 1353, 1362, 1377]",478.34,486.8718767807399,"[1, 2, 3, 4, 5, 6, 7, 8, 9, 10, 11, 12, 13, 14, 15, 16, 17, 19, 20, 21, 22, 23, 24, 25, 27, 28, 29, 30, 31, 32, 33, 34, 35, 36, 37, 40, 41, 42, 44, 45, 46, 48, 49, 55, 56, 164, 253, 266, 267, 282, 320, 329, 330, 357, 358, 373, 376, 378, 379, 386, 387, 405, 406, 407, 408, 426, 427, 544, 552, 563, 570, 583, 596, 597, 610, 614, 622, 673, 763, 1078, 1103, 1148, 1161, 1223, 1253, 1317]",283.4767441860465,344.65573408919585,0.2734587935463181,0.5622353969134799,0.9876889566543235,0.9935761585689956
8.0,4.0,32.0,100.0,32.0,2.0,1e-05,1.0,243.0,2.0,-0.002195894,1879.0,-0.0014675446,1589.0,"[1, 2, 3, 4, 5, 7, 9, 10, 19, 20, 29, 30, 55, 56, 58, 59, 60, 62, 63, 64, 81, 117, 121, 124, 127, 129, 138, 143, 153, 156, 163, 176, 188, 191, 236, 283, 296, 307, 328, 342, 351, 378, 503, 506, 581, 641, 750, 796, 1852, 1879]",253.04,383.4557580738618,"[1, 2, 3, 4, 5, 6, 7, 8, 9, 10, 11, 12, 13, 14, 15, 16, 17, 18, 19, 20, 24, 25, 26, 29, 33, 34, 35, 36, 40, 41, 42, 43, 44, 47, 48, 50, 51, 52, 53, 55, 56, 58, 62, 63, 65, 67, 69, 70, 73, 75, 76, 77, 78, 85, 92, 93, 100, 102, 103, 104, 105, 107, 108, 109, 114, 124, 189, 191, 200, 201, 208, 209, 218, 219, 299, 364, 381, 384, 389, 439, 443, 448, 560, 561, 1523, 1589]",142.65116279069767,254.09651926639825,0.3126418055455686,0.6591920383333323,0.993823241123938,0.9973495189129132
8.0,3.0,32.0,100.0,32.0,2.0,1e-05,1.0,243.0,2.0,-0.0027428558,2330.0,-0.005805962,1074.0,"[1, 2, 3, 4, 5, 7, 8, 9, 10, 11, 25, 27, 50, 51, 53, 59, 65, 68, 70, 71, 72, 76, 79, 81, 137, 138, 139, 146, 153, 157, 178, 179, 188, 191, 272, 309, 375, 380, 393, 404, 412, 414, 455, 469, 781, 788, 1463, 1825, 2304, 2330]",317.74,533.8424040857002,"[1, 2, 3, 4, 5, 6, 7, 8, 9, 10, 11, 12, 13, 14, 15, 16, 17, 18, 19, 20, 21, 22, 23, 25, 26, 27, 28, 29, 30, 32, 33, 34, 35, 36, 37, 39, 40, 41, 42, 45, 46, 47, 54, 56, 64, 66, 67, 69, 75, 76, 77, 78, 85, 86, 91, 92, 94, 95, 96, 97, 101, 102, 106, 108, 109, 118, 119, 130, 155, 164, 180, 182, 322, 329, 371, 372, 392, 393, 438, 448, 460, 535, 620, 824, 986, 1074]",133.7674418604651,207.34796472319488,0.3352323099423728,0.7141845092439242,0.9920564691788284,0.9975861523190074
8.0,2.0,32.0,100.0,32.0,2.0,1e-05,1.0,243.0,2.0,-0.0068236953,1451.0,-0.011158326,608.0,"[1, 2, 3, 4, 5, 6, 7, 8, 9, 10, 18, 20, 47, 51, 52, 53, 60, 63, 66, 67, 69, 74, 76, 77, 111, 114, 143, 182, 206, 209, 218, 234, 238, 261, 295, 305, 306, 308, 338, 360, 378, 401, 435, 453, 461, 642, 1158, 1354, 1393, 1451]",256.04,355.5093225219277,"[1, 2, 3, 4, 5, 6, 7, 8, 9, 10, 11, 12, 13, 14, 15, 16, 17, 18, 19, 20, 21, 22, 23, 24, 25, 26, 28, 29, 30, 31, 32, 33, 34, 35, 37, 39, 43, 44, 45, 46, 48, 52, 53, 55, 73, 75, 78, 81, 87, 89, 95, 99, 100, 101, 104, 105, 107, 108, 111, 112, 117, 118, 119, 120, 126, 127, 128, 130, 132, 150, 151, 155, 170, 171, 314, 327, 334, 360, 374, 414, 423, 455, 519, 527, 561, 608]",113.02325581395348,141.70572002242568,0.3556739604016545,0.7039492155530976,0.9937363864081898,0.9981419837824332
8.0,4.0,16.0,100.0,32.0,2.0,0.0001,1.0,243.0,3.0,-0.0006197811,2389.0,-0.0008390232,903.0,"[1, 2, 3, 4, 5, 8, 10, 11, 13, 14, 16, 17, 54, 56, 58, 60, 61, 62, 68, 69, 70, 72, 154, 155, 191, 192, 193, 194, 206, 207, 230, 233, 265, 270, 312, 327, 339, 342, 487, 488, 496, 499, 1036, 1253, 1256, 1550, 1556, 1567, 2255, 2389]",387.52,579.0178318497626,"[1, 2, 3, 4, 5, 6, 7, 8, 9, 10, 11, 13, 14, 15, 16, 17, 18, 19, 20, 21, 22, 23, 27, 28, 29, 30, 31, 32, 34, 35, 36, 37, 43, 44, 76, 77, 82, 90, 91, 97, 98, 99, 101, 102, 103, 104, 107, 108, 112, 116, 119, 121, 128, 137, 143, 144, 145, 146, 148, 150, 151, 152, 173, 193, 235, 237, 255, 261, 280, 281, 282, 287, 294, 312, 313, 328, 329, 337, 347, 355, 536, 541, 613, 635, 838, 903]",152.11627906976744,179.9869128707955,0.3096954932629648,0.5677485115722574,0.9901617294707036,0.9970959052294892
8.0,3.0,16.0,100.0,32.0,2.0,0.0001,1.0,243.0,3.0,-0.0020382374,2053.0,-0.0032807468,1107.0,"[1, 2, 3, 4, 13, 19, 21, 22, 26, 27, 32, 33, 57, 60, 62, 95, 97, 98, 99, 100, 112, 113, 120, 123, 125, 126, 136, 139, 142, 145, 176, 180, 190, 192, 232, 237, 276, 282, 320, 323, 345, 346, 368, 426, 673, 796, 890, 930, 1994, 2053]",267.62,418.25001566048985,"[1, 2, 3, 4, 5, 6, 7, 8, 9, 10, 11, 12, 13, 14, 15, 16, 18, 19, 20, 21, 22, 23, 25, 26, 28, 29, 30, 31, 32, 33, 34, 35, 37, 38, 41, 43, 47, 49, 50, 52, 53, 55, 57, 59, 61, 62, 63, 64, 71, 75, 80, 81, 82, 83, 89, 90, 91, 102, 107, 113, 118, 119, 122, 126, 136, 137, 145, 165, 254, 256, 261, 274, 332, 414, 538, 539, 543, 556, 565, 582, 583, 691, 695, 714, 832, 1107]",154.19767441860466,225.6259417176736,0.2542972522730804,0.6717767148909923,0.9934262687867568,0.9970401351443136
8.0,2.0,16.0,100.0,32.0,2.0,0.0001,1.0,243.0,3.0,-0.0036684647,2338.0,-0.008029783,910.0,"[2, 4, 9, 10, 21, 22, 23, 24, 25, 27, 28, 32, 52, 53, 56, 58, 59, 61, 64, 65, 66, 86, 91, 141, 145, 146, 149, 151, 163, 166, 194, 200, 216, 223, 224, 233, 239, 240, 251, 252, 320, 336, 343, 351, 543, 606, 1891, 2219, 2276, 2338]",309.88,569.1614055784175,"[1, 2, 3, 4, 5, 6, 7, 8, 9, 10, 11, 12, 13, 15, 16, 17, 18, 20, 22, 24, 30, 31, 32, 33, 35, 38, 39, 40, 41, 42, 43, 44, 45, 46, 50, 52, 54, 58, 59, 60, 61, 62, 64, 67, 71, 72, 73, 75, 77, 78, 81, 83, 84, 87, 94, 95, 96, 97, 121, 124, 126, 128, 130, 131, 133, 134, 156, 177, 231, 240, 294, 304, 305, 323, 344, 345, 476, 481, 510, 526, 599, 602, 646, 704, 900, 910]",146.65116279069767,201.34829059754864,0.2227461442675622,0.6149176074986089,0.9922737421041168,0.9972409386074178
8.0,4.0,32.0,100.0,32.0,2.0,0.0001,1.0,243.0,3.0,-0.0001187928,2527.0,-0.00013155141,897.0,"[1, 2, 3, 4, 5, 6, 7, 11, 21, 22, 27, 28, 87, 89, 93, 94, 95, 96, 97, 98, 99, 102, 103, 104, 107, 108, 167, 192, 195, 198, 204, 205, 206, 207, 1450, 1473, 1804, 1829, 2150, 2164, 2166, 2188, 2225, 2237, 2268, 2441, 2486, 2509, 2518, 2527]",750.36,981.9489143534912,"[1, 2, 3, 4, 5, 6, 7, 8, 9, 10, 11, 12, 13, 14, 15, 16, 17, 18, 19, 20, 21, 22, 23, 24, 26, 27, 28, 29, 30, 31, 32, 33, 35, 38, 47, 48, 49, 50, 53, 54, 55, 56, 57, 58, 59, 60, 71, 73, 75, 108, 109, 110, 111, 114, 116, 126, 134, 136, 169, 172, 174, 176, 177, 179, 180, 187, 188, 204, 205, 216, 224, 236, 286, 320, 323, 337, 399, 400, 547, 554, 556, 757, 810, 819, 820, 897]",151.74418604651163,208.7384691730529,0.2758613279212391,0.6489780428976069,0.980282618165977,0.997105875300582
8.0,3.0,32.0,100.0,32.0,2.0,0.0001,1.0,243.0,3.0,-0.00014079762,2264.0,-0.00020943784,935.0,"[1, 2, 3, 6, 7, 10, 11, 19, 20, 21, 23, 24, 92, 93, 95, 97, 99, 104, 105, 115, 153, 154, 160, 164, 168, 171, 172, 173, 201, 202, 203, 204, 391, 392, 1286, 1471, 1558, 1574, 1603, 1642, 1680, 1893, 1921, 2083, 2141, 2162, 2190, 2221, 2231, 2264]",675.5,842.2417052129395,"[1, 2, 3, 4, 5, 7, 9, 10, 11, 12, 13, 14, 15, 16, 17, 18, 19, 20, 21, 22, 23, 24, 26, 28, 29, 32, 33, 35, 36, 38, 39, 40, 41, 42, 43, 44, 45, 46, 47, 60, 63, 65, 69, 70, 73, 74, 77, 79, 84, 85, 86, 87, 91, 92, 93, 125, 126, 135, 136, 143, 144, 164, 165, 166, 168, 171, 173, 175, 218, 228, 252, 272, 303, 313, 318, 320, 365, 407, 610, 635, 644, 645, 703, 715, 849, 935]",150.01162790697674,205.68860491133967,0.2331538714978545,0.6084770862709895,0.9823208451317796,0.997152298444108
8.0,2.0,32.0,100.0,32.0,2.0,0.0001,1.0,243.0,3.0,-0.00015672205,2107.0,-0.000290008,841.0,"[1, 2, 3, 4, 6, 7, 8, 15, 16, 19, 31, 32, 92, 94, 103, 104, 150, 159, 165, 168, 171, 172, 173, 174, 194, 198, 203, 204, 205, 206, 209, 212, 234, 235, 287, 293, 1183, 1185, 1364, 1388, 1571, 1581, 1655, 1694, 1746, 1826, 2050, 2074, 2105, 2107]",561.56,721.5499749844081,"[1, 2, 3, 4, 7, 8, 9, 10, 11, 12, 15, 16, 17, 18, 19, 20, 21, 22, 24, 25, 26, 29, 30, 33, 34, 35, 36, 37, 38, 39, 40, 42, 43, 47, 51, 52, 53, 54, 55, 56, 61, 62, 64, 67, 68, 72, 78, 83, 84, 85, 87, 91, 93, 94, 102, 107, 111, 112, 113, 114, 117, 118, 130, 131, 132, 133, 140, 141, 160, 161, 185, 203, 213, 223, 225, 228, 465, 483, 487, 529, 597, 620, 662, 666, 717, 841]",134.2906976744186,184.2722875528992,0.2507085217034148,0.5988549163395012,0.9854231104334568,0.9975735339477804
8.0,4.0,16.0,100.0,32.0,2.0,0.001,1.0,243.0,3.0,-0.00029125815,2417.0,-0.00031865286,1031.0,"[1, 2, 3, 4, 7, 8, 9, 10, 12, 18, 22, 35, 49, 50, 51, 52, 55, 56, 57, 59, 61, 88, 90, 91, 150, 156, 158, 159, 160, 177, 211, 452, 453, 458, 460, 463, 467, 1337, 1659, 1713, 1727, 1745, 1973, 2047, 2068, 2121, 2130, 2277, 2380, 2417]",608.16,831.988878771826,"[1, 2, 3, 4, 5, 6, 7, 8, 9, 10, 11, 12, 13, 14, 15, 16, 17, 18, 19, 20, 21, 22, 23, 25, 26, 27, 37, 38, 41, 42, 44, 50, 51, 53, 54, 56, 58, 59, 64, 65, 66, 67, 68, 70, 71, 75, 76, 77, 79, 80, 127, 128, 131, 132, 135, 137, 138, 148, 152, 153, 156, 169, 243, 245, 247, 248, 319, 322, 323, 341, 354, 355, 386, 387, 408, 409, 414, 530, 533, 547, 653, 723, 905, 946, 951, 1031]",178.15116279069767,236.9766212314536,0.2940987854863515,0.5878439671549609,0.9841543236767588,0.9963983118177122
8.0,3.0,16.0,100.0,32.0,2.0,0.001,1.0,243.0,3.0,-0.0010077404,1814.0,-0.0008715577,977.0,"[1, 2, 3, 4, 5, 6, 7, 16, 22, 34, 35, 44, 47, 50, 51, 52, 53, 54, 64, 65, 66, 67, 111, 118, 121, 127, 166, 167, 177, 181, 191, 265, 268, 270, 277, 284, 292, 491, 674, 689, 706, 824, 1483, 1518, 1528, 1545, 1581, 1584, 1763, 1814]",399.26,560.6888195782042,"[1, 2, 3, 4, 5, 6, 7, 8, 9, 10, 11, 12, 13, 14, 15, 16, 17, 18, 19, 20, 21, 22, 23, 24, 27, 29, 30, 33, 34, 35, 36, 51, 52, 53, 58, 61, 62, 65, 66, 67, 69, 70, 72, 73, 74, 79, 84, 85, 87, 91, 100, 110, 111, 112, 113, 115, 116, 117, 121, 123, 125, 130, 172, 178, 188, 194, 198, 200, 218, 230, 234, 254, 255, 288, 295, 296, 313, 384, 393, 402, 502, 563, 582, 802, 944, 977]",143.0,193.61487786384745,0.2960544143564057,0.6192577271418656,0.9898369091701156,0.9973397046241812
8.0,2.0,16.0,100.0,32.0,2.0,0.001,1.0,243.0,3.0,-0.002163481,1391.0,-0.0017827689,1803.0,"[1, 2, 3, 5, 6, 7, 8, 9, 57, 58, 64, 65, 87, 88, 92, 93, 103, 104, 112, 115, 116, 118, 120, 121, 122, 127, 234, 235, 253, 255, 257, 258, 259, 271, 421, 422, 440, 442, 448, 451, 515, 554, 577, 581, 607, 616, 638, 653, 1329, 1391]",278.2,299.9383269940672,"[1, 2, 3, 4, 5, 6, 7, 8, 9, 10, 11, 12, 13, 14, 15, 16, 17, 19, 20, 21, 22, 23, 24, 25, 27, 29, 30, 32, 37, 38, 45, 47, 48, 49, 54, 56, 58, 62, 64, 66, 67, 68, 74, 111, 112, 117, 119, 120, 122, 125, 126, 127, 129, 130, 131, 134, 135, 136, 137, 138, 144, 145, 182, 193, 208, 216, 225, 226, 327, 328, 336, 337, 390, 395, 399, 421, 586, 608, 740, 763, 880, 1101, 1174, 1220, 1801, 1803]",215.7558139534884,356.1100540643761,0.2529447375104676,0.5745324302200512,0.9931333042910042,0.9953896210313664
8.0,4.0,32.0,100.0,32.0,2.0,0.001,1.0,243.0,3.0,-0.0011102096,2352.0,-0.0007559283,1167.0,"[1, 2, 6, 10, 11, 12, 13, 15, 17, 23, 24, 35, 45, 46, 49, 50, 71, 74, 75, 85, 86, 87, 114, 123, 124, 126, 138, 139, 239, 260, 273, 333, 366, 382, 553, 662, 665, 820, 825, 916, 924, 1103, 1189, 1253, 1782, 1883, 2181, 2192, 2252, 2352]",500.12,686.3129501910918,"[1, 2, 3, 4, 5, 6, 7, 8, 40, 41, 43, 44, 45, 46, 47, 48, 49, 50, 51, 52, 53, 56, 57, 58, 59, 62, 63, 64, 67, 68, 71, 78, 80, 83, 84, 89, 91, 104, 109, 110, 111, 112, 114, 115, 116, 117, 124, 125, 126, 132, 133, 137, 179, 180, 182, 184, 188, 193, 209, 214, 220, 223, 234, 237, 242, 378, 392, 395, 424, 425, 426, 433, 445, 455, 456, 462, 483, 537, 641, 646, 864, 874, 997, 1082, 1094, 1167]",224.6627906976744,267.13604279403006,0.2373881014880139,0.3626923340024078,0.9870959485950772,0.9951520529311074
8.0,3.0,32.0,100.0,32.0,2.0,0.001,1.0,243.0,3.0,-0.00032858428,2236.0,-0.00023704984,1247.0,"[1, 2, 3, 4, 5, 6, 7, 8, 9, 10, 12, 13, 25, 48, 50, 52, 53, 57, 61, 62, 66, 71, 76, 81, 143, 144, 190, 311, 321, 324, 337, 397, 398, 433, 468, 472, 482, 492, 500, 1190, 1591, 1708, 1751, 1778, 1782, 1794, 2101, 2125, 2140, 2236]",527.8,724.9254858259571,"[1, 2, 3, 4, 5, 6, 7, 8, 9, 10, 11, 12, 13, 14, 15, 16, 17, 19, 20, 22, 23, 24, 25, 26, 27, 33, 34, 36, 37, 45, 46, 48, 49, 50, 51, 53, 65, 80, 81, 82, 83, 88, 89, 90, 93, 96, 104, 105, 110, 112, 113, 114, 115, 116, 117, 120, 121, 122, 123, 130, 140, 148, 160, 243, 257, 259, 266, 286, 347, 348, 354, 355, 356, 362, 437, 438, 504, 505, 595, 664, 1028, 1046, 1108, 1121, 1153, 1247]",197.8720930232558,291.1587034875473,0.350371990675436,0.5673765366268786,0.9863371269875844,0.995868807573266
8.0,2.0,32.0,100.0,32.0,2.0,0.001,1.0,243.0,3.0,-0.00032375395,2348.0,-0.00060686935,915.0,"[3, 9, 10, 14, 15, 16, 18, 19, 24, 25, 29, 34, 43, 46, 79, 81, 87, 90, 93, 94, 98, 101, 106, 108, 112, 113, 183, 186, 210, 212, 216, 219, 232, 241, 1278, 1285, 1299, 1364, 1376, 1554, 1630, 1689, 1929, 1958, 1999, 2008, 2018, 2049, 2125, 2348]",621.5,796.3148937449306,"[1, 2, 3, 4, 5, 6, 7, 8, 9, 10, 11, 12, 14, 15, 16, 17, 18, 19, 20, 21, 22, 23, 25, 26, 28, 29, 30, 31, 32, 35, 37, 40, 43, 44, 46, 49, 51, 52, 53, 54, 55, 56, 57, 58, 59, 60, 61, 62, 63, 79, 80, 81, 135, 137, 138, 142, 143, 144, 150, 156, 165, 168, 171, 175, 179, 183, 186, 232, 233, 239, 240, 245, 500, 525, 534, 564, 575, 605, 647, 651, 704, 710, 761, 822, 827, 915]",170.2325581395349,233.72646875307365,0.179009625459043,0.6275863002650116,0.9837862121542148,0.9966093969166308
8.0,4.0,16.0,100.0,32.0,2.0,1e-05,1.0,243.0,3.0,-0.005296552,1949.0,-0.009026858,1181.0,"[1, 2, 3, 4, 7, 8, 18, 19, 20, 21, 25, 26, 59, 60, 61, 62, 64, 65, 66, 67, 70, 73, 74, 75, 195, 197, 201, 212, 232, 253, 254, 258, 307, 320, 322, 326, 328, 339, 395, 419, 434, 436, 483, 526, 572, 609, 1623, 1632, 1873, 1949]",312.9,463.1057870508637,"[1, 2, 3, 4, 5, 6, 7, 8, 9, 10, 11, 12, 13, 14, 15, 16, 17, 18, 19, 20, 21, 22, 23, 24, 26, 27, 28, 29, 30, 31, 32, 33, 34, 35, 36, 37, 38, 39, 43, 44, 50, 52, 54, 56, 66, 73, 91, 92, 93, 95, 98, 99, 101, 114, 115, 117, 129, 138, 139, 144, 146, 147, 153, 168, 171, 176, 177, 191, 244, 245, 255, 256, 278, 291, 299, 395, 473, 482, 490, 514, 544, 564, 668, 743, 756, 1181]",148.43023255813952,208.77981840772952,0.2794808098960915,0.6661663546062294,0.9921882487475494,0.9971938923344488
8.0,3.0,16.0,100.0,32.0,2.0,1e-05,1.0,243.0,3.0,-0.012489301,1271.0,-0.013040629,1035.0,"[1, 2, 3, 4, 6, 7, 18, 23, 25, 26, 29, 32, 47, 48, 53, 54, 65, 70, 71, 73, 77, 79, 84, 88, 257, 267, 271, 293, 294, 312, 389, 392, 421, 423, 441, 482, 483, 495, 529, 544, 618, 619, 683, 724, 741, 954, 984, 1076, 1142, 1271]",321.8,339.59146043444616,"[1, 2, 3, 4, 5, 6, 7, 8, 9, 10, 11, 12, 13, 14, 15, 16, 17, 19, 20, 21, 22, 23, 24, 25, 26, 27, 28, 29, 31, 32, 33, 34, 35, 36, 37, 38, 39, 40, 42, 50, 52, 107, 109, 110, 115, 118, 145, 150, 161, 162, 165, 169, 171, 175, 176, 191, 208, 209, 212, 233, 236, 238, 239, 240, 241, 251, 252, 254, 273, 373, 374, 388, 389, 391, 392, 413, 423, 440, 459, 527, 626, 630, 635, 672, 797, 1035]",176.6279069767442,207.1988173684277,0.2636205025857271,0.589979907931588,0.9919475604443476,0.9964377247550008
8.0,2.0,16.0,100.0,32.0,2.0,1e-05,1.0,243.0,3.0,-0.020392148,1248.0,-0.02065501,1187.0,"[1, 2, 3, 4, 5, 6, 10, 11, 20, 29, 31, 32, 38, 40, 41, 50, 62, 67, 71, 74, 90, 123, 128, 178, 338, 430, 444, 488, 574, 586, 591, 594, 692, 695, 726, 750, 809, 818, 829, 916, 927, 933, 967, 995, 1010, 1100, 1113, 1208, 1229, 1248]",442.52,423.59184316981367,"[1, 2, 3, 4, 5, 7, 8, 9, 10, 14, 15, 16, 17, 18, 19, 20, 22, 23, 26, 27, 28, 29, 30, 32, 33, 34, 35, 36, 37, 39, 40, 42, 43, 44, 46, 48, 49, 50, 51, 53, 58, 61, 62, 111, 125, 127, 143, 144, 150, 169, 170, 171, 221, 222, 313, 316, 319, 390, 428, 430, 431, 443, 553, 554, 557, 561, 564, 565, 575, 586, 587, 613, 614, 617, 624, 653, 674, 685, 774, 780, 841, 933, 1056, 1067, 1166, 1187]",272.7325581395349,318.42634227022654,0.2685439072458513,0.4843055847900853,0.9886642343715966,0.9938640443718014
8.0,4.0,32.0,100.0,32.0,2.0,1e-05,1.0,243.0,3.0,-0.0018639659,1810.0,-0.0025470953,1202.0,"[1, 2, 4, 5, 16, 17, 18, 19, 25, 26, 27, 28, 53, 54, 59, 61, 73, 75, 76, 82, 83, 116, 117, 118, 124, 126, 132, 139, 144, 145, 158, 165, 182, 189, 304, 320, 328, 329, 339, 352, 366, 377, 421, 423, 482, 491, 700, 744, 1771, 1810]",244.32,361.8234619258403,"[1, 2, 3, 4, 5, 6, 7, 8, 9, 10, 11, 12, 13, 14, 15, 16, 17, 18, 19, 20, 22, 23, 25, 27, 28, 29, 30, 31, 33, 34, 36, 37, 41, 42, 44, 45, 47, 48, 49, 50, 52, 53, 54, 55, 64, 68, 69, 70, 71, 72, 74, 75, 93, 96, 97, 99, 100, 103, 104, 105, 106, 107, 115, 118, 125, 131, 132, 133, 134, 138, 139, 145, 307, 340, 341, 348, 349, 366, 429, 432, 510, 534, 535, 570, 1021, 1202]",131.53488372093022,204.188051587337,0.2591073786045551,0.688893449773894,0.994055489000218,0.9976459727455644
8.0,3.0,32.0,100.0,32.0,2.0,1e-05,1.0,243.0,3.0,-0.0034035482,1836.0,-0.007118829,742.0,"[1, 2, 13, 14, 16, 17, 18, 19, 24, 25, 26, 32, 49, 55, 56, 58, 59, 61, 71, 72, 73, 74, 76, 79, 133, 134, 138, 139, 157, 162, 195, 196, 198, 212, 214, 218, 287, 301, 372, 394, 406, 423, 433, 449, 450, 540, 1437, 1554, 1583, 1836]",271.02,419.8359436732401,"[1, 2, 3, 4, 5, 6, 7, 8, 9, 10, 11, 12, 13, 14, 15, 17, 18, 19, 20, 21, 22, 23, 24, 25, 26, 27, 28, 29, 33, 36, 37, 42, 44, 49, 50, 51, 53, 55, 56, 57, 58, 59, 60, 61, 64, 65, 66, 68, 69, 70, 71, 72, 76, 80, 81, 82, 83, 88, 105, 106, 114, 123, 138, 139, 142, 144, 145, 153, 160, 164, 174, 223, 311, 312, 354, 355, 358, 381, 384, 416, 522, 534, 581, 588, 689, 742]",125.72093023255816,166.34530149471377,0.2472386796889239,0.6756008316255078,0.9933336963624484,0.9978031571476372
8.0,2.0,32.0,100.0,32.0,2.0,1e-05,1.0,243.0,3.0,-0.0052358066,1772.0,-0.009756084,859.0,"[1, 2, 3, 4, 5, 6, 7, 10, 12, 13, 17, 28, 48, 49, 60, 61, 63, 64, 67, 68, 75, 76, 80, 83, 114, 116, 163, 181, 202, 206, 211, 224, 233, 235, 293, 308, 325, 383, 455, 465, 473, 516, 518, 571, 582, 591, 1695, 1710, 1750, 1772]",303.88,456.9429128457952,"[1, 2, 3, 4, 5, 6, 7, 8, 9, 10, 11, 12, 13, 15, 16, 17, 18, 19, 20, 21, 22, 23, 24, 25, 26, 27, 28, 29, 30, 31, 32, 33, 34, 36, 37, 38, 40, 44, 47, 49, 54, 57, 62, 64, 68, 71, 73, 77, 78, 79, 80, 83, 84, 85, 99, 100, 107, 108, 114, 115, 132, 133, 135, 138, 160, 165, 183, 184, 193, 194, 205, 223, 229, 238, 351, 357, 433, 445, 724, 730, 732, 795, 801, 849, 851, 859]",150.80232558139534,225.36522398240191,0.332067329682973,0.6738262436332856,0.9924390111086908,0.997131112043036
8.0,4.0,16.0,100.0,32.0,2.0,0.0001,1.0,243.0,4.0,-0.00025909988,3101.0,-0.00045203953,1019.0,"[1, 2, 3, 4, 6, 7, 8, 12, 23, 24, 31, 32, 54, 95, 96, 97, 98, 100, 101, 107, 108, 110, 116, 121, 133, 170, 198, 206, 212, 227, 228, 230, 241, 266, 319, 328, 372, 373, 387, 790, 1473, 1608, 2028, 2189, 2250, 2265, 2318, 2654, 3046, 3101]",579.36,896.9629147294775,"[1, 2, 3, 4, 5, 6, 7, 8, 9, 10, 11, 12, 13, 15, 16, 17, 18, 20, 21, 22, 23, 25, 26, 27, 29, 30, 31, 32, 33, 34, 35, 37, 38, 39, 43, 45, 46, 47, 48, 49, 53, 54, 56, 57, 64, 65, 68, 73, 74, 81, 84, 87, 89, 97, 98, 100, 101, 102, 103, 104, 105, 154, 206, 207, 209, 223, 241, 243, 261, 262, 290, 291, 310, 328, 347, 348, 366, 371, 593, 652, 773, 801, 869, 917, 1005, 1019]",162.06976744186048,239.1977284006664,0.2652513000764869,0.6452850095480974,0.9849384665650186,0.996829205827756
8.0,3.0,16.0,100.0,32.0,2.0,0.0001,1.0,243.0,4.0,-0.0025368612,1037.0,-0.003173071,844.0,"[1, 2, 3, 4, 5, 6, 9, 14, 22, 24, 25, 32, 90, 91, 95, 96, 98, 101, 103, 109, 114, 127, 131, 136, 137, 142, 191, 198, 215, 219, 220, 222, 224, 234, 376, 387, 392, 412, 480, 490, 497, 501, 543, 561, 616, 623, 673, 682, 1012, 1037]",254.44,256.7876289855101,"[1, 2, 3, 4, 5, 6, 7, 8, 9, 10, 11, 13, 14, 15, 17, 19, 21, 23, 24, 25, 26, 27, 28, 30, 34, 35, 39, 40, 41, 42, 43, 44, 45, 49, 51, 56, 58, 60, 61, 64, 65, 66, 67, 70, 72, 93, 94, 95, 96, 97, 102, 103, 105, 106, 107, 113, 114, 121, 122, 123, 124, 133, 138, 139, 140, 141, 143, 144, 272, 282, 290, 291, 430, 454, 463, 468, 491, 492, 500, 501, 583, 602, 604, 662, 828, 844]",153.48837209302326,198.7834947166604,0.2761294282705007,0.5871920075219805,0.9937851230668698,0.9970591405923344
8.0,2.0,16.0,100.0,32.0,2.0,0.0001,1.0,243.0,4.0,-0.003670656,1804.0,-0.007697433,594.0,"[1, 2, 3, 4, 5, 6, 9, 10, 20, 21, 23, 28, 49, 54, 59, 60, 62, 67, 70, 80, 81, 116, 117, 129, 143, 144, 149, 152, 167, 169, 206, 222, 223, 226, 255, 260, 309, 314, 375, 384, 387, 393, 430, 433, 478, 491, 1364, 1521, 1754, 1804]",276.58,420.981429044085,"[1, 2, 3, 4, 5, 6, 7, 8, 9, 11, 12, 13, 14, 15, 16, 18, 19, 24, 25, 26, 29, 30, 32, 33, 34, 36, 37, 38, 39, 40, 43, 44, 45, 47, 49, 73, 76, 77, 80, 82, 83, 84, 85, 86, 87, 89, 91, 94, 96, 97, 98, 100, 102, 105, 132, 136, 149, 152, 157, 158, 161, 173, 174, 175, 176, 177, 178, 187, 193, 194, 200, 201, 236, 301, 336, 397, 399, 405, 416, 417, 422, 443, 470, 471, 583, 594]",133.27906976744185,143.8089536270976,0.309837443905045,0.5667709827149895,0.9931823132215204,0.9976006400785642
8.0,4.0,32.0,100.0,32.0,2.0,0.0001,1.0,243.0,4.0,-6.9092996e-05,2940.0,-0.00010147689,999.0,"[1, 2, 3, 4, 5, 6, 10, 11, 19, 24, 33, 34, 45, 46, 48, 86, 92, 96, 99, 101, 102, 103, 112, 114, 165, 168, 191, 192, 219, 230, 231, 235, 236, 237, 1420, 1684, 1698, 1822, 1876, 1909, 1970, 1998, 2199, 2420, 2438, 2457, 2622, 2724, 2924, 2940]",768.02,1013.032822567956,"[1, 2, 3, 4, 5, 6, 7, 8, 9, 10, 11, 12, 13, 14, 15, 16, 17, 18, 19, 20, 21, 23, 24, 25, 26, 28, 29, 30, 34, 36, 37, 38, 39, 40, 41, 42, 48, 49, 50, 51, 52, 53, 54, 55, 56, 58, 73, 74, 75, 81, 97, 129, 134, 140, 142, 143, 154, 155, 156, 199, 200, 201, 211, 212, 215, 216, 223, 224, 239, 240, 249, 252, 254, 264, 292, 302, 339, 341, 510, 527, 665, 683, 815, 912, 992, 999]",157.88372093023256,221.31511884192443,0.2687865942896382,0.6375804238801879,0.9798017861032454,0.9969413691275504
8.0,3.0,32.0,100.0,32.0,2.0,0.0001,1.0,243.0,4.0,-9.6699245e-05,2486.0,-0.00017026963,997.0,"[1, 3, 5, 6, 7, 8, 13, 16, 19, 20, 26, 28, 92, 94, 96, 98, 99, 108, 109, 112, 114, 121, 124, 125, 171, 173, 174, 175, 186, 188, 189, 193, 494, 545, 1153, 1162, 1361, 1378, 1395, 1406, 1599, 1605, 1997, 2019, 2036, 2088, 2159, 2281, 2299, 2486]",647.12,817.2527060830083,"[1, 2, 3, 4, 7, 8, 9, 10, 11, 12, 13, 15, 16, 17, 18, 19, 20, 21, 22, 23, 24, 26, 27, 29, 31, 32, 34, 35, 39, 40, 41, 44, 45, 47, 48, 49, 50, 51, 52, 53, 54, 55, 73, 79, 80, 81, 82, 84, 85, 86, 88, 92, 94, 106, 109, 112, 114, 125, 126, 128, 143, 144, 203, 204, 205, 226, 227, 228, 229, 244, 248, 289, 290, 300, 337, 354, 448, 467, 556, 696, 835, 839, 860, 889, 890, 997]",165.6860465116279,235.68989586870816,0.2243363392761457,0.5790843613857325,0.9830935526029188,0.9967323091993222
8.0,2.0,32.0,100.0,32.0,2.0,0.0001,1.0,243.0,4.0,-0.00019368657,2349.0,-0.00032033154,955.0,"[1, 5, 6, 11, 16, 17, 18, 20, 21, 22, 25, 28, 55, 57, 102, 103, 105, 106, 108, 109, 111, 112, 120, 122, 193, 196, 198, 199, 204, 205, 207, 208, 211, 212, 284, 501, 999, 1072, 1125, 1305, 1830, 1843, 2047, 2077, 2182, 2217, 2240, 2254, 2330, 2349]",601.76,822.8872476834234,"[1, 2, 3, 4, 5, 6, 7, 8, 9, 10, 13, 15, 17, 18, 19, 20, 21, 22, 23, 24, 25, 26, 28, 29, 30, 32, 33, 34, 35, 36, 39, 40, 42, 43, 49, 51, 60, 62, 64, 65, 76, 81, 83, 84, 85, 88, 89, 90, 93, 94, 95, 100, 101, 102, 103, 104, 106, 107, 115, 117, 121, 122, 143, 144, 145, 160, 188, 189, 197, 198, 199, 200, 228, 244, 245, 281, 620, 688, 718, 722, 745, 748, 822, 835, 950, 955]",160.34883720930233,236.45972996262336,0.1976511572418856,0.5951152974140377,0.9843234044870398,0.9968739153653128
8.0,4.0,16.0,100.0,32.0,2.0,0.001,1.0,243.0,4.0,-0.00032251893,3261.0,-0.00081670244,1357.0,"[1, 3, 4, 5, 6, 7, 12, 13, 14, 19, 20, 25, 64, 65, 66, 67, 70, 73, 74, 76, 77, 83, 84, 208, 220, 270, 297, 302, 309, 360, 453, 533, 536, 855, 872, 997, 1018, 1021, 1045, 2141, 2147, 2163, 2194, 2354, 2505, 2887, 2966, 2988, 2989, 3261]",776.38,1030.0918772614411,"[1, 2, 14, 15, 16, 28, 29, 30, 31, 32, 33, 34, 35, 36, 37, 38, 42, 43, 44, 45, 46, 47, 48, 49, 50, 52, 53, 60, 61, 62, 63, 64, 65, 67, 68, 70, 72, 73, 74, 75, 84, 85, 86, 91, 94, 97, 100, 101, 103, 114, 116, 122, 123, 124, 126, 136, 137, 145, 146, 152, 166, 188, 189, 190, 203, 210, 219, 226, 260, 377, 386, 391, 434, 462, 540, 541, 770, 825, 826, 879, 995, 1029, 1056, 1063, 1206, 1357]",221.7906976744186,310.11112472935986,0.2481585994235523,0.3729233430255992,0.9795741668481812,0.9952290094173551
8.0,3.0,16.0,100.0,32.0,2.0,0.001,1.0,243.0,4.0,-0.0005128159,2824.0,-0.0005897282,1085.0,"[1, 3, 6, 7, 8, 9, 15, 16, 17, 19, 21, 22, 51, 53, 54, 55, 56, 62, 95, 97, 106, 107, 109, 112, 167, 168, 173, 186, 220, 223, 285, 292, 294, 303, 314, 352, 647, 791, 792, 934, 1990, 2156, 2170, 2195, 2215, 2217, 2362, 2470, 2658, 2824]",609.98,888.6941091286698,"[1, 2, 3, 4, 5, 6, 7, 8, 9, 10, 11, 12, 13, 14, 15, 16, 17, 18, 20, 22, 23, 24, 25, 26, 29, 30, 35, 36, 39, 40, 42, 45, 46, 47, 48, 49, 52, 53, 56, 57, 58, 59, 60, 61, 65, 66, 67, 68, 69, 73, 74, 75, 76, 81, 118, 123, 126, 128, 144, 145, 159, 163, 214, 217, 220, 232, 234, 238, 261, 279, 328, 329, 340, 341, 349, 360, 419, 430, 466, 519, 602, 806, 840, 888, 958, 1085]",163.11627906976744,230.5036153984056,0.2421702323746936,0.623097399716577,0.9840995970376823,0.9967997629615598
8.0,2.0,16.0,100.0,32.0,2.0,0.001,1.0,243.0,4.0,-0.0013314558,1879.0,-0.0010956527,1105.0,"[3, 4, 9, 10, 11, 12, 13, 14, 29, 32, 33, 35, 52, 90, 91, 92, 94, 98, 99, 100, 101, 104, 124, 125, 131, 138, 158, 161, 182, 183, 185, 189, 195, 201, 323, 368, 374, 375, 382, 384, 397, 402, 405, 411, 549, 616, 697, 861, 1636, 1879]",263.14,361.7646201606785,"[1, 2, 3, 4, 5, 6, 7, 8, 9, 10, 11, 13, 14, 15, 16, 17, 18, 20, 22, 24, 26, 28, 29, 32, 33, 34, 36, 37, 38, 39, 40, 45, 46, 47, 48, 53, 55, 56, 60, 62, 68, 69, 70, 72, 73, 74, 75, 76, 78, 79, 80, 81, 82, 84, 91, 92, 93, 94, 95, 104, 105, 107, 113, 147, 176, 182, 186, 210, 234, 235, 241, 263, 399, 400, 403, 416, 417, 442, 491, 501, 504, 516, 529, 534, 1093, 1105]",147.06976744186048,209.3675298950736,0.2117357675406769,0.6198022849763287,0.9935482465693748,0.9972311243186858
8.0,4.0,32.0,100.0,32.0,2.0,0.001,1.0,243.0,4.0,-0.00017761443,3442.0,-0.00020343352,1986.0,"[1, 2, 3, 4, 5, 8, 11, 12, 21, 22, 25, 26, 48, 50, 52, 54, 56, 59, 60, 82, 84, 97, 99, 100, 104, 109, 111, 147, 159, 161, 210, 242, 245, 292, 461, 474, 478, 601, 640, 1426, 2162, 2339, 2475, 2675, 2811, 2827, 2833, 2938, 3006, 3442]",686.98,1069.1688639312315,"[1, 2, 3, 4, 5, 6, 7, 8, 9, 10, 11, 12, 13, 14, 15, 16, 17, 18, 19, 20, 21, 22, 23, 24, 25, 26, 28, 29, 30, 31, 34, 38, 40, 41, 42, 43, 78, 79, 81, 82, 88, 89, 90, 91, 100, 105, 116, 117, 122, 123, 124, 126, 127, 138, 139, 143, 145, 157, 166, 167, 184, 188, 197, 198, 239, 249, 269, 336, 394, 418, 429, 430, 470, 550, 551, 557, 564, 565, 652, 731, 771, 812, 999, 1031, 1113, 1986]",213.7558139534884,320.1580618369952,0.2899951411759242,0.578370975146815,0.9820031038989326,0.9954428985987688
8.0,3.0,32.0,100.0,32.0,2.0,0.001,1.0,243.0,4.0,-0.00046458072,2086.0,-0.0006321918,982.0,"[1, 3, 4, 5, 6, 7, 8, 9, 10, 18, 20, 23, 56, 57, 60, 62, 64, 65, 71, 74, 80, 89, 90, 91, 93, 142, 149, 175, 176, 177, 179, 200, 229, 448, 558, 580, 586, 636, 1537, 1613, 1653, 1659, 1683, 1685, 1830, 1837, 1875, 1921, 1977, 2086]",533.14,721.4939780760475,"[1, 2, 3, 4, 11, 12, 18, 19, 21, 22, 23, 24, 25, 26, 30, 31, 34, 35, 36, 38, 39, 40, 41, 43, 44, 46, 47, 48, 52, 54, 55, 56, 57, 60, 61, 62, 68, 71, 72, 91, 92, 93, 94, 95, 96, 101, 104, 107, 109, 111, 113, 114, 116, 117, 118, 121, 126, 130, 158, 161, 166, 180, 181, 182, 202, 203, 231, 268, 274, 295, 356, 365, 366, 368, 369, 395, 447, 450, 520, 568, 657, 689, 754, 869, 927, 982]",175.13953488372093,217.5331123038993,0.2930551098522533,0.4361025187023657,0.9861969069919408,0.9964790070806198
8.0,2.0,32.0,100.0,32.0,2.0,0.001,1.0,243.0,4.0,-0.00021081704,2628.0,-0.00015901972,1761.0,"[1, 2, 3, 4, 5, 10, 15, 17, 18, 23, 24, 28, 49, 51, 52, 53, 99, 100, 102, 103, 105, 106, 107, 108, 171, 172, 198, 199, 206, 209, 210, 211, 212, 214, 1528, 1534, 1544, 1587, 1608, 1651, 1686, 1692, 1794, 1798, 1819, 1920, 2014, 2046, 2086, 2628]",642.44,817.558540044687,"[1, 2, 3, 4, 5, 6, 7, 8, 9, 10, 11, 12, 13, 15, 16, 17, 18, 19, 20, 21, 23, 24, 25, 26, 27, 28, 29, 31, 33, 34, 35, 37, 38, 40, 44, 45, 47, 48, 49, 50, 51, 52, 53, 54, 57, 68, 69, 70, 88, 89, 90, 91, 92, 93, 97, 98, 100, 102, 110, 143, 145, 146, 150, 151, 155, 170, 171, 175, 193, 194, 205, 237, 241, 247, 307, 321, 359, 376, 426, 438, 613, 668, 715, 744, 1666, 1761]",157.80232558139534,288.0396379282676,0.2588092771319742,0.6609892646833477,0.983220975822261,0.996943550080602
8.0,4.0,16.0,100.0,32.0,2.0,1e-05,1.0,243.0,4.0,-0.010502474,1206.0,-0.012837405,782.0,"[1, 2, 3, 4, 8, 9, 16, 21, 27, 28, 32, 35, 50, 51, 58, 61, 62, 65, 70, 80, 82, 86, 88, 97, 170, 176, 179, 183, 194, 196, 208, 210, 262, 263, 282, 293, 296, 304, 391, 448, 485, 492, 583, 602, 622, 692, 814, 827, 1108, 1206]",250.44,287.4380740263892,"[1, 2, 3, 4, 5, 6, 7, 8, 9, 10, 11, 12, 13, 14, 15, 16, 17, 18, 19, 20, 21, 22, 23, 24, 26, 27, 28, 29, 30, 31, 32, 33, 34, 35, 37, 38, 40, 41, 43, 45, 47, 52, 55, 59, 69, 72, 73, 77, 78, 79, 82, 85, 89, 92, 94, 110, 111, 113, 115, 116, 128, 129, 134, 143, 146, 151, 152, 162, 163, 164, 166, 194, 201, 245, 258, 259, 280, 362, 371, 380, 390, 446, 490, 499, 561, 782]",114.80232558139537,145.24508715763463,0.2700443436925832,0.7005775096661506,0.9938888586364628,0.9980946259447422
8.0,3.0,16.0,100.0,32.0,2.0,1e-05,1.0,243.0,4.0,-0.010923899,1578.0,-0.012632311,1068.0,"[1, 3, 14, 15, 16, 17, 18, 19, 25, 28, 41, 42, 48, 56, 57, 58, 59, 60, 61, 63, 65, 66, 68, 72, 205, 224, 231, 244, 246, 254, 256, 258, 281, 334, 369, 379, 433, 436, 608, 643, 698, 777, 784, 821, 835, 902, 911, 1065, 1479, 1578]",324.46,385.0555913111768,"[1, 2, 3, 4, 5, 6, 7, 8, 9, 10, 11, 12, 13, 14, 15, 16, 17, 18, 19, 20, 21, 22, 23, 24, 25, 26, 27, 29, 30, 31, 32, 33, 34, 35, 36, 37, 38, 39, 41, 46, 48, 52, 63, 72, 82, 83, 84, 86, 87, 91, 96, 99, 100, 109, 113, 114, 116, 127, 128, 136, 137, 139, 140, 146, 182, 183, 194, 204, 205, 210, 221, 222, 225, 228, 249, 385, 394, 400, 439, 488, 602, 660, 676, 768, 783, 1068]",142.7093023255814,202.53795890446727,0.2150243876515539,0.6718152944578698,0.9918786756697888,0.9973479610893052
8.0,2.0,16.0,100.0,32.0,2.0,1e-05,1.0,243.0,4.0,-0.015065443,1413.0,-0.017925164,1126.0,"[1, 2, 4, 5, 7, 8, 19, 20, 25, 26, 30, 32, 52, 53, 54, 57, 60, 95, 97, 98, 99, 102, 103, 106, 376, 434, 448, 463, 482, 500, 502, 595, 686, 704, 723, 752, 756, 875, 883, 884, 905, 912, 974, 986, 1069, 1071, 1205, 1263, 1283, 1413]",445.98,435.47231783432574,"[1, 2, 3, 4, 5, 6, 7, 8, 9, 50, 51, 52, 53, 54, 55, 56, 57, 58, 59, 60, 61, 62, 63, 64, 65, 66, 67, 68, 69, 70, 73, 74, 75, 76, 77, 78, 85, 115, 118, 121, 134, 172, 173, 174, 182, 184, 194, 220, 227, 236, 237, 239, 241, 243, 301, 308, 309, 325, 326, 329, 330, 331, 334, 335, 342, 365, 410, 411, 417, 418, 451, 469, 560, 682, 685, 715, 732, 744, 798, 839, 903, 946, 986, 1023, 1096, 1126]",272.0813953488372,288.9793271400777,0.2296454415149471,0.3244801805549118,0.9885700283162708,0.993881491996214
8.0,4.0,32.0,100.0,32.0,2.0,1e-05,1.0,243.0,4.0,-0.0019075895,2009.0,-0.0028558713,1597.0,"[1, 2, 3, 4, 5, 6, 9, 16, 18, 19, 20, 27, 51, 62, 96, 97, 98, 99, 100, 101, 102, 103, 125, 126, 128, 133, 148, 151, 154, 159, 168, 175, 216, 222, 264, 268, 337, 369, 391, 414, 461, 484, 499, 568, 589, 654, 1145, 1332, 1762, 2009]",289.8,422.7844367996533,"[1, 2, 3, 4, 5, 6, 7, 8, 9, 10, 11, 12, 13, 14, 15, 16, 17, 18, 19, 20, 22, 23, 28, 29, 31, 32, 34, 35, 36, 37, 40, 42, 47, 49, 50, 51, 52, 53, 54, 55, 56, 57, 58, 60, 66, 68, 71, 72, 78, 81, 84, 85, 90, 91, 92, 96, 99, 100, 101, 103, 108, 113, 114, 115, 121, 130, 131, 136, 180, 181, 182, 189, 364, 367, 442, 480, 481, 494, 495, 524, 561, 606, 685, 711, 1412, 1597]",157.40697674418604,268.09107173127325,0.2952452748743018,0.6542406968531185,0.9928223698540622,0.996954143281138
8.0,3.0,32.0,100.0,32.0,2.0,1e-05,1.0,243.0,4.0,-0.0032701914,2016.0,-0.0075365505,800.0,"[1, 2, 13, 14, 16, 17, 19, 20, 21, 26, 27, 29, 47, 51, 52, 53, 54, 55, 57, 62, 65, 67, 71, 72, 128, 129, 135, 137, 169, 171, 182, 185, 187, 189, 227, 244, 259, 284, 286, 298, 378, 409, 445, 481, 657, 729, 1573, 1713, 1955, 2016]",289.54,480.58028299130206,"[1, 2, 3, 4, 5, 6, 7, 8, 9, 10, 11, 12, 13, 15, 16, 17, 18, 19, 20, 21, 22, 23, 24, 25, 26, 27, 28, 29, 30, 31, 34, 36, 38, 39, 44, 45, 46, 47, 48, 49, 50, 53, 58, 60, 63, 64, 65, 69, 70, 71, 73, 74, 81, 82, 85, 86, 90, 97, 98, 102, 109, 114, 116, 119, 126, 131, 135, 138, 142, 143, 150, 152, 379, 404, 445, 461, 516, 533, 686, 687, 707, 708, 711, 781, 789, 800]",146.2906976744186,218.4002015864492,0.25555519887522,0.6913098755159701,0.9928294489218036,0.9972519991550364
8.0,2.0,32.0,100.0,32.0,2.0,1e-05,1.0,243.0,4.0,-0.0076744026,1460.0,-0.010498177,900.0,"[1, 2, 3, 8, 15, 16, 19, 20, 26, 27, 30, 31, 49, 50, 54, 55, 63, 65, 67, 68, 71, 74, 80, 82, 112, 114, 123, 162, 166, 182, 205, 219, 229, 238, 248, 250, 258, 286, 320, 368, 498, 530, 604, 674, 913, 933, 1253, 1384, 1423, 1460]",282.56,389.7503898651033,"[1, 2, 3, 4, 5, 6, 7, 8, 9, 10, 11, 12, 13, 14, 15, 16, 17, 19, 20, 21, 22, 23, 24, 25, 26, 27, 28, 29, 30, 31, 34, 35, 36, 37, 38, 39, 40, 41, 42, 43, 47, 49, 52, 54, 60, 62, 64, 68, 73, 75, 86, 88, 93, 94, 96, 97, 102, 103, 107, 108, 115, 116, 118, 119, 141, 142, 148, 149, 157, 158, 163, 180, 182, 183, 185, 212, 274, 311, 356, 360, 372, 458, 469, 642, 778, 900]",114.2906976744186,161.79687712792992,0.2605792087758412,0.711782261543256,0.9930143214985842,0.9981086463572164
