bootstrap,max_features,max_samples,n_estimators,n_jobs,random_state,max_fraud_eval,min_detect_eval,max_fraud_test,min_detect_test,fraud_ranks_eval,rank_mean_eval,rank_std_eval,fraud_ranks_test,rank_mean_test,rank_std_test,auc_pr_eval,auc_pr_test,auc_roc_eval,auc_roc_test
0.0,0.4,0.4,16.0,-1.0,0.0,-0.4796826522112909,2908.0,-0.5378997300293052,1525.0,"[5, 8, 9, 12, 17, 19, 21, 23, 25, 27, 35, 89, 99, 278, 286, 352, 374, 375, 436, 539, 560, 578, 630, 751, 752, 753, 810, 811, 815, 865, 866, 895, 922, 923, 944, 964, 1075, 1096, 1097, 1181, 1182, 1205, 1309, 1496, 1499, 1541, 1542, 1583, 2650, 2908]",744.64,642.2250621082924,"[1, 2, 3, 4, 5, 6, 7, 9, 10, 12, 13, 14, 15, 16, 18, 19, 20, 21, 22, 23, 24, 25, 26, 27, 28, 29, 30, 32, 34, 35, 36, 37, 38, 41, 43, 49, 50, 79, 80, 82, 99, 106, 119, 126, 127, 152, 170, 171, 252, 264, 265, 316, 318, 319, 341, 424, 433, 439, 446, 447, 448, 449, 536, 630, 638, 657, 670, 841, 872, 896, 906, 907, 953, 954, 995, 1077, 1078, 1161, 1229, 1230, 1317, 1351, 1359, 1421, 1524, 1525]",372.36046511627904,453.84014993476166,0.1008581283191291,0.4769001901321954,0.9804432585493356,0.991196427225024
0.0,0.4,0.8,16.0,-1.0,0.0,-0.4695171942013227,3680.0,-0.5408248411474605,1163.0,"[5, 8, 9, 12, 14, 21, 23, 24, 28, 37, 48, 57, 141, 209, 224, 249, 290, 312, 313, 315, 317, 396, 397, 408, 409, 513, 516, 520, 541, 542, 543, 544, 548, 623, 636, 660, 810, 814, 892, 893, 1265, 1290, 1309, 1535, 1550, 1553, 1664, 1944, 3370, 3680]",660.42,768.350625430864,"[1, 4, 5, 6, 7, 9, 10, 11, 12, 14, 15, 16, 17, 19, 20, 21, 23, 25, 26, 27, 28, 29, 30, 32, 33, 35, 36, 38, 39, 40, 41, 43, 51, 58, 65, 67, 68, 69, 70, 83, 114, 122, 127, 131, 178, 189, 192, 193, 202, 203, 206, 215, 217, 257, 283, 291, 292, 296, 297, 362, 431, 432, 478, 479, 491, 492, 592, 593, 602, 647, 648, 751, 804, 813, 824, 938, 969, 971, 1016, 1028, 1029, 1054, 1091, 1109, 1162, 1163]",304.8488372093023,357.9309572711845,0.1080636295043301,0.4155393669112601,0.9827341537791332,0.9930053719989308
0.0,0.4,0.8,32.0,-1.0,0.0,-0.4711323962090141,3449.0,-0.5489998731494478,1017.0,"[1, 4, 7, 10, 11, 13, 14, 17, 20, 29, 39, 43, 163, 164, 267, 286, 296, 309, 323, 360, 364, 365, 366, 367, 374, 396, 397, 401, 502, 533, 540, 541, 549, 583, 590, 612, 613, 647, 658, 709, 995, 1012, 1171, 1193, 1522, 1707, 1845, 1848, 2549, 3449]",595.48,685.7729723458049,"[7, 8, 10, 11, 12, 13, 14, 17, 19, 20, 21, 22, 27, 28, 30, 31, 39, 40, 41, 42, 43, 44, 45, 47, 48, 49, 50, 51, 52, 53, 55, 56, 57, 58, 59, 61, 63, 66, 67, 75, 77, 91, 108, 169, 172, 175, 176, 177, 214, 240, 241, 248, 259, 287, 288, 320, 321, 334, 362, 385, 386, 418, 419, 495, 496, 542, 550, 604, 605, 682, 683, 711, 730, 745, 762, 777, 798, 809, 871, 876, 883, 884, 972, 973, 984, 1017]",289.1511627906977,312.75488275116413,0.1521293765767362,0.323765002450074,0.984502287083424,0.9934259843731598
0.0,0.4,0.8,64.0,-1.0,0.0,-0.4727660463286237,2824.0,-0.5564049366628178,1027.0,"[3, 4, 5, 6, 7, 10, 13, 16, 21, 22, 28, 29, 179, 185, 189, 217, 218, 251, 307, 308, 377, 378, 392, 393, 404, 405, 422, 493, 506, 527, 537, 553, 557, 559, 573, 627, 659, 720, 762, 804, 921, 1100, 1171, 1174, 1186, 1280, 1625, 1694, 2538, 2824]",563.58,605.6997635792835,"[1, 3, 4, 5, 6, 7, 8, 9, 10, 11, 12, 13, 14, 15, 17, 18, 19, 20, 21, 22, 24, 25, 27, 29, 30, 33, 34, 35, 37, 38, 46, 55, 56, 57, 58, 59, 60, 65, 66, 69, 70, 79, 103, 107, 121, 135, 138, 146, 149, 162, 202, 203, 214, 215, 229, 241, 280, 281, 326, 327, 363, 458, 459, 462, 463, 470, 471, 554, 555, 575, 580, 601, 703, 715, 749, 753, 815, 816, 827, 876, 926, 945, 1016, 1022, 1023, 1027]",268.48837209302326,315.65107112443184,0.1642676017744127,0.4783454072620303,0.9853686560662166,0.993979634883534
0.0,0.4,0.8,128.0,-1.0,0.0,-0.4952390084500087,2096.0,-0.5548125611175897,1053.0,"[4, 5, 8, 9, 10, 13, 14, 16, 17, 20, 23, 26, 195, 196, 206, 259, 260, 270, 313, 362, 363, 418, 419, 420, 422, 479, 485, 503, 504, 505, 507, 530, 537, 619, 622, 630, 635, 690, 720, 808, 1030, 1060, 1120, 1130, 1189, 1260, 1519, 1604, 1934, 2096]",539.68,506.6265464817256,"[1, 2, 3, 4, 5, 6, 7, 8, 9, 10, 11, 12, 13, 15, 17, 19, 20, 21, 22, 23, 24, 25, 26, 27, 28, 30, 35, 36, 40, 41, 42, 43, 44, 45, 46, 47, 51, 52, 54, 61, 62, 63, 67, 117, 125, 154, 155, 157, 173, 200, 206, 213, 220, 221, 241, 242, 297, 314, 315, 357, 358, 372, 373, 374, 375, 447, 449, 450, 651, 652, 682, 683, 741, 753, 797, 857, 866, 920, 943, 944, 958, 966, 977, 981, 1005, 1053]",273.8488372093023,328.9679251149903,0.1480485588903802,0.5129774819126882,0.9860193857547376,0.9938360035468528
0.0,0.4,0.8,256.0,-1.0,0.0,-0.4777736475430909,2378.0,-0.5469588472411339,1117.0,"[4, 9, 10, 13, 14, 15, 17, 18, 19, 22, 23, 25, 228, 231, 246, 247, 252, 385, 390, 395, 398, 413, 414, 424, 425, 509, 511, 544, 552, 553, 558, 564, 575, 578, 612, 624, 625, 674, 693, 782, 1121, 1187, 1200, 1328, 1330, 1359, 1458, 1539, 2290, 2378]",575.62,553.9608610723325,"[1, 2, 3, 4, 5, 7, 8, 10, 11, 12, 13, 15, 17, 18, 19, 23, 24, 25, 26, 27, 28, 29, 30, 31, 32, 35, 36, 37, 38, 39, 41, 42, 43, 45, 46, 48, 49, 53, 54, 55, 57, 58, 73, 135, 156, 177, 179, 183, 191, 217, 239, 240, 250, 306, 323, 324, 331, 373, 374, 375, 376, 377, 378, 429, 430, 525, 530, 531, 562, 563, 693, 695, 717, 718, 824, 833, 841, 856, 925, 929, 930, 951, 965, 981, 1021, 1117]",283.01162790697674,325.99466731927646,0.1292908509780473,0.4719841621366497,0.9850408407754304,0.9935904905461916
0.0,0.4,1.0,16.0,-1.0,0.0,-0.4621923649024462,3433.0,-0.5170003994421962,1527.0,"[3, 6, 9, 10, 12, 13, 14, 15, 21, 22, 49, 50, 116, 117, 142, 245, 251, 253, 254, 256, 257, 271, 275, 311, 319, 326, 338, 373, 449, 470, 502, 519, 520, 572, 577, 587, 674, 675, 713, 752, 852, 1027, 1039, 1059, 1277, 1400, 1413, 1855, 2607, 3433]",546.0,663.8259711701554,"[1, 2, 3, 4, 5, 7, 8, 9, 10, 11, 12, 14, 15, 16, 17, 18, 19, 20, 23, 24, 25, 27, 28, 29, 30, 31, 32, 33, 38, 39, 41, 44, 46, 47, 48, 49, 51, 52, 60, 61, 69, 81, 87, 112, 116, 122, 124, 139, 148, 169, 170, 171, 178, 179, 192, 201, 202, 241, 242, 243, 253, 292, 293, 347, 348, 430, 431, 532, 555, 622, 623, 641, 642, 643, 708, 785, 891, 904, 905, 939, 1002, 1071, 1155, 1255, 1526, 1527]",273.8953488372093,369.594467549885,0.1410637182144566,0.5078281559847466,0.9858500326726204,0.9938347572879664
0.0,0.4,1.0,32.0,-1.0,0.0,-0.4812670405314325,2253.0,-0.5431274206871611,1019.0,"[1, 4, 9, 10, 13, 14, 22, 26, 27, 28, 38, 62, 129, 130, 141, 228, 241, 277, 278, 281, 312, 336, 377, 378, 379, 380, 394, 396, 401, 461, 462, 487, 491, 515, 574, 576, 586, 639, 693, 741, 753, 758, 1019, 1131, 1237, 1343, 1420, 1453, 1936, 2253]",496.8,503.5272783077398,"[6, 7, 8, 9, 10, 13, 15, 16, 17, 18, 19, 20, 21, 26, 27, 28, 29, 30, 31, 32, 37, 44, 46, 47, 48, 49, 50, 51, 52, 53, 56, 57, 61, 63, 66, 68, 69, 70, 73, 82, 86, 92, 93, 99, 125, 153, 154, 169, 181, 182, 234, 247, 249, 250, 259, 260, 281, 316, 324, 325, 444, 458, 459, 463, 505, 506, 528, 533, 534, 586, 587, 620, 640, 654, 814, 833, 869, 881, 902, 903, 927, 934, 951, 1013, 1018, 1019]",281.2093023255814,315.9705283680547,0.1437327507531822,0.3446274167360584,0.9871896101067306,0.9936387830780476
0.0,0.4,1.0,64.0,-1.0,0.0,-0.4686882815877548,2746.0,-0.5454642861874591,1072.0,"[1, 6, 7, 8, 11, 12, 15, 16, 17, 18, 24, 36, 122, 123, 160, 196, 282, 302, 313, 320, 321, 328, 329, 380, 393, 394, 421, 441, 460, 463, 472, 563, 564, 569, 570, 577, 654, 655, 676, 682, 894, 946, 1020, 1065, 1077, 1185, 1292, 1341, 2000, 2746]",509.34,531.5460322493245,"[1, 2, 4, 5, 6, 7, 8, 9, 11, 12, 13, 14, 15, 16, 17, 18, 19, 20, 23, 24, 26, 27, 28, 29, 31, 32, 33, 34, 41, 42, 43, 46, 47, 50, 53, 54, 64, 65, 70, 73, 74, 75, 76, 135, 157, 158, 165, 182, 189, 194, 219, 220, 248, 249, 264, 276, 286, 287, 327, 338, 339, 394, 395, 407, 408, 431, 447, 448, 555, 559, 574, 589, 609, 614, 812, 828, 829, 853, 854, 885, 886, 940, 1004, 1007, 1071, 1072]",268.1511627906977,314.04593492486725,0.1663996525909087,0.4718774605644131,0.986845458505772,0.993988670260462
0.0,0.4,1.0,128.0,-1.0,0.0,-0.4820713225533765,2232.0,-0.5504647971741382,1046.0,"[1, 2, 7, 8, 9, 10, 12, 13, 19, 20, 22, 25, 161, 168, 195, 220, 310, 317, 324, 343, 344, 349, 358, 363, 367, 376, 392, 393, 417, 456, 463, 473, 558, 611, 619, 620, 671, 699, 700, 739, 858, 952, 1058, 1107, 1144, 1187, 1237, 1405, 1781, 2232]",502.3,482.5214295759308,"[1, 2, 3, 4, 5, 6, 7, 8, 9, 10, 11, 13, 15, 19, 21, 23, 24, 25, 26, 27, 28, 30, 31, 32, 34, 36, 37, 38, 39, 40, 41, 42, 43, 44, 46, 47, 48, 49, 52, 57, 67, 68, 75, 104, 134, 152, 161, 169, 177, 178, 185, 204, 214, 241, 242, 262, 263, 264, 267, 291, 292, 298, 299, 335, 421, 422, 500, 501, 558, 659, 677, 755, 776, 777, 793, 794, 807, 843, 844, 857, 898, 899, 933, 946, 1033, 1046]",264.5813953488372,316.70169608802183,0.1881483059903224,0.4927212604255986,0.9870371378784578,0.9940843206300088
0.0,0.4,1.0,256.0,-1.0,0.0,-0.4763730031366914,2342.0,-0.5415085874608645,1132.0,"[5, 7, 8, 13, 14, 15, 17, 18, 23, 24, 25, 26, 177, 199, 280, 287, 333, 337, 339, 348, 358, 422, 433, 434, 435, 436, 464, 494, 503, 512, 537, 582, 603, 665, 683, 716, 717, 745, 798, 799, 1104, 1119, 1150, 1219, 1220, 1340, 1413, 1440, 2011, 2342]",563.78,524.5668037533446,"[1, 2, 3, 5, 8, 9, 12, 13, 14, 15, 16, 18, 20, 21, 22, 23, 24, 25, 26, 27, 28, 29, 30, 32, 34, 35, 37, 38, 39, 40, 44, 46, 47, 48, 49, 50, 51, 52, 53, 55, 64, 65, 138, 141, 168, 182, 183, 190, 210, 211, 213, 214, 241, 272, 281, 282, 283, 322, 323, 390, 391, 406, 407, 410, 469, 470, 578, 579, 608, 707, 786, 788, 797, 802, 803, 822, 855, 856, 895, 896, 909, 940, 955, 960, 1101, 1132]",288.7906976744186,332.92722566333526,0.127756066570547,0.435838774789387,0.9853632106294924,0.9934356428795312
0.0,0.4,0.4,32.0,-1.0,0.0,-0.4794300850021181,3207.0,-0.5481459102484373,1303.0,"[1, 2, 13, 28, 30, 31, 33, 38, 41, 44, 46, 52, 225, 311, 318, 335, 348, 446, 456, 488, 489, 500, 529, 531, 541, 603, 650, 673, 677, 794, 795, 807, 829, 892, 909, 910, 922, 935, 971, 1171, 1172, 1277, 1323, 1356, 1366, 1662, 1719, 1789, 2841, 3207]",722.52,676.792057873022,"[1, 2, 3, 4, 5, 19, 20, 27, 29, 30, 31, 32, 33, 35, 36, 37, 38, 39, 40, 41, 42, 43, 44, 45, 46, 48, 49, 52, 56, 57, 58, 61, 62, 63, 67, 68, 69, 72, 73, 80, 82, 83, 121, 122, 140, 240, 293, 299, 302, 303, 397, 405, 406, 408, 415, 416, 417, 418, 432, 486, 489, 502, 565, 566, 582, 584, 591, 601, 602, 631, 632, 643, 680, 757, 939, 960, 975, 994, 1010, 1032, 1259, 1260, 1276, 1277, 1302, 1303]",347.13953488372096,385.0697660373542,0.1109341164237026,0.3285639462953287,0.9810433456763232,0.9918722111062852
0.0,0.6,0.4,16.0,-1.0,0.0,-0.4639144064087746,3320.0,-0.5369020144015342,1152.0,"[3, 7, 11, 14, 16, 17, 19, 22, 25, 28, 54, 76, 144, 157, 242, 271, 368, 374, 377, 420, 425, 439, 450, 453, 458, 462, 467, 499, 500, 535, 557, 558, 584, 605, 608, 609, 790, 945, 976, 1028, 1068, 1069, 1070, 1288, 1289, 1544, 1748, 2081, 2220, 3320]",625.8,655.3572460879639,"[1, 2, 3, 5, 6, 7, 8, 9, 10, 11, 13, 14, 15, 16, 17, 18, 19, 20, 21, 23, 24, 25, 26, 27, 28, 29, 30, 31, 32, 33, 34, 35, 37, 47, 52, 55, 60, 61, 62, 63, 67, 100, 129, 130, 137, 138, 266, 280, 286, 292, 293, 298, 299, 300, 301, 314, 315, 431, 432, 453, 477, 485, 486, 497, 617, 618, 621, 627, 639, 661, 665, 683, 684, 707, 708, 730, 763, 770, 797, 799, 812, 814, 850, 858, 1151, 1152]",290.24418604651163,315.130203288002,0.1100868159408665,0.4845331457530556,0.983675669788717,0.9933970088540462
0.0,0.6,0.4,32.0,-1.0,0.0,-0.4737236485585213,2943.0,-0.5683708072632343,981.0,"[6, 7, 8, 9, 16, 32, 37, 51, 55, 57, 59, 61, 198, 203, 244, 245, 274, 333, 345, 349, 399, 403, 452, 464, 475, 547, 549, 584, 585, 611, 614, 679, 680, 699, 774, 776, 822, 823, 1004, 1015, 1121, 1122, 1152, 1179, 1317, 1548, 1790, 1913, 2415, 2943]",640.88,629.8501294752585,"[1, 3, 4, 5, 6, 7, 8, 9, 11, 12, 13, 15, 17, 18, 24, 25, 26, 30, 33, 34, 35, 38, 39, 40, 41, 42, 43, 44, 45, 46, 50, 51, 54, 59, 62, 77, 78, 79, 87, 88, 89, 91, 205, 247, 261, 262, 281, 282, 292, 293, 303, 313, 316, 317, 330, 377, 384, 409, 420, 424, 425, 559, 602, 603, 627, 628, 632, 671, 672, 673, 685, 717, 718, 745, 753, 770, 776, 777, 781, 782, 822, 876, 920, 921, 945, 981]",306.4651162790698,310.4417968770351,0.0919242100706914,0.3891296034277864,0.9832639947723808,0.9929620645026211
0.0,0.6,0.4,64.0,-1.0,0.0,-0.4767009234767488,2852.0,-0.5520393461217077,1207.0,"[6, 7, 12, 13, 19, 20, 58, 77, 84, 121, 134, 143, 254, 263, 265, 312, 317, 394, 407, 423, 424, 466, 479, 523, 532, 547, 556, 557, 577, 588, 618, 621, 622, 652, 881, 882, 1019, 1071, 1104, 1105, 1139, 1187, 1188, 1274, 1279, 1543, 1571, 1625, 2818, 2852]",672.58,629.8267409375376,"[1, 2, 3, 5, 6, 7, 9, 13, 14, 16, 24, 26, 27, 29, 30, 31, 32, 33, 34, 36, 37, 38, 42, 45, 56, 57, 58, 62, 72, 73, 84, 85, 86, 87, 92, 93, 95, 107, 114, 120, 121, 126, 211, 215, 216, 217, 220, 229, 235, 248, 288, 289, 300, 316, 317, 321, 322, 326, 331, 375, 376, 398, 404, 467, 468, 503, 564, 574, 610, 629, 635, 733, 749, 764, 774, 787, 805, 827, 828, 831, 832, 905, 1024, 1025, 1206, 1207]",302.66279069767444,320.09259599499745,0.0755895312157794,0.3360719004903015,0.9824008930516228,0.993063946166601
0.0,0.6,0.4,128.0,-1.0,0.0,-0.4788906495987535,2830.0,-0.5558294830563761,1131.0,"[2, 4, 10, 15, 19, 33, 36, 38, 41, 47, 68, 69, 296, 307, 309, 414, 448, 472, 477, 540, 548, 553, 639, 641, 650, 659, 661, 665, 666, 682, 686, 691, 708, 725, 913, 914, 1003, 1004, 1099, 1108, 1156, 1157, 1161, 1240, 1264, 1283, 1573, 1581, 2634, 2830]",694.78,602.6870926110829,"[1, 2, 4, 6, 7, 8, 9, 10, 12, 14, 15, 19, 20, 21, 23, 29, 30, 32, 33, 34, 35, 36, 37, 38, 39, 40, 46, 47, 53, 54, 55, 56, 57, 58, 59, 61, 66, 76, 83, 84, 88, 89, 197, 211, 216, 225, 230, 233, 245, 333, 335, 336, 343, 344, 356, 357, 365, 366, 367, 368, 369, 370, 380, 417, 576, 645, 742, 746, 764, 769, 783, 808, 912, 914, 923, 928, 976, 990, 991, 1000, 1001, 1008, 1063, 1064, 1130, 1131]",330.3837209302326,364.5390261624357,0.0927665111585548,0.3768681484484348,0.981796449575256,0.9923211758701846
0.0,0.6,0.4,256.0,-1.0,0.0,-0.4838220977151745,2792.0,-0.5624751462351194,1093.0,"[2, 6, 7, 12, 16, 18, 22, 23, 28, 38, 40, 45, 354, 410, 439, 455, 456, 471, 472, 508, 510, 512, 597, 631, 633, 635, 636, 646, 658, 687, 697, 746, 763, 767, 914, 915, 948, 949, 1127, 1152, 1153, 1154, 1157, 1264, 1355, 1407, 1409, 1638, 2710, 2792]",699.68,607.356713637052,"[1, 2, 4, 5, 6, 7, 8, 9, 11, 12, 15, 16, 17, 19, 23, 24, 25, 26, 27, 28, 29, 30, 32, 38, 39, 40, 41, 45, 46, 48, 49, 50, 51, 52, 57, 58, 59, 75, 76, 77, 81, 82, 176, 206, 219, 226, 237, 239, 241, 244, 336, 337, 338, 345, 346, 444, 445, 467, 469, 470, 530, 531, 535, 536, 573, 629, 709, 762, 787, 802, 806, 810, 934, 988, 989, 998, 1003, 1022, 1025, 1026, 1039, 1040, 1061, 1062, 1092, 1093]",344.2674418604651,376.7417974730483,0.109114215372452,0.4059433244237433,0.9816630363755172,0.9919491675925332
0.0,0.6,0.6,16.0,-1.0,0.0,-0.4649346270992469,3738.0,-0.5511698812776071,1158.0,"[4, 7, 12, 14, 15, 16, 29, 34, 40, 41, 46, 47, 175, 177, 218, 239, 241, 242, 243, 276, 306, 317, 347, 349, 365, 456, 458, 600, 693, 694, 695, 717, 735, 863, 938, 939, 948, 952, 962, 963, 992, 1035, 1039, 1054, 1097, 1291, 1473, 1533, 2626, 3738]",625.82,683.5381098373374,"[1, 2, 3, 4, 6, 7, 8, 9, 10, 12, 13, 14, 15, 16, 17, 18, 19, 20, 21, 22, 23, 24, 25, 26, 27, 28, 29, 31, 33, 35, 36, 37, 39, 43, 46, 47, 48, 49, 62, 63, 64, 76, 89, 99, 142, 160, 209, 236, 237, 238, 239, 286, 287, 293, 298, 299, 306, 314, 315, 368, 378, 414, 421, 426, 429, 461, 482, 483, 586, 607, 608, 622, 623, 628, 751, 755, 807, 825, 826, 863, 869, 1109, 1110, 1122, 1134, 1158]",279.5348837209302,328.74464175222755,0.1028865860411477,0.5030672285248508,0.9836751252450446,0.9936836483979654
0.0,0.6,0.6,32.0,-1.0,0.0,-0.4815473604908801,2475.0,-0.5672970220569498,1008.0,"[3, 6, 11, 14, 15, 17, 18, 25, 26, 33, 36, 46, 199, 221, 261, 268, 286, 292, 293, 294, 348, 374, 375, 384, 387, 486, 487, 552, 558, 567, 606, 607, 608, 616, 617, 690, 778, 779, 816, 817, 976, 1042, 1106, 1125, 1138, 1197, 1453, 1816, 2102, 2475]",564.92,544.4808110484703,"[1, 2, 3, 4, 6, 7, 8, 9, 10, 11, 12, 14, 15, 16, 17, 18, 19, 21, 22, 23, 24, 25, 26, 27, 28, 34, 35, 41, 43, 44, 45, 47, 48, 51, 55, 56, 57, 58, 60, 61, 63, 70, 126, 127, 148, 151, 170, 203, 204, 235, 242, 254, 260, 289, 290, 297, 324, 335, 336, 351, 352, 379, 391, 392, 398, 443, 447, 517, 530, 602, 612, 613, 633, 638, 639, 640, 710, 711, 726, 756, 757, 759, 789, 875, 979, 1008]",254.3488372093024,278.45164781891043,0.1153754445658961,0.4814616807012185,0.985332716183838,0.994358497585062
0.0,0.6,0.6,64.0,-1.0,0.0,-0.486803474364071,2416.0,-0.5601957922813612,1066.0,"[5, 7, 13, 28, 32, 37, 52, 57, 59, 62, 76, 82, 254, 255, 258, 293, 299, 334, 385, 392, 433, 435, 436, 454, 508, 511, 525, 591, 596, 606, 622, 635, 744, 745, 754, 835, 837, 838, 901, 902, 996, 1052, 1079, 1103, 1133, 1322, 1430, 1522, 2068, 2416]",600.18,521.944467927384,"[1, 2, 4, 6, 7, 8, 9, 10, 11, 12, 14, 18, 19, 20, 27, 29, 30, 31, 32, 33, 34, 36, 40, 41, 42, 43, 46, 54, 58, 59, 60, 65, 66, 67, 71, 74, 75, 89, 90, 91, 92, 96, 162, 163, 175, 184, 215, 216, 219, 220, 221, 230, 232, 233, 235, 236, 262, 263, 273, 274, 275, 352, 401, 402, 412, 543, 544, 553, 612, 666, 668, 728, 764, 827, 830, 846, 903, 908, 909, 918, 919, 920, 1009, 1054, 1055, 1066]",288.4767441860465,328.7468357525387,0.0758778963513189,0.3840288379849749,0.98437214114572,0.9934440551270156
0.0,0.6,0.6,128.0,-1.0,0.0,-0.4937531301059474,2430.0,-0.5507684779146247,1129.0,"[4, 6, 9, 10, 18, 19, 22, 25, 26, 28, 32, 37, 295, 298, 299, 300, 353, 468, 470, 471, 493, 502, 518, 525, 550, 568, 633, 637, 644, 645, 648, 661, 683, 684, 699, 705, 706, 707, 739, 768, 1044, 1112, 1124, 1240, 1281, 1413, 1645, 1768, 2180, 2430]",622.84,551.6793764497636,"[1, 2, 4, 5, 6, 7, 9, 12, 14, 16, 18, 19, 21, 22, 23, 24, 25, 27, 28, 31, 32, 33, 35, 36, 38, 39, 40, 41, 42, 43, 44, 45, 48, 49, 50, 51, 52, 58, 59, 60, 65, 66, 116, 142, 196, 211, 213, 258, 268, 272, 279, 280, 341, 370, 371, 374, 375, 388, 391, 392, 416, 417, 426, 427, 432, 503, 627, 628, 710, 717, 778, 779, 783, 818, 819, 820, 931, 932, 941, 942, 954, 958, 972, 1062, 1064, 1129]",308.86046511627904,343.04841216387484,0.1111527567835813,0.4137463079650462,0.9837551731648878,0.992897882169961
0.0,0.6,0.6,256.0,-1.0,0.0,-0.483805623057533,2733.0,-0.5536036152359294,1082.0,"[3, 8, 13, 14, 16, 17, 18, 19, 23, 26, 30, 32, 319, 331, 333, 385, 422, 425, 430, 431, 453, 461, 472, 479, 525, 606, 617, 618, 619, 623, 659, 684, 703, 715, 717, 718, 817, 826, 846, 847, 1086, 1119, 1132, 1161, 1202, 1562, 1565, 1701, 2353, 2733]",638.28,581.2985821417424,"[1, 2, 4, 5, 6, 7, 8, 9, 12, 14, 16, 19, 20, 21, 22, 23, 25, 26, 27, 28, 30, 32, 33, 34, 35, 36, 37, 38, 44, 46, 47, 48, 49, 50, 53, 54, 55, 56, 65, 66, 68, 69, 108, 132, 160, 218, 228, 275, 276, 290, 291, 308, 321, 393, 394, 397, 455, 456, 459, 460, 476, 479, 480, 541, 542, 547, 639, 642, 643, 646, 722, 747, 748, 749, 850, 851, 859, 919, 940, 941, 952, 970, 1002, 1035, 1039, 1082]",313.9767441860465,340.177141841218,0.1138896787232481,0.4204128201295279,0.983334785449793,0.9927607936924344
0.0,0.4,0.4,64.0,-1.0,0.0,-0.4818521338221536,2419.0,-0.5437895059381888,1262.0,"[1, 2, 8, 10, 11, 15, 17, 19, 30, 35, 37, 39, 150, 172, 226, 238, 245, 254, 257, 351, 365, 387, 400, 476, 479, 486, 509, 574, 592, 618, 633, 637, 638, 802, 820, 969, 970, 1049, 1052, 1053, 1087, 1164, 1165, 1293, 1332, 1431, 1497, 1794, 2087, 2419]",617.9,576.6261613905494,"[1, 2, 3, 4, 5, 6, 7, 8, 9, 10, 11, 13, 14, 17, 18, 19, 20, 21, 22, 23, 24, 25, 26, 27, 28, 29, 31, 32, 33, 34, 36, 38, 42, 43, 44, 48, 52, 53, 82, 83, 84, 88, 127, 133, 144, 145, 153, 189, 194, 201, 202, 223, 231, 238, 254, 255, 293, 304, 305, 306, 321, 322, 381, 427, 469, 470, 482, 486, 488, 504, 563, 622, 630, 665, 667, 733, 890, 930, 983, 984, 1066, 1067, 1161, 1162, 1261, 1262]",280.3255813953488,347.9937997930846,0.1498306573156856,0.5042208816663138,0.9838896754519711,0.993662461996893
0.0,0.6,0.8,16.0,-1.0,0.0,-0.4615848870470022,3379.0,-0.5434805203323899,1138.0,"[6, 7, 8, 16, 20, 22, 27, 29, 37, 65, 91, 110, 165, 166, 170, 171, 178, 180, 181, 189, 190, 203, 257, 270, 272, 284, 288, 339, 434, 512, 553, 554, 555, 610, 634, 639, 689, 699, 766, 767, 929, 1054, 1259, 1320, 1335, 1378, 1618, 1639, 2803, 3379]",561.34,683.2450690638024,"[1, 2, 3, 4, 6, 7, 8, 9, 10, 11, 12, 13, 14, 16, 17, 18, 20, 21, 23, 24, 25, 26, 27, 28, 29, 33, 34, 35, 37, 40, 41, 42, 45, 46, 47, 48, 49, 69, 70, 73, 85, 92, 101, 102, 117, 127, 170, 171, 219, 232, 233, 235, 236, 249, 250, 251, 252, 253, 264, 270, 275, 276, 361, 367, 375, 376, 560, 569, 586, 587, 683, 701, 702, 711, 712, 755, 756, 802, 803, 830, 835, 836, 884, 973, 1052, 1138]",261.59302325581393,307.6356716360327,0.1053029507284972,0.4902277106166934,0.9854296449575256,0.9941647043281948
0.0,0.6,0.8,32.0,-1.0,0.0,-0.4835928696230811,2519.0,-0.5496636761301994,1086.0,"[5, 9, 10, 11, 16, 17, 19, 27, 28, 42, 71, 73, 181, 206, 208, 209, 214, 215, 233, 258, 264, 265, 280, 309, 315, 325, 326, 336, 353, 355, 359, 360, 371, 483, 497, 599, 610, 619, 636, 652, 945, 1079, 1202, 1223, 1299, 1422, 1748, 2074, 2422, 2519]",525.98,610.5963802709609,"[1, 2, 3, 4, 5, 6, 7, 10, 11, 12, 14, 16, 19, 20, 23, 24, 25, 26, 27, 28, 29, 30, 31, 32, 34, 35, 37, 39, 40, 41, 42, 43, 44, 45, 46, 48, 55, 57, 58, 64, 135, 183, 187, 191, 201, 202, 209, 210, 235, 236, 238, 249, 257, 258, 261, 265, 313, 314, 315, 316, 317, 320, 326, 327, 343, 344, 398, 399, 404, 422, 423, 454, 473, 760, 777, 778, 834, 862, 885, 905, 964, 965, 987, 988, 1023, 1086]",263.6279069767442,305.7391366611689,0.115052389186688,0.4521951324011998,0.9863923981703332,0.994109868937184
0.0,0.6,0.8,64.0,-1.0,0.0,-0.4935137081305451,2267.0,-0.5507752847948896,1055.0,"[10, 14, 19, 28, 40, 50, 54, 55, 64, 71, 100, 119, 361, 367, 371, 393, 401, 419, 420, 421, 461, 476, 485, 495, 498, 513, 525, 526, 535, 536, 552, 561, 562, 575, 583, 609, 616, 636, 719, 720, 974, 1049, 1113, 1144, 1189, 1373, 1516, 1901, 2165, 2267]",593.02,523.3463285435372,"[1, 2, 3, 4, 5, 6, 8, 9, 11, 16, 17, 18, 19, 25, 26, 27, 28, 31, 33, 34, 36, 38, 40, 41, 42, 43, 44, 50, 52, 54, 55, 56, 57, 64, 68, 72, 73, 74, 75, 80, 81, 126, 179, 200, 201, 205, 206, 207, 212, 219, 220, 232, 244, 257, 322, 347, 348, 349, 364, 390, 391, 394, 410, 411, 428, 429, 670, 672, 709, 710, 714, 730, 764, 773, 774, 848, 884, 885, 940, 958, 993, 994, 997, 998, 1052, 1055]",301.5,334.1414806182666,0.0661777052645207,0.3937426152313453,0.98456708778044,0.9930951026387662
0.0,0.6,0.8,128.0,-1.0,0.0,-0.4972378254024492,2216.0,-0.5385597709145662,1237.0,"[5, 15, 19, 22, 24, 27, 31, 33, 34, 36, 37, 52, 333, 350, 360, 393, 410, 412, 413, 414, 463, 475, 477, 484, 485, 496, 552, 554, 555, 556, 592, 602, 633, 640, 641, 648, 667, 670, 676, 785, 976, 1023, 1089, 1322, 1445, 1521, 1782, 1822, 2061, 2216]",606.56,542.8252816514721,"[1, 3, 4, 7, 8, 11, 12, 13, 14, 15, 18, 19, 20, 23, 24, 25, 26, 27, 28, 29, 31, 34, 36, 37, 38, 39, 41, 42, 43, 44, 46, 47, 53, 54, 56, 57, 59, 60, 61, 62, 82, 83, 108, 171, 192, 193, 305, 342, 343, 344, 345, 346, 418, 436, 452, 453, 454, 455, 458, 459, 464, 465, 466, 485, 486, 487, 564, 565, 617, 627, 628, 723, 725, 788, 917, 924, 925, 947, 962, 1003, 1041, 1045, 1099, 1100, 1194, 1237]",327.7906976744186,357.5383250323734,0.0869280370170452,0.3829648492215757,0.9841984317142236,0.992390654803113
0.0,0.6,0.8,256.0,-1.0,0.0,-0.4866756627279098,2608.0,-0.5453978360679697,1146.0,"[7, 10, 13, 15, 16, 21, 22, 23, 24, 26, 31, 36, 314, 320, 335, 343, 361, 402, 405, 406, 407, 411, 460, 507, 508, 522, 523, 536, 554, 555, 556, 566, 592, 603, 651, 666, 687, 690, 694, 695, 977, 1064, 1096, 1303, 1323, 1332, 1620, 1683, 2414, 2608]",598.66,572.1374873227588,"[1, 2, 3, 4, 5, 7, 8, 10, 11, 16, 17, 18, 19, 20, 21, 23, 24, 25, 26, 28, 29, 30, 31, 32, 33, 35, 38, 39, 40, 41, 42, 43, 44, 45, 46, 47, 49, 58, 60, 61, 66, 67, 91, 158, 200, 208, 213, 217, 249, 267, 268, 435, 436, 439, 466, 467, 479, 480, 481, 482, 483, 485, 486, 504, 505, 506, 577, 578, 654, 668, 671, 672, 697, 758, 844, 845, 854, 905, 927, 928, 932, 935, 936, 988, 1130, 1146]",312.95348837209303,338.03962568660927,0.1061817536527468,0.440772081571514,0.9844135264648224,0.99278821138794
0.0,0.6,1.0,16.0,-1.0,0.0,-0.4765719861984089,2280.0,-0.553861205811159,960.0,"[8, 10, 13, 15, 20, 23, 24, 34, 37, 40, 58, 74, 96, 130, 141, 162, 168, 169, 193, 195, 198, 206, 219, 244, 255, 266, 269, 299, 335, 363, 414, 428, 459, 460, 518, 640, 641, 734, 735, 831, 837, 1120, 1149, 1218, 1265, 1547, 1711, 2014, 2015, 2280]",505.6,579.6224978380325,"[1, 3, 4, 6, 7, 8, 9, 10, 11, 12, 13, 14, 15, 16, 17, 18, 19, 20, 24, 26, 27, 28, 29, 30, 31, 32, 33, 35, 38, 39, 40, 41, 42, 43, 44, 46, 47, 48, 56, 61, 66, 71, 124, 136, 164, 198, 199, 205, 208, 209, 210, 216, 257, 258, 260, 294, 295, 324, 336, 392, 393, 402, 408, 409, 460, 466, 521, 522, 562, 575, 577, 578, 609, 611, 627, 645, 681, 759, 760, 769, 807, 878, 879, 914, 948, 960]",257.9651162790698,284.81881011808105,0.1099695812451102,0.4721478674220308,0.9869472881725114,0.9942616009566284
0.0,0.6,1.0,32.0,-1.0,0.0,-0.4728542149378554,2782.0,-0.553568520967396,960.0,"[9, 11, 12, 16, 25, 26, 29, 30, 37, 40, 50, 116, 157, 158, 201, 204, 209, 215, 227, 265, 266, 274, 285, 313, 317, 332, 344, 387, 422, 423, 478, 495, 496, 554, 591, 614, 635, 636, 680, 701, 1022, 1116, 1294, 1309, 1592, 1997, 2012, 2234, 2428, 2782]",581.32,678.5019805424299,"[2, 3, 4, 5, 8, 9, 10, 11, 13, 16, 17, 19, 20, 21, 22, 23, 25, 26, 27, 28, 29, 30, 32, 35, 37, 38, 40, 46, 47, 48, 49, 50, 51, 52, 65, 76, 84, 85, 86, 92, 96, 97, 194, 197, 200, 201, 253, 283, 299, 300, 303, 336, 347, 352, 361, 362, 385, 387, 388, 389, 395, 424, 425, 429, 444, 458, 469, 470, 475, 554, 555, 611, 612, 703, 704, 719, 720, 745, 807, 845, 858, 859, 897, 926, 942, 960]",280.43023255813955,288.235552117703,0.0971752245084359,0.3822766854817474,0.9848856458287956,0.9936596579143984
0.0,0.6,1.0,64.0,-1.0,0.0,-0.4841391798675779,2457.0,-0.5382160017624668,1110.0,"[13, 15, 16, 23, 36, 39, 44, 49, 51, 54, 84, 107, 240, 272, 276, 277, 369, 380, 478, 502, 506, 508, 530, 532, 539, 548, 552, 564, 574, 594, 603, 604, 631, 694, 696, 705, 706, 718, 807, 808, 877, 990, 1322, 1332, 1633, 1791, 1907, 2070, 2388, 2457]",650.22,610.3562333588476,"[1, 2, 3, 4, 6, 7, 9, 11, 13, 17, 18, 19, 21, 22, 23, 24, 25, 26, 27, 34, 35, 36, 37, 41, 42, 44, 45, 47, 48, 49, 50, 52, 54, 55, 56, 57, 58, 59, 74, 75, 108, 109, 196, 197, 199, 203, 208, 226, 233, 281, 299, 300, 352, 353, 354, 373, 377, 384, 385, 450, 451, 494, 496, 497, 555, 556, 675, 689, 715, 742, 743, 761, 847, 848, 862, 866, 871, 872, 873, 881, 882, 919, 923, 932, 1082, 1110]",314.59302325581393,335.92123861997203,0.069199823814214,0.3929118737235108,0.9830096928773688,0.9927442807621868
0.0,0.6,1.0,128.0,-1.0,0.0,-0.4889268884246093,2400.0,-0.5318056680696134,1220.0,"[8, 9, 11, 12, 17, 23, 28, 30, 31, 33, 39, 42, 282, 290, 371, 386, 387, 388, 482, 483, 484, 497, 499, 505, 523, 532, 545, 566, 567, 581, 631, 632, 668, 694, 695, 725, 743, 779, 895, 896, 1026, 1076, 1367, 1509, 1542, 1874, 1953, 2180, 2228, 2400]",663.28,617.7211681657025,"[1, 2, 3, 5, 6, 8, 9, 10, 11, 13, 15, 19, 21, 22, 23, 25, 26, 27, 29, 30, 31, 32, 40, 41, 43, 44, 46, 47, 50, 51, 53, 54, 55, 56, 62, 63, 64, 65, 75, 76, 92, 93, 184, 200, 213, 216, 223, 224, 225, 241, 379, 380, 398, 408, 409, 430, 431, 436, 437, 439, 446, 449, 450, 504, 505, 507, 586, 630, 631, 654, 667, 676, 830, 831, 832, 847, 851, 925, 976, 977, 1000, 1037, 1038, 1064, 1214, 1220]",322.7674418604651,350.7708678477522,0.0956965127928075,0.3905140527691786,0.98265410585929,0.9925252507628662
0.0,0.6,1.0,256.0,-1.0,0.0,-0.4850288854116532,2683.0,-0.5357002212019338,1194.0,"[11, 15, 16, 17, 18, 19, 22, 23, 24, 27, 28, 32, 221, 224, 300, 360, 415, 454, 455, 456, 457, 468, 469, 470, 479, 509, 518, 532, 544, 545, 551, 554, 555, 556, 563, 613, 673, 707, 843, 844, 1058, 1061, 1073, 1523, 1532, 1533, 1847, 2100, 2169, 2683]",623.32,610.3521750596126,"[1, 3, 4, 5, 6, 8, 9, 10, 11, 16, 18, 19, 20, 21, 23, 24, 26, 27, 28, 30, 31, 32, 33, 34, 35, 38, 39, 45, 46, 47, 48, 49, 50, 51, 52, 53, 56, 58, 61, 62, 77, 78, 166, 169, 180, 182, 185, 194, 245, 249, 275, 327, 328, 333, 352, 353, 452, 453, 454, 455, 467, 517, 518, 519, 526, 527, 619, 646, 647, 649, 682, 686, 698, 699, 805, 834, 835, 840, 841, 942, 948, 995, 996, 1079, 1154, 1194]",309.2906976744186,339.2221562764077,0.1034050527812801,0.4061875530061128,0.98374210411675,0.99288635427526
0.0,0.4,0.4,128.0,-1.0,0.0,-0.4969598317886384,2051.0,-0.5612149290237406,1163.0,"[1, 4, 5, 11, 12, 18, 20, 21, 23, 29, 31, 33, 184, 189, 224, 229, 301, 323, 346, 348, 371, 380, 399, 400, 442, 463, 476, 509, 602, 623, 627, 628, 662, 685, 916, 917, 963, 964, 1004, 1037, 1038, 1089, 1090, 1130, 1143, 1166, 1167, 1714, 1908, 2051]",578.32,509.7724370736417,"[1, 2, 3, 4, 5, 6, 7, 8, 9, 11, 12, 13, 14, 15, 16, 17, 18, 19, 20, 21, 23, 25, 26, 27, 28, 29, 30, 31, 32, 33, 35, 39, 40, 44, 45, 46, 49, 50, 52, 56, 57, 59, 133, 141, 150, 170, 177, 200, 201, 205, 206, 225, 226, 228, 244, 245, 246, 273, 280, 281, 294, 295, 296, 297, 298, 403, 433, 558, 609, 630, 654, 719, 742, 746, 797, 815, 816, 820, 862, 900, 911, 912, 1112, 1113, 1162, 1163]",270.5232558139535,333.1625668810874,0.1449491635610439,0.5262033384402709,0.9849673273796558,0.993925111057245
0.0,0.8,0.4,16.0,-1.0,0.0,-0.4683183740029322,6072.0,-0.5328380662808104,2389.0,"[11, 12, 13, 15, 23, 24, 40, 51, 173, 187, 211, 212, 214, 220, 233, 244, 252, 253, 298, 337, 338, 345, 352, 355, 358, 403, 520, 521, 587, 606, 634, 635, 710, 736, 760, 795, 841, 952, 1068, 1079, 1094, 1824, 1893, 1913, 2018, 2059, 2104, 2720, 2969, 6072]",805.68,1047.2505610406708,"[1, 2, 3, 4, 9, 10, 11, 12, 13, 14, 15, 16, 17, 18, 21, 22, 28, 30, 37, 38, 39, 40, 41, 45, 47, 51, 53, 54, 56, 59, 60, 61, 63, 71, 72, 86, 94, 96, 98, 208, 210, 211, 214, 222, 223, 241, 242, 253, 265, 345, 346, 347, 382, 396, 397, 418, 419, 447, 450, 489, 496, 511, 512, 546, 643, 704, 706, 796, 797, 877, 878, 910, 1131, 1132, 1133, 1181, 1182, 1220, 1300, 1301, 1347, 1349, 1365, 1434, 1784, 2389]",416.9302325581396,500.4649417523687,0.0710591375290586,0.3456670431419425,0.9787813112611632,0.9900021996469348
0.0,0.8,0.4,32.0,-1.0,0.0,-0.4856275440161211,3106.0,-0.5580496944229771,1295.0,"[2, 3, 19, 32, 48, 49, 54, 62, 75, 87, 103, 163, 204, 317, 321, 329, 330, 387, 401, 402, 406, 407, 408, 409, 435, 437, 468, 518, 528, 554, 555, 596, 597, 629, 660, 710, 713, 772, 831, 851, 994, 1150, 1159, 1704, 1812, 1827, 1829, 2163, 2557, 3106]",663.46,683.6419592154947,"[1, 6, 7, 8, 9, 11, 13, 19, 29, 30, 31, 32, 34, 35, 38, 41, 44, 45, 46, 47, 49, 51, 52, 55, 58, 59, 60, 61, 62, 66, 67, 69, 70, 71, 93, 99, 101, 102, 103, 170, 171, 201, 202, 306, 307, 355, 367, 372, 377, 383, 392, 393, 411, 412, 423, 472, 473, 493, 494, 495, 496, 500, 501, 512, 515, 542, 543, 560, 577, 578, 618, 718, 719, 733, 745, 844, 878, 890, 968, 988, 990, 1003, 1007, 1046, 1294, 1295]",344.22093023255815,339.87711189462635,0.0821923336745578,0.2669672793661468,0.9826535613156177,0.9919504138514198
0.0,0.8,0.4,64.0,-1.0,0.0,-0.4834857686630808,3292.0,-0.5678021509732974,1080.0,"[4, 6, 23, 27, 32, 33, 38, 69, 83, 87, 110, 123, 183, 265, 266, 274, 318, 367, 381, 408, 409, 413, 503, 505, 510, 511, 519, 523, 536, 558, 609, 626, 651, 656, 665, 666, 708, 709, 752, 795, 1028, 1073, 1169, 1197, 1381, 1442, 1874, 1978, 2233, 3292]",631.76,637.9183195362867,"[1, 3, 4, 5, 6, 7, 9, 10, 11, 14, 16, 18, 25, 26, 27, 33, 34, 37, 38, 39, 40, 41, 42, 43, 47, 49, 50, 51, 52, 54, 57, 58, 65, 68, 70, 77, 78, 79, 80, 90, 94, 95, 172, 187, 196, 218, 293, 300, 303, 315, 316, 317, 318, 339, 340, 341, 345, 346, 349, 413, 414, 466, 498, 499, 533, 534, 569, 570, 639, 640, 701, 784, 789, 807, 821, 888, 919, 923, 924, 950, 951, 967, 1001, 1055, 1065, 1080]",315.5581395348837,335.979463819095,0.0740390127157688,0.3573448714483755,0.9835123066869964,0.99271842089029
0.0,0.8,0.4,128.0,-1.0,0.0,-0.4908954773319515,2852.0,-0.5600354025142247,1105.0,"[9, 27, 40, 41, 44, 52, 53, 63, 79, 95, 100, 121, 239, 259, 283, 385, 436, 437, 481, 489, 490, 501, 506, 517, 541, 550, 556, 561, 562, 564, 605, 659, 660, 661, 696, 700, 722, 767, 789, 866, 1086, 1087, 1117, 1167, 1238, 1319, 1346, 1454, 2446, 2852]",626.36,564.3657239769261,"[1, 3, 4, 5, 12, 17, 20, 23, 24, 25, 26, 31, 33, 41, 42, 43, 44, 45, 46, 47, 48, 49, 50, 51, 52, 54, 55, 58, 59, 60, 61, 62, 65, 66, 67, 70, 77, 92, 93, 97, 129, 130, 202, 207, 208, 215, 220, 237, 238, 242, 302, 309, 310, 311, 350, 358, 410, 411, 451, 452, 539, 540, 588, 589, 608, 609, 611, 612, 630, 687, 688, 730, 859, 871, 936, 939, 952, 966, 968, 970, 1038, 1039, 1049, 1091, 1092, 1105]",335.06976744186045,353.1083828178326,0.0589433926481053,0.2948285104798586,0.9836593334785452,0.9921956152873592
0.0,0.8,0.4,256.0,-1.0,0.0,-0.4863323944546176,2860.0,-0.5605262893674159,1109.0,"[7, 12, 16, 19, 23, 24, 52, 57, 70, 71, 82, 101, 201, 205, 270, 372, 434, 442, 448, 481, 483, 493, 522, 523, 525, 583, 589, 631, 634, 661, 672, 673, 684, 696, 727, 760, 761, 792, 857, 858, 1057, 1164, 1183, 1193, 1228, 1244, 1397, 1669, 2598, 2860]",642.08,590.0746678175568,"[1, 3, 4, 10, 11, 12, 13, 15, 16, 18, 19, 28, 29, 30, 31, 32, 33, 34, 35, 36, 37, 38, 39, 40, 41, 42, 43, 44, 45, 46, 47, 52, 53, 54, 64, 66, 68, 69, 70, 71, 73, 74, 143, 184, 190, 191, 192, 222, 224, 244, 245, 252, 253, 265, 280, 362, 363, 376, 377, 425, 426, 473, 561, 562, 602, 698, 699, 715, 757, 762, 808, 824, 825, 862, 906, 907, 948, 953, 979, 980, 984, 986, 991, 992, 1064, 1109]",322.63953488372096,356.7182430835587,0.0723716161161469,0.353491260343255,0.9832313221520368,0.9925286779748044
0.0,0.8,0.6,16.0,-1.0,0.0,-0.4654093432897486,6336.0,-0.5227958290437784,2939.0,"[2, 5, 23, 28, 44, 53, 59, 61, 65, 66, 71, 93, 238, 239, 245, 246, 257, 260, 295, 408, 409, 429, 447, 450, 481, 486, 496, 497, 503, 532, 612, 829, 830, 851, 852, 959, 989, 990, 1006, 1008, 1048, 1156, 1257, 1264, 1265, 1665, 2329, 2344, 3620, 6336]",773.96,1050.8667462623414,"[1, 2, 3, 4, 6, 7, 8, 9, 10, 16, 17, 18, 20, 21, 22, 23, 24, 25, 26, 28, 31, 32, 37, 39, 42, 44, 53, 54, 55, 58, 60, 68, 72, 74, 75, 81, 88, 90, 91, 176, 208, 209, 289, 298, 299, 301, 341, 342, 344, 357, 358, 368, 478, 479, 480, 482, 483, 485, 486, 535, 543, 561, 562, 781, 789, 793, 856, 857, 898, 899, 950, 1042, 1070, 1071, 1074, 1118, 1208, 1215, 1251, 2039, 2316, 2334, 2335, 2337, 2423, 2939]",505.7325581395349,670.4238406778729,0.0786762571911814,0.3566098511545232,0.9796449575255936,0.9876227798676844
0.0,0.8,0.6,32.0,-1.0,0.0,-0.4935909081297076,2975.0,-0.5513632126830984,1255.0,"[7, 9, 21, 23, 30, 32, 35, 61, 62, 63, 72, 76, 159, 160, 170, 171, 193, 207, 332, 368, 413, 420, 421, 457, 461, 481, 542, 561, 583, 588, 626, 631, 683, 724, 725, 741, 800, 803, 816, 838, 839, 897, 1145, 1198, 1281, 1365, 1611, 2140, 2775, 2975]",615.82,647.5228085558068,"[2, 3, 7, 8, 10, 16, 17, 18, 19, 20, 21, 22, 23, 24, 25, 27, 32, 33, 34, 35, 36, 37, 38, 39, 41, 43, 44, 46, 49, 56, 60, 61, 63, 72, 74, 75, 98, 119, 123, 124, 127, 151, 152, 158, 161, 173, 174, 204, 210, 276, 277, 403, 404, 406, 439, 440, 500, 505, 506, 511, 512, 542, 552, 553, 556, 574, 575, 592, 593, 612, 661, 663, 719, 753, 754, 844, 859, 884, 885, 1106, 1165, 1166, 1229, 1231, 1237, 1255]",336.54651162790697,365.799114300069,0.0792133741161084,0.3182121212088595,0.9839506643432804,0.9921560465677096
0.0,0.8,0.6,64.0,-1.0,0.0,-0.4897536799686628,2785.0,-0.5519615919056957,1382.0,"[7, 11, 13, 15, 22, 23, 25, 31, 36, 44, 53, 94, 230, 242, 321, 322, 343, 344, 348, 355, 373, 447, 454, 459, 497, 499, 500, 529, 583, 585, 593, 594, 626, 705, 720, 742, 746, 752, 756, 788, 814, 1141, 1150, 1235, 1312, 1541, 1959, 2004, 2641, 2785]",628.18,632.8098826661923,"[1, 2, 4, 5, 10, 12, 13, 14, 15, 16, 17, 18, 19, 20, 21, 22, 23, 24, 25, 26, 27, 28, 29, 30, 31, 33, 35, 36, 39, 40, 41, 42, 48, 49, 53, 54, 56, 74, 92, 93, 96, 97, 186, 189, 216, 220, 225, 313, 327, 335, 336, 339, 340, 413, 417, 433, 434, 446, 447, 452, 464, 465, 486, 523, 524, 529, 543, 544, 672, 685, 751, 752, 760, 761, 762, 785, 892, 893, 900, 920, 921, 925, 931, 995, 1214, 1382]",319.5,344.05613218343206,0.0884997890647069,0.4035909908608929,0.9836097800043564,0.9926128004496502
0.0,0.8,0.6,128.0,-1.0,0.0,-0.4875464345849583,2949.0,-0.5533763092851393,1068.0,"[12, 14, 19, 20, 27, 28, 34, 39, 49, 55, 74, 76, 248, 325, 337, 348, 372, 373, 374, 381, 388, 389, 402, 404, 447, 465, 511, 520, 523, 535, 543, 544, 551, 640, 646, 650, 686, 687, 720, 775, 1062, 1063, 1101, 1184, 1381, 1686, 1863, 2197, 2645, 2949]",627.24,652.1661923160384,"[6, 7, 8, 9, 11, 12, 13, 14, 15, 16, 17, 18, 19, 20, 23, 24, 25, 26, 27, 28, 29, 30, 31, 32, 33, 34, 35, 42, 43, 44, 45, 46, 47, 48, 50, 53, 54, 60, 89, 90, 97, 98, 189, 196, 197, 218, 219, 235, 333, 334, 337, 420, 421, 422, 423, 430, 431, 458, 459, 462, 463, 466, 467, 478, 479, 486, 487, 491, 580, 731, 738, 770, 801, 831, 832, 916, 931, 937, 942, 980, 989, 1013, 1014, 1047, 1048, 1068]",321.36046511627904,343.7511238980594,0.077262750052752,0.3671409760204989,0.9836353735569592,0.992562950094186
0.0,0.8,0.6,256.0,-1.0,0.0,-0.4842792398790072,3094.0,-0.5469832143696607,1182.0,"[10, 14, 15, 17, 19, 23, 35, 36, 45, 59, 66, 70, 239, 246, 310, 324, 380, 392, 409, 417, 420, 421, 485, 493, 505, 528, 535, 547, 556, 558, 560, 561, 569, 605, 648, 661, 662, 717, 767, 769, 1005, 1083, 1084, 1138, 1426, 1710, 1867, 2023, 2570, 3094]",633.86,650.1249421457386,"[2, 3, 8, 10, 11, 12, 13, 14, 16, 17, 18, 25, 27, 28, 29, 30, 31, 32, 33, 34, 35, 36, 37, 38, 39, 40, 41, 42, 43, 44, 45, 46, 47, 50, 51, 52, 60, 64, 74, 75, 85, 86, 159, 176, 177, 181, 195, 267, 277, 296, 299, 324, 325, 340, 342, 399, 400, 421, 422, 429, 430, 526, 542, 543, 544, 545, 548, 549, 556, 691, 692, 733, 734, 775, 803, 817, 912, 913, 941, 959, 960, 975, 1009, 1130, 1131, 1182]",315.0232558139535,343.32237805468003,0.0816700549571163,0.3539385143776953,0.983455129601394,0.992732752867486
0.0,0.4,0.4,256.0,-1.0,0.0,-0.4784318003651702,2388.0,-0.5530634575565929,1170.0,"[6, 7, 13, 15, 21, 27, 29, 40, 45, 66, 68, 97, 271, 272, 289, 301, 351, 368, 372, 389, 396, 417, 443, 449, 465, 478, 491, 535, 562, 565, 615, 629, 631, 642, 989, 990, 1032, 1051, 1052, 1053, 1054, 1080, 1133, 1177, 1201, 1202, 1211, 1605, 2160, 2388]",614.86,538.5008453103858,"[1, 3, 4, 5, 7, 9, 10, 11, 12, 14, 17, 18, 19, 20, 23, 24, 25, 26, 27, 28, 29, 31, 32, 33, 34, 35, 36, 37, 38, 39, 40, 43, 46, 49, 50, 51, 54, 58, 71, 72, 102, 103, 168, 175, 181, 194, 197, 223, 224, 231, 232, 262, 263, 269, 270, 272, 273, 334, 352, 366, 367, 368, 369, 391, 398, 399, 456, 553, 588, 611, 628, 701, 719, 756, 763, 795, 801, 867, 868, 912, 1007, 1008, 1131, 1132, 1169, 1170]",288.36046511627904,335.77930573208823,0.0838709236760716,0.420998485258067,0.9839724460901764,0.9934471707742322
0.0,0.8,0.8,16.0,-1.0,0.0,-0.4439104961225848,13618.0,-0.5144867970805269,2599.0,"[14, 19, 40, 133, 134, 136, 139, 152, 161, 190, 214, 215, 226, 228, 229, 231, 250, 251, 286, 369, 465, 473, 507, 628, 629, 689, 699, 708, 734, 738, 739, 814, 816, 841, 899, 903, 906, 908, 925, 1085, 1408, 1496, 1533, 1537, 1713, 1809, 2198, 2250, 7770, 13618]",1081.1,2121.9857139010146,"[11, 12, 13, 14, 15, 16, 20, 21, 22, 26, 28, 29, 30, 31, 32, 34, 42, 44, 46, 56, 57, 59, 61, 63, 64, 168, 169, 170, 174, 175, 182, 184, 194, 199, 200, 201, 205, 212, 239, 257, 258, 264, 265, 271, 272, 288, 289, 303, 304, 315, 316, 323, 324, 336, 337, 338, 434, 509, 577, 578, 579, 591, 592, 601, 748, 819, 836, 868, 881, 882, 884, 885, 888, 889, 954, 985, 991, 1038, 1047, 1054, 1055, 1216, 1218, 1892, 2087, 2599]",439.0116279069768,485.83999409763686,0.0448341990859415,0.2002212567403968,0.9712802221738184,0.9894105382405192
0.0,0.8,0.8,32.0,-1.0,0.0,-0.4695057514716612,3614.0,-0.5396639942877822,1175.0,"[17, 18, 22, 24, 28, 29, 31, 51, 52, 62, 88, 112, 197, 198, 321, 332, 333, 385, 394, 417, 462, 463, 474, 489, 499, 500, 501, 542, 570, 590, 594, 600, 613, 633, 648, 653, 660, 700, 701, 799, 932, 945, 988, 1107, 1228, 1439, 1497, 1656, 2959, 3614]",623.34,675.6763902934599,"[14, 15, 16, 19, 21, 22, 24, 25, 26, 27, 30, 31, 33, 40, 41, 43, 45, 53, 54, 55, 56, 57, 58, 59, 61, 67, 68, 69, 70, 71, 73, 78, 79, 83, 105, 106, 107, 123, 132, 133, 200, 201, 202, 203, 222, 223, 224, 225, 239, 242, 305, 306, 341, 342, 390, 391, 406, 407, 408, 413, 414, 415, 474, 536, 603, 604, 606, 614, 628, 629, 634, 642, 643, 669, 702, 708, 709, 721, 771, 792, 840, 844, 882, 939, 1173, 1175]",308.6744186046512,299.5105869100016,0.0722811150615576,0.2357477877690046,0.9837437377477672,0.9929028672055076
0.0,0.8,0.8,64.0,-1.0,0.0,-0.4718489059365239,3603.0,-0.545981020961816,1161.0,"[9, 10, 25, 26, 38, 39, 40, 50, 60, 72, 74, 78, 270, 292, 301, 318, 319, 326, 336, 355, 411, 419, 466, 492, 502, 510, 512, 538, 555, 576, 581, 589, 590, 594, 612, 667, 682, 729, 730, 796, 800, 1101, 1120, 1129, 1222, 1461, 1643, 1804, 2743, 3603]",624.3,673.526695833209,"[6, 7, 9, 10, 12, 13, 15, 18, 19, 20, 22, 23, 24, 25, 26, 27, 28, 29, 30, 31, 32, 40, 41, 42, 45, 46, 47, 48, 49, 52, 61, 63, 66, 67, 68, 71, 72, 75, 76, 77, 78, 79, 161, 209, 213, 219, 220, 356, 359, 364, 375, 376, 390, 391, 393, 407, 408, 418, 419, 473, 474, 475, 482, 546, 547, 552, 614, 615, 683, 699, 724, 725, 729, 730, 735, 736, 754, 774, 775, 782, 807, 892, 916, 969, 1131, 1161]",312.40697674418607,317.4426656860049,0.0719202513125539,0.3197561838775034,0.9837154214768024,0.9928028549298576
0.0,0.8,0.8,128.0,-1.0,0.0,-0.4815368563868394,3089.0,-0.5415417457895135,1212.0,"[12, 22, 23, 24, 32, 43, 49, 52, 60, 74, 94, 95, 279, 295, 309, 317, 323, 343, 344, 356, 395, 413, 426, 444, 446, 503, 507, 511, 516, 517, 518, 520, 545, 574, 633, 641, 646, 692, 693, 734, 817, 941, 942, 1150, 1268, 1405, 1719, 1749, 2788, 3089]",597.76,628.8564084113319,"[1, 7, 9, 10, 12, 13, 17, 18, 19, 21, 22, 23, 24, 25, 26, 32, 33, 34, 35, 36, 37, 38, 39, 40, 41, 45, 46, 47, 48, 49, 58, 59, 60, 61, 62, 63, 64, 67, 76, 77, 85, 86, 178, 187, 242, 243, 258, 337, 354, 355, 362, 381, 382, 385, 386, 411, 412, 417, 428, 453, 454, 475, 476, 505, 506, 507, 508, 550, 654, 655, 721, 731, 735, 765, 799, 810, 836, 837, 844, 845, 909, 910, 964, 975, 1116, 1212]",315.5232558139535,326.235138723953,0.0692685015747241,0.3282291151925114,0.9844380309300806,0.9927193555844548
0.0,0.8,0.8,256.0,-1.0,0.0,-0.4832626995698588,2779.0,-0.5395477395150714,1212.0,"[11, 20, 21, 27, 29, 33, 43, 51, 56, 58, 73, 79, 235, 245, 308, 355, 356, 358, 426, 428, 448, 449, 450, 455, 480, 496, 499, 519, 525, 533, 541, 584, 609, 610, 618, 637, 681, 692, 767, 768, 769, 959, 1080, 1192, 1284, 1294, 1557, 1737, 2123, 2779]",586.94,556.797428514177,"[7, 8, 9, 14, 15, 16, 18, 19, 20, 21, 23, 24, 25, 26, 27, 32, 33, 34, 35, 36, 37, 38, 40, 43, 44, 45, 46, 47, 49, 50, 51, 52, 53, 54, 55, 62, 65, 69, 74, 75, 76, 77, 120, 152, 164, 173, 188, 199, 200, 257, 258, 284, 292, 293, 332, 333, 334, 335, 414, 415, 432, 506, 533, 534, 599, 600, 612, 613, 630, 718, 732, 749, 750, 763, 764, 766, 770, 778, 838, 842, 852, 871, 872, 1026, 1096, 1212]",300.5232558139535,324.8999032526568,0.072129909601879,0.3274404172554504,0.9847326290568504,0.993121274075385
0.0,0.8,1.0,16.0,-1.0,0.0,-0.4874454655564216,2283.0,-0.5272823064774839,1531.0,"[4, 10, 13, 34, 35, 43, 46, 47, 71, 72, 77, 81, 196, 197, 206, 207, 319, 320, 344, 345, 365, 374, 386, 392, 498, 519, 528, 543, 548, 554, 557, 586, 589, 591, 594, 649, 732, 734, 795, 863, 868, 947, 1759, 1797, 1856, 1891, 1986, 2114, 2193, 2283]",635.16,644.0820245900362,"[1, 7, 8, 9, 10, 12, 13, 14, 15, 16, 19, 23, 24, 26, 27, 28, 31, 39, 40, 41, 43, 44, 46, 48, 51, 52, 53, 54, 62, 64, 77, 78, 83, 85, 96, 97, 98, 113, 138, 142, 143, 144, 148, 187, 193, 245, 246, 258, 259, 260, 273, 275, 346, 353, 354, 460, 470, 471, 482, 483, 497, 602, 604, 605, 636, 641, 642, 652, 653, 660, 661, 681, 701, 706, 729, 730, 761, 764, 773, 822, 856, 993, 1108, 1239, 1274, 1531]",331.3720930232558,349.2852518045636,0.0769578312931132,0.3009434036913309,0.9834219124373774,0.9922946928688444
0.0,0.8,1.0,32.0,-1.0,0.0,-0.483119951213846,2674.0,-0.5222166993972038,1602.0,"[6, 16, 17, 26, 28, 34, 35, 40, 55, 61, 65, 78, 217, 223, 248, 249, 252, 319, 370, 371, 384, 385, 463, 464, 470, 471, 472, 481, 522, 529, 531, 568, 601, 608, 615, 627, 635, 658, 677, 724, 725, 1133, 1386, 1395, 1881, 1905, 1970, 1979, 2626, 2674]",625.38,662.0463394657506,"[9, 13, 14, 18, 19, 20, 23, 24, 25, 30, 31, 32, 35, 36, 37, 38, 41, 42, 43, 44, 46, 53, 54, 60, 61, 62, 63, 64, 65, 66, 67, 68, 69, 70, 71, 75, 81, 87, 95, 96, 109, 110, 139, 206, 212, 241, 242, 253, 279, 281, 313, 314, 341, 399, 400, 413, 463, 473, 481, 482, 485, 486, 496, 554, 555, 569, 570, 587, 588, 620, 638, 650, 662, 663, 677, 698, 699, 744, 795, 864, 939, 947, 991, 1101, 1113, 1602]",318.5,331.87209465289834,0.078446362599639,0.2585942212136713,0.9836881942931824,0.9926395950157124
0.0,0.8,1.0,64.0,-1.0,0.0,-0.492831119974345,2400.0,-0.5386375278940252,1187.0,"[3, 7, 11, 16, 17, 24, 26, 27, 31, 33, 45, 46, 167, 193, 197, 244, 295, 359, 365, 366, 382, 391, 392, 438, 446, 457, 459, 464, 474, 483, 490, 545, 546, 547, 551, 580, 593, 624, 633, 634, 1087, 1150, 1175, 1276, 1286, 1506, 1584, 1641, 2386, 2400]",561.84,569.4915753547193,"[1, 2, 8, 9, 10, 11, 12, 13, 15, 17, 19, 20, 21, 26, 27, 30, 31, 32, 33, 34, 35, 36, 37, 38, 39, 40, 41, 42, 44, 45, 47, 49, 50, 51, 52, 53, 54, 59, 62, 63, 66, 77, 95, 108, 187, 193, 214, 215, 231, 241, 275, 276, 280, 286, 353, 362, 365, 366, 420, 421, 449, 485, 497, 498, 503, 504, 514, 515, 535, 536, 537, 583, 615, 616, 629, 630, 646, 739, 776, 783, 818, 881, 907, 965, 978, 1187]",275.1744186046512,295.3310004227604,0.1074558508628012,0.3860559198377641,0.9854160313657157,0.9938004851685844
0.0,0.8,1.0,128.0,-1.0,0.0,-0.4759065348441197,3005.0,-0.5341651093352277,1242.0,"[7, 12, 13, 18, 19, 21, 23, 24, 36, 40, 44, 49, 236, 248, 312, 330, 331, 334, 356, 370, 371, 375, 383, 392, 398, 432, 433, 434, 444, 445, 484, 507, 516, 548, 553, 564, 566, 637, 667, 677, 1087, 1129, 1142, 1329, 1347, 1602, 1750, 1824, 2908, 3005]",595.44,661.509521019917,"[1, 8, 9, 10, 11, 13, 14, 17, 20, 22, 23, 24, 25, 26, 27, 28, 29, 30, 31, 33, 34, 35, 36, 38, 39, 40, 41, 42, 44, 51, 52, 55, 56, 57, 58, 59, 60, 62, 65, 66, 71, 72, 133, 153, 154, 168, 169, 176, 286, 296, 297, 307, 308, 315, 316, 428, 429, 440, 462, 463, 471, 472, 491, 492, 501, 502, 529, 530, 533, 534, 641, 721, 740, 754, 767, 768, 777, 778, 784, 826, 884, 932, 933, 963, 1127, 1242]",296.8139534883721,320.4990843374036,0.0981748819646776,0.3542568714243109,0.9845011979960794,0.9932206632215916
0.0,0.8,1.0,256.0,-1.0,0.0,-0.4764537679248674,2939.0,-0.5313643980020675,1254.0,"[8, 13, 15, 18, 19, 23, 25, 26, 27, 40, 42, 46, 185, 242, 247, 289, 335, 344, 347, 349, 400, 401, 457, 462, 473, 481, 482, 483, 492, 493, 495, 544, 545, 549, 557, 568, 575, 617, 628, 693, 975, 1116, 1186, 1239, 1423, 1470, 1681, 1755, 2933, 2939]",595.04,647.9565096516894,"[1, 3, 4, 5, 12, 15, 17, 19, 20, 21, 22, 23, 24, 26, 27, 28, 29, 30, 31, 33, 34, 35, 36, 38, 40, 41, 42, 43, 44, 45, 46, 48, 50, 51, 52, 59, 60, 61, 62, 66, 71, 72, 114, 126, 127, 155, 160, 170, 193, 205, 206, 217, 218, 239, 244, 266, 366, 367, 375, 408, 409, 414, 552, 553, 554, 555, 568, 569, 614, 630, 631, 661, 691, 706, 751, 752, 780, 792, 806, 847, 848, 892, 930, 969, 1081, 1254]",284.3139534883721,319.98318493712986,0.097078611085065,0.3816596040564284,0.9845120888695272,0.9935555952973666
0.0,0.4,0.6,16.0,-1.0,0.0,-0.4546523891271294,8309.0,-0.5314269526979487,1587.0,"[3, 6, 14, 15, 27, 47, 73, 101, 103, 106, 110, 121, 131, 164, 274, 504, 505, 512, 516, 545, 556, 570, 571, 628, 630, 722, 726, 727, 801, 802, 804, 890, 896, 941, 972, 984, 991, 1017, 1024, 1045, 1301, 1311, 1312, 1339, 1466, 1597, 1608, 1734, 3273, 8309]",868.48,1221.3738533307485,"[2, 3, 4, 5, 6, 7, 8, 9, 10, 12, 13, 14, 15, 17, 18, 20, 21, 23, 24, 25, 26, 27, 28, 29, 30, 35, 38, 39, 40, 46, 48, 50, 51, 53, 54, 59, 60, 61, 62, 65, 79, 95, 112, 124, 125, 143, 163, 172, 174, 181, 190, 191, 192, 406, 407, 408, 452, 522, 523, 546, 564, 569, 582, 583, 670, 671, 672, 726, 728, 733, 848, 849, 854, 855, 875, 941, 957, 962, 963, 1142, 1146, 1204, 1211, 1212, 1366, 1587]",346.8837209302326,410.9804617832216,0.0690867921188197,0.4380810907852743,0.9770714441298192,0.9918790655301616
0.0,1.0,0.4,16.0,-1.0,0.0,-0.452887250523023,3754.0,-0.521324288233211,1867.0,"[29, 32, 82, 91, 92, 93, 115, 124, 133, 186, 200, 228, 290, 357, 366, 368, 414, 415, 429, 443, 498, 500, 511, 577, 578, 601, 674, 676, 693, 697, 722, 724, 726, 747, 847, 849, 905, 1075, 1095, 1096, 1115, 1232, 1279, 1280, 1289, 1342, 1343, 1383, 2094, 3754]",707.78,627.1176377682261,"[2, 5, 8, 9, 10, 11, 17, 18, 19, 20, 21, 22, 36, 38, 39, 40, 42, 49, 50, 52, 54, 57, 62, 65, 67, 68, 70, 71, 72, 76, 81, 84, 93, 118, 119, 124, 125, 141, 150, 173, 233, 237, 242, 244, 247, 250, 251, 260, 264, 297, 298, 303, 308, 330, 345, 354, 355, 438, 484, 488, 513, 560, 567, 592, 613, 614, 674, 675, 686, 690, 693, 694, 827, 836, 994, 995, 1025, 1037, 1279, 1283, 1284, 1303, 1304, 1316, 1866, 1867]",388.2906976744186,439.9308049787838,0.0429173574930485,0.2523273519113637,0.9814424961881943,0.9907695835563616
0.0,1.0,0.4,32.0,-1.0,0.0,-0.461288303343128,3442.0,-0.5166059666457594,1728.0,"[26, 30, 37, 42, 47, 48, 49, 63, 67, 86, 90, 112, 320, 355, 358, 363, 364, 367, 418, 440, 448, 457, 489, 499, 504, 513, 525, 555, 573, 642, 732, 741, 931, 939, 987, 1037, 1121, 1122, 1160, 1172, 1173, 1291, 1335, 1435, 1436, 1590, 1591, 1594, 3089, 3442]",736.1,705.2960016900705,"[7, 14, 20, 21, 22, 25, 30, 31, 32, 33, 35, 36, 37, 39, 42, 43, 44, 45, 46, 48, 49, 50, 53, 54, 55, 56, 59, 60, 61, 66, 75, 87, 88, 91, 92, 93, 94, 113, 118, 120, 121, 144, 145, 149, 194, 261, 313, 334, 368, 369, 387, 393, 413, 424, 425, 432, 460, 461, 475, 476, 480, 481, 493, 512, 571, 586, 587, 663, 702, 736, 800, 807, 813, 814, 844, 906, 940, 943, 944, 1023, 1024, 1183, 1184, 1249, 1727, 1728]",368.2325581395349,399.7987771314233,0.0550002170409761,0.234907209256102,0.9806714223480724,0.99130703270121
0.0,1.0,0.4,64.0,-1.0,0.0,-0.4821143352110407,2791.0,-0.5425632129996337,1211.0,"[29, 34, 37, 38, 45, 49, 54, 70, 97, 106, 120, 128, 311, 371, 400, 425, 428, 429, 433, 434, 438, 450, 500, 507, 517, 537, 584, 601, 738, 749, 768, 777, 781, 783, 972, 1024, 1036, 1037, 1117, 1118, 1122, 1123, 1256, 1260, 1265, 1266, 1283, 1350, 2103, 2791]",677.82,553.2584094254692,"[1, 8, 11, 15, 16, 17, 19, 24, 25, 33, 35, 36, 37, 38, 39, 40, 44, 45, 46, 47, 49, 50, 51, 52, 53, 54, 56, 58, 60, 63, 64, 66, 68, 69, 70, 71, 75, 78, 96, 97, 98, 99, 268, 278, 279, 285, 289, 306, 309, 310, 315, 328, 373, 381, 382, 388, 416, 417, 424, 437, 438, 441, 442, 499, 518, 598, 689, 717, 746, 747, 763, 772, 787, 788, 857, 858, 907, 966, 1046, 1047, 1068, 1091, 1122, 1123, 1210, 1211]",345.45348837209303,361.2584160756752,0.0525521234818728,0.2700081293031441,0.9822582226094532,0.9919173879909248
0.0,1.0,0.4,128.0,-1.0,0.0,-0.481557835504678,3124.0,-0.5599976470986748,1072.0,"[6, 27, 38, 40, 54, 60, 69, 79, 80, 84, 109, 144, 311, 384, 386, 405, 428, 435, 447, 465, 466, 474, 516, 525, 528, 589, 609, 612, 688, 702, 735, 789, 796, 816, 834, 835, 955, 956, 1056, 1108, 1120, 1121, 1156, 1169, 1186, 1203, 1315, 1345, 3123, 3124]",690.04,633.5381585982016,"[3, 13, 14, 15, 16, 17, 19, 20, 22, 27, 28, 29, 31, 32, 41, 42, 44, 48, 50, 51, 52, 53, 54, 56, 58, 59, 60, 61, 62, 63, 64, 65, 66, 67, 68, 71, 73, 74, 77, 79, 99, 100, 208, 218, 226, 228, 283, 286, 295, 297, 311, 321, 322, 363, 365, 382, 383, 390, 391, 398, 399, 425, 526, 527, 558, 559, 583, 727, 763, 776, 777, 859, 867, 903, 952, 959, 960, 961, 1000, 1033, 1058, 1059, 1062, 1063, 1071, 1072]",339.63953488372096,358.7796471111189,0.054719107327407,0.2675614349393957,0.9819255064256154,0.9920731703517504
0.0,1.0,0.4,256.0,-1.0,0.0,-0.4837656401981897,3053.0,-0.5637322941457488,1096.0,"[3, 10, 23, 26, 28, 40, 54, 61, 63, 67, 74, 77, 284, 285, 328, 332, 355, 391, 419, 421, 434, 440, 453, 463, 475, 531, 532, 557, 575, 580, 588, 618, 648, 722, 894, 895, 966, 967, 1074, 1075, 1117, 1149, 1158, 1160, 1174, 1259, 1417, 1432, 3032, 3053]",655.58,638.0967979860109,"[1, 3, 4, 8, 14, 15, 18, 20, 21, 26, 28, 30, 31, 32, 33, 34, 35, 39, 40, 41, 44, 51, 52, 54, 55, 56, 57, 58, 59, 61, 62, 63, 66, 67, 68, 69, 72, 73, 74, 75, 79, 80, 175, 185, 186, 192, 214, 218, 238, 248, 252, 261, 262, 271, 272, 273, 274, 324, 325, 326, 330, 345, 441, 442, 461, 462, 536, 601, 711, 748, 829, 831, 892, 904, 968, 1018, 1019, 1033, 1034, 1035, 1087, 1088, 1090, 1094, 1095, 1096]",320.3953488372093,366.5697775851575,0.0728665901446421,0.3155116632710437,0.9828637551731648,0.992588809966083
0.0,1.0,0.6,16.0,-1.0,0.0,-0.4825548511408913,2474.0,-0.5440000505803589,1170.0,"[9, 28, 39, 85, 97, 117, 126, 139, 195, 198, 199, 214, 217, 229, 299, 353, 356, 364, 378, 392, 396, 401, 404, 453, 467, 544, 607, 621, 673, 690, 694, 760, 769, 825, 840, 851, 929, 930, 969, 970, 971, 995, 996, 1100, 1136, 1190, 1346, 1865, 2065, 2474]",639.3,518.3234221989201,"[4, 6, 7, 8, 9, 10, 13, 14, 15, 16, 17, 20, 21, 34, 35, 37, 39, 42, 43, 44, 47, 59, 66, 67, 68, 69, 70, 76, 81, 83, 89, 90, 94, 95, 100, 101, 103, 130, 131, 138, 149, 161, 190, 191, 210, 211, 218, 219, 220, 227, 254, 262, 277, 278, 279, 287, 295, 306, 318, 319, 392, 459, 460, 515, 528, 535, 536, 578, 616, 617, 736, 737, 754, 765, 767, 805, 812, 961, 999, 1002, 1049, 1087, 1088, 1106, 1107, 1170]",316.77906976744185,339.5522496753626,0.0482251964714968,0.2828858957103973,0.9833070137225006,0.9926860181592382
0.0,1.0,0.6,32.0,-1.0,0.0,-0.4878215060826437,2570.0,-0.5271962647115487,1429.0,"[12, 20, 24, 27, 33, 53, 54, 92, 95, 104, 176, 195, 254, 255, 296, 321, 336, 357, 361, 439, 440, 451, 468, 475, 480, 491, 542, 544, 545, 614, 723, 724, 754, 794, 886, 887, 888, 908, 1004, 1005, 1006, 1033, 1272, 1306, 1307, 1366, 1611, 1801, 2129, 2570]",650.56,562.2646053238635,"[3, 5, 6, 12, 13, 15, 18, 19, 20, 21, 22, 23, 24, 25, 26, 27, 28, 29, 30, 33, 35, 36, 38, 39, 43, 54, 55, 56, 64, 66, 67, 68, 69, 72, 73, 76, 79, 80, 81, 100, 101, 121, 122, 130, 131, 207, 208, 211, 214, 215, 233, 370, 372, 388, 409, 443, 444, 447, 449, 491, 492, 533, 573, 574, 575, 589, 605, 606, 669, 698, 699, 742, 745, 752, 773, 810, 848, 849, 888, 921, 1028, 1050, 1143, 1144, 1428, 1429]",331.6162790697674,365.5385376751534,0.0579420837646523,0.3130635423196627,0.983000435634938,0.9922881500096896
0.0,1.0,0.6,64.0,-1.0,0.0,-0.4901503136291805,2377.0,-0.5482246107204939,1168.0,"[13, 14, 23, 62, 63, 65, 71, 72, 77, 79, 92, 94, 277, 308, 315, 330, 356, 359, 392, 398, 399, 401, 404, 452, 461, 478, 515, 592, 621, 625, 681, 708, 710, 752, 754, 759, 760, 955, 956, 977, 997, 998, 1122, 1131, 1231, 1298, 1386, 1612, 2161, 2377]",614.66,524.1239399226102,"[1, 3, 5, 7, 8, 9, 12, 19, 20, 22, 25, 26, 27, 28, 30, 32, 34, 35, 42, 49, 50, 51, 53, 54, 55, 56, 60, 64, 65, 68, 72, 79, 80, 90, 117, 118, 132, 134, 137, 162, 163, 164, 165, 168, 255, 308, 309, 311, 313, 314, 326, 340, 341, 343, 349, 358, 370, 371, 387, 403, 428, 459, 473, 474, 514, 515, 556, 631, 754, 761, 828, 829, 882, 884, 885, 898, 912, 923, 924, 986, 1039, 1093, 1094, 1138, 1139, 1168]",341.5813953488372,354.0764096066179,0.059639723417178,0.2876108960787942,0.9839778915269004,0.9920211390432344
0.0,1.0,0.6,128.0,-1.0,0.0,-0.4868464436620014,2843.0,-0.5465195529872524,1186.0,"[13, 26, 28, 38, 49, 50, 55, 72, 86, 97, 100, 104, 307, 318, 334, 335, 337, 371, 379, 392, 393, 486, 490, 518, 532, 551, 555, 565, 585, 587, 609, 629, 718, 724, 747, 748, 749, 755, 756, 824, 825, 994, 1178, 1258, 1262, 1346, 1706, 1721, 2152, 2843]",625.94,568.6077526731411,"[1, 3, 4, 10, 16, 17, 18, 19, 20, 21, 25, 26, 33, 34, 35, 36, 37, 38, 39, 43, 44, 45, 46, 47, 48, 55, 56, 57, 58, 59, 60, 62, 64, 66, 76, 77, 79, 80, 82, 83, 84, 85, 169, 183, 204, 259, 266, 267, 275, 341, 344, 352, 353, 375, 379, 380, 398, 399, 425, 426, 444, 454, 455, 456, 457, 467, 650, 694, 740, 837, 838, 859, 861, 880, 884, 885, 889, 890, 903, 940, 1028, 1040, 1041, 1050, 1169, 1186]",333.48837209302326,354.73598909303666,0.0589256882416314,0.3048219122157098,0.9836707688956654,0.9922379880895038
0.0,1.0,0.6,256.0,-1.0,0.0,-0.4926255399058182,2615.0,-0.5511543151565718,1194.0,"[7, 11, 16, 17, 18, 34, 51, 56, 65, 66, 71, 80, 300, 307, 317, 318, 320, 322, 323, 331, 348, 349, 463, 489, 538, 545, 567, 573, 582, 595, 597, 610, 611, 614, 655, 658, 670, 751, 752, 847, 848, 1012, 1131, 1273, 1310, 1315, 1715, 1897, 1954, 2615]",598.28,556.4771348402376,"[1, 2, 4, 10, 12, 13, 14, 15, 16, 17, 18, 21, 27, 28, 31, 37, 38, 41, 42, 43, 44, 45, 46, 47, 48, 50, 51, 52, 55, 57, 58, 59, 60, 63, 66, 67, 77, 78, 82, 83, 84, 85, 165, 185, 241, 242, 308, 312, 319, 323, 326, 327, 384, 385, 411, 412, 413, 414, 424, 425, 429, 430, 435, 436, 437, 445, 625, 708, 710, 730, 731, 778, 827, 852, 909, 912, 913, 918, 939, 957, 979, 980, 1085, 1086, 1144, 1194]",330.13953488372096,351.25877172828405,0.0772811679832956,0.3260434462370327,0.9844238727945982,0.9923277187293394
0.0,0.4,0.6,32.0,-1.0,0.0,-0.4651956397693561,4132.0,-0.5480034239407151,1225.0,"[5, 6, 16, 27, 28, 29, 31, 34, 38, 41, 43, 58, 244, 423, 470, 472, 474, 500, 501, 523, 534, 571, 576, 577, 599, 626, 627, 635, 671, 709, 776, 777, 778, 806, 820, 852, 907, 912, 930, 931, 957, 966, 1148, 1175, 1476, 1559, 1693, 1746, 2966, 4132]",727.9,737.0961199192409,"[6, 7, 8, 9, 22, 23, 24, 25, 26, 27, 28, 29, 30, 31, 32, 33, 34, 35, 36, 37, 38, 40, 41, 43, 45, 46, 47, 49, 52, 53, 54, 55, 58, 60, 61, 63, 65, 75, 76, 79, 80, 100, 159, 220, 221, 225, 232, 233, 234, 262, 275, 276, 291, 310, 316, 328, 329, 594, 595, 621, 622, 630, 634, 635, 637, 669, 676, 716, 728, 729, 734, 735, 737, 758, 759, 770, 779, 797, 810, 936, 937, 1038, 1051, 1056, 1183, 1225]",331.2093023255814,349.31844325369894,0.0821012982266931,0.2997758995213157,0.9808990416031366,0.9922990547749474
0.0,1.0,0.8,16.0,-1.0,0.0,-0.483642222497066,2341.0,-0.5476453921363534,989.0,"[13, 16, 17, 20, 25, 32, 40, 68, 85, 97, 111, 121, 155, 170, 200, 260, 262, 265, 354, 369, 370, 378, 389, 403, 406, 458, 518, 528, 545, 546, 572, 596, 629, 646, 708, 744, 819, 841, 844, 845, 864, 877, 916, 917, 959, 1164, 1559, 1576, 1817, 2341]",549.1,493.33579841726464,"[2, 3, 5, 6, 7, 8, 9, 10, 11, 12, 13, 15, 16, 18, 19, 20, 21, 22, 23, 24, 25, 28, 32, 34, 35, 36, 37, 44, 47, 48, 52, 56, 68, 69, 77, 79, 88, 98, 100, 108, 111, 115, 116, 117, 119, 120, 123, 129, 145, 156, 162, 167, 178, 179, 196, 204, 205, 284, 285, 338, 348, 349, 376, 386, 396, 397, 464, 465, 502, 545, 558, 688, 689, 690, 752, 753, 771, 804, 819, 823, 874, 875, 877, 881, 988, 989]",255.03488372093025,294.9137220176247,0.073175662415262,0.428485518302688,0.985762905685036,0.9943401152664844
0.0,1.0,0.8,32.0,-1.0,0.0,-0.4758458953309193,2818.0,-0.5359767254597065,1450.0,"[9, 10, 12, 17, 21, 23, 25, 27, 38, 54, 59, 107, 180, 282, 286, 292, 294, 326, 339, 380, 417, 420, 457, 466, 467, 514, 522, 557, 561, 571, 576, 591, 610, 787, 867, 885, 920, 921, 977, 979, 1137, 1138, 1274, 1296, 1323, 1324, 1840, 2025, 2045, 2818]",641.32,608.0951714986726,"[7, 8, 9, 11, 12, 14, 15, 16, 17, 18, 19, 20, 21, 22, 23, 24, 25, 27, 28, 30, 31, 34, 35, 36, 37, 38, 40, 41, 42, 44, 45, 48, 50, 52, 63, 69, 87, 88, 89, 99, 110, 111, 113, 120, 130, 131, 181, 187, 193, 202, 208, 211, 212, 223, 241, 242, 243, 335, 356, 357, 363, 412, 413, 453, 545, 632, 640, 664, 665, 673, 696, 697, 724, 773, 780, 857, 964, 992, 995, 996, 1018, 1030, 1066, 1067, 1449, 1450]",308.7674418604651,371.26486108909154,0.0861917131619445,0.35926015043802,0.983252014811588,0.9929003746877344
0.0,1.0,0.8,64.0,-1.0,0.0,-0.4852862398339829,2373.0,-0.5379806004763782,1239.0,"[9, 14, 15, 17, 22, 24, 45, 48, 49, 52, 63, 75, 308, 327, 337, 366, 400, 401, 405, 406, 408, 410, 415, 441, 449, 454, 488, 543, 544, 596, 597, 625, 691, 692, 977, 978, 1119, 1126, 1130, 1131, 1132, 1133, 1219, 1220, 1252, 1482, 1659, 1835, 1981, 2373]",649.66,565.3118293473082,"[6, 7, 8, 12, 13, 15, 17, 18, 20, 21, 23, 24, 28, 29, 30, 31, 32, 33, 34, 35, 36, 41, 42, 43, 44, 45, 51, 60, 61, 62, 63, 67, 71, 87, 89, 91, 102, 107, 110, 111, 170, 171, 172, 180, 211, 224, 229, 231, 232, 253, 254, 315, 330, 331, 338, 339, 390, 391, 405, 406, 543, 548, 549, 570, 571, 578, 588, 637, 645, 646, 659, 749, 750, 809, 820, 860, 878, 996, 1013, 1014, 1032, 1063, 1131, 1132, 1238, 1239]",333.1279069767442,357.48272999469003,0.0763697247165127,0.2873014129192889,0.983024940100196,0.992247646595875
0.0,1.0,0.8,128.0,-1.0,0.0,-0.4775428534631854,2993.0,-0.5435568404021697,1156.0,"[8, 15, 23, 24, 30, 33, 34, 37, 38, 43, 60, 81, 305, 307, 331, 335, 343, 359, 361, 413, 426, 442, 458, 532, 544, 545, 554, 562, 574, 589, 593, 597, 633, 654, 772, 796, 797, 907, 908, 1018, 1070, 1071, 1166, 1184, 1289, 1484, 1677, 2014, 2245, 2993]",645.48,612.7610379258786,"[6, 9, 10, 14, 15, 18, 19, 20, 21, 22, 24, 27, 28, 29, 34, 36, 37, 38, 39, 40, 41, 42, 43, 44, 45, 46, 47, 48, 49, 50, 51, 52, 53, 55, 57, 60, 62, 74, 75, 76, 81, 82, 158, 228, 231, 238, 239, 251, 270, 278, 294, 351, 360, 361, 398, 399, 406, 407, 415, 442, 468, 469, 480, 481, 563, 569, 570, 664, 672, 720, 743, 804, 805, 813, 864, 939, 940, 982, 983, 1015, 1060, 1061, 1066, 1069, 1070, 1156]",331.0581395348837,355.533119336829,0.0755838365067841,0.3036763219802778,0.9831387497277282,0.9923031051163292
0.0,1.0,0.8,256.0,-1.0,0.0,-0.4807186023701547,3026.0,-0.5420968075620918,1220.0,"[7, 10, 13, 14, 17, 23, 40, 41, 42, 44, 54, 62, 285, 291, 296, 311, 314, 320, 331, 339, 371, 409, 411, 428, 432, 472, 516, 525, 528, 529, 537, 545, 546, 585, 709, 710, 821, 822, 845, 1065, 1066, 1081, 1129, 1209, 1329, 1455, 1801, 1923, 2346, 3026]",620.5,627.1146705348233,"[1, 3, 5, 9, 10, 11, 13, 15, 21, 22, 23, 24, 25, 26, 27, 28, 29, 31, 33, 34, 37, 38, 39, 40, 47, 48, 50, 51, 52, 53, 54, 55, 56, 57, 58, 59, 60, 61, 62, 66, 69, 70, 170, 174, 175, 234, 238, 244, 254, 256, 327, 342, 343, 344, 385, 386, 392, 399, 400, 438, 450, 451, 467, 468, 513, 514, 519, 676, 715, 768, 784, 792, 834, 849, 850, 857, 872, 875, 876, 882, 975, 976, 1041, 1042, 1145, 1220]",319.5813953488372,347.09138482726536,0.0883559274353351,0.3488167854569295,0.9838188847745588,0.9926106194965988
0.0,1.0,1.0,16.0,-1.0,0.0,-0.4712414691170143,2812.0,-0.5394910961239338,1108.0,"[3, 7, 12, 18, 20, 21, 56, 83, 118, 119, 165, 177, 209, 229, 240, 242, 256, 265, 267, 270, 278, 389, 399, 418, 431, 443, 505, 524, 573, 591, 646, 647, 698, 699, 795, 873, 930, 931, 999, 1006, 1007, 1145, 1261, 1386, 1497, 1499, 1548, 1601, 2274, 2812]",631.64,601.7187303051153,"[1, 2, 3, 4, 5, 6, 7, 10, 11, 14, 15, 16, 17, 18, 22, 24, 28, 29, 31, 32, 35, 36, 37, 38, 39, 42, 45, 54, 64, 67, 71, 77, 86, 89, 90, 91, 97, 99, 107, 110, 143, 207, 208, 209, 233, 234, 244, 245, 247, 266, 306, 327, 328, 457, 464, 471, 512, 513, 527, 543, 544, 582, 626, 628, 633, 645, 662, 706, 723, 760, 761, 764, 765, 784, 822, 823, 933, 934, 949, 983, 1017, 1018, 1025, 1069, 1107, 1108]",345.6279069767442,353.0644926431808,0.0798363546937936,0.3691349630796505,0.983516118492703,0.9919131818671824
0.0,1.0,1.0,32.0,-1.0,0.0,-0.4816185626837802,2782.0,-0.535443161820643,1163.0,"[11, 13, 14, 16, 17, 22, 23, 40, 53, 119, 135, 151, 158, 168, 169, 221, 228, 236, 239, 243, 244, 291, 311, 342, 345, 421, 433, 454, 518, 522, 571, 579, 657, 673, 684, 685, 699, 703, 704, 1046, 1047, 1048, 1426, 1442, 1653, 1690, 1705, 2198, 2391, 2782]",610.8,655.6951730796865,"[1, 3, 10, 11, 12, 13, 14, 15, 17, 18, 19, 22, 23, 25, 26, 27, 29, 30, 33, 35, 39, 41, 45, 46, 48, 49, 50, 51, 52, 53, 54, 55, 56, 57, 58, 64, 65, 118, 127, 129, 135, 138, 139, 140, 142, 145, 170, 171, 174, 175, 210, 271, 288, 304, 348, 401, 402, 449, 450, 476, 477, 478, 480, 489, 549, 599, 600, 665, 674, 678, 711, 712, 834, 850, 851, 852, 878, 919, 920, 934, 935, 954, 1034, 1118, 1162, 1163]",317.2558139534884,347.2966423895215,0.0862491002210918,0.3354745907566276,0.984082988455674,0.992672932440929
0.0,1.0,1.0,64.0,-1.0,0.0,-0.4868880214472617,2459.0,-0.5402169571835193,1164.0,"[7, 10, 11, 19, 23, 25, 34, 36, 52, 61, 66, 79, 227, 239, 246, 250, 264, 285, 287, 311, 316, 375, 388, 392, 437, 438, 455, 459, 465, 519, 534, 543, 553, 554, 555, 574, 575, 582, 702, 703, 747, 1238, 1249, 1267, 1276, 1301, 1784, 2028, 2246, 2459]",564.92,581.4971999932587,"[6, 8, 9, 10, 13, 15, 17, 21, 22, 23, 24, 25, 27, 28, 29, 30, 31, 33, 34, 35, 36, 37, 38, 39, 41, 42, 47, 48, 49, 50, 51, 56, 57, 58, 60, 61, 71, 74, 75, 76, 77, 78, 113, 128, 212, 250, 251, 277, 286, 289, 301, 323, 326, 328, 329, 338, 339, 372, 373, 381, 399, 429, 510, 552, 590, 591, 633, 687, 688, 700, 701, 732, 733, 742, 778, 782, 788, 834, 835, 840, 856, 1014, 1015, 1081, 1123, 1164]",310.16279069767444,332.17062232593366,0.0880019887150995,0.3221534423565691,0.9853321716401656,0.9928629869211362
0.0,1.0,1.0,128.0,-1.0,0.0,-0.4872453383948742,2498.0,-0.5373200807757932,1163.0,"[10, 14, 17, 18, 20, 23, 35, 36, 38, 46, 63, 65, 256, 262, 267, 277, 324, 356, 369, 383, 386, 397, 401, 403, 439, 469, 511, 534, 542, 549, 551, 556, 560, 561, 566, 567, 604, 628, 731, 786, 787, 1000, 1057, 1126, 1339, 1367, 1960, 2095, 2293, 2498]",582.84,586.5241805757031,"[10, 11, 15, 16, 17, 19, 21, 22, 23, 24, 25, 26, 27, 28, 29, 30, 34, 35, 36, 42, 43, 45, 47, 48, 49, 50, 51, 52, 53, 54, 55, 56, 57, 58, 59, 61, 69, 70, 71, 72, 73, 74, 179, 180, 182, 189, 271, 272, 278, 297, 298, 309, 320, 331, 332, 341, 349, 350, 352, 365, 381, 382, 473, 474, 502, 519, 531, 532, 663, 664, 689, 690, 694, 697, 698, 793, 811, 873, 877, 890, 891, 936, 937, 1073, 1156, 1163]",301.63953488372096,322.4867011063888,0.0856828995916108,0.3027643992422578,0.9848442605096928,0.9930913638621064
0.0,1.0,1.0,256.0,-1.0,0.0,-0.4888825434429206,2316.0,-0.5322432835146202,1238.0,"[11, 13, 14, 16, 19, 21, 23, 27, 29, 42, 46, 52, 242, 247, 255, 263, 308, 309, 345, 353, 361, 369, 388, 405, 409, 417, 421, 422, 430, 472, 522, 564, 569, 570, 587, 605, 623, 624, 783, 784, 840, 996, 1011, 1315, 1364, 1536, 1933, 2065, 2177, 2316]",570.26,580.5362627777872,"[1, 3, 10, 13, 15, 16, 18, 19, 21, 22, 23, 26, 27, 28, 29, 30, 31, 32, 33, 34, 35, 36, 37, 41, 43, 44, 45, 46, 51, 54, 55, 57, 58, 59, 60, 62, 63, 64, 65, 66, 67, 68, 128, 141, 175, 181, 198, 270, 277, 278, 287, 288, 291, 300, 302, 311, 354, 367, 368, 370, 438, 439, 452, 453, 486, 487, 541, 545, 649, 671, 711, 712, 729, 768, 769, 810, 837, 864, 905, 906, 922, 923, 980, 985, 1162, 1238]",300.8720930232558,331.1287881436462,0.0970675248961554,0.3421507559751363,0.985186778479634,0.9931119271337356
0.0,0.4,0.6,64.0,-1.0,0.0,-0.460134132600547,4087.0,-0.5508055363195548,1185.0,"[3, 4, 5, 8, 13, 24, 27, 39, 40, 51, 67, 69, 263, 276, 278, 283, 348, 357, 376, 443, 472, 521, 523, 527, 547, 673, 685, 735, 775, 790, 791, 792, 818, 819, 852, 869, 870, 876, 1022, 1023, 1095, 1115, 1166, 1175, 1178, 1379, 1567, 1705, 3384, 4087]",716.1,761.259095183762,"[1, 2, 3, 4, 5, 6, 7, 8, 9, 10, 11, 12, 13, 14, 15, 16, 17, 19, 20, 21, 23, 29, 30, 31, 32, 33, 34, 35, 36, 37, 38, 39, 40, 47, 49, 50, 51, 52, 55, 63, 70, 87, 132, 141, 170, 172, 180, 187, 188, 191, 226, 277, 290, 291, 299, 300, 359, 391, 392, 393, 405, 411, 412, 414, 429, 430, 654, 675, 679, 684, 718, 737, 848, 956, 971, 972, 975, 976, 978, 979, 1017, 1018, 1023, 1027, 1041, 1185]",306.59302325581393,360.54307802829294,0.1065355391090979,0.499730377951167,0.9812159660204748,0.992958637290683
0.0,0.4,0.6,128.0,-1.0,0.0,-0.4873080601723512,2341.0,-0.5525427793663692,1178.0,"[1, 4, 5, 6, 10, 13, 14, 15, 16, 17, 22, 26, 191, 290, 291, 297, 307, 311, 333, 338, 397, 408, 512, 543, 554, 628, 629, 658, 694, 739, 773, 784, 806, 821, 822, 841, 851, 852, 868, 869, 1053, 1090, 1132, 1146, 1170, 1292, 1406, 1455, 2263, 2341]",618.08,539.4862682219076,"[1, 2, 3, 4, 5, 6, 7, 8, 9, 10, 11, 12, 13, 14, 15, 16, 17, 19, 20, 21, 22, 24, 25, 26, 28, 29, 30, 31, 33, 34, 35, 36, 37, 38, 39, 45, 46, 47, 48, 56, 62, 65, 93, 104, 150, 169, 174, 181, 189, 190, 198, 219, 228, 287, 288, 289, 290, 306, 357, 358, 366, 367, 375, 382, 383, 435, 466, 593, 665, 666, 685, 803, 842, 843, 859, 888, 906, 908, 985, 986, 990, 1017, 1018, 1056, 1080, 1178]",289.0813953488372,350.9302658853067,0.1708761891134736,0.535133835699457,0.9838847745589197,0.9934278537614898
0.0,0.4,0.6,256.0,-1.0,0.0,-0.4783143127643262,2486.0,-0.5520914560483335,1147.0,"[2, 5, 11, 13, 16, 17, 19, 20, 23, 26, 31, 34, 252, 281, 286, 297, 306, 316, 397, 414, 420, 436, 460, 469, 570, 572, 591, 592, 598, 678, 723, 728, 750, 768, 769, 787, 848, 849, 885, 886, 1122, 1136, 1149, 1167, 1183, 1258, 1386, 1458, 2439, 2486]",618.58,556.5630275179982,"[2, 3, 5, 6, 7, 8, 9, 10, 11, 12, 13, 18, 19, 21, 22, 23, 24, 25, 26, 27, 28, 29, 30, 31, 32, 33, 34, 35, 36, 37, 38, 39, 40, 41, 43, 44, 48, 49, 51, 52, 65, 66, 111, 148, 150, 175, 176, 189, 246, 247, 256, 257, 258, 366, 373, 374, 381, 395, 396, 413, 414, 435, 436, 444, 445, 462, 464, 603, 679, 735, 746, 747, 770, 830, 841, 881, 894, 895, 937, 938, 939, 1013, 1025, 1026, 1033, 1147]",300.95348837209303,343.4099153048609,0.1213752460326338,0.4424500362977449,0.9838711609671096,0.9931097461806838
