kernel,cache_size,max_iter,tol,nu,gamma,shrinking,max_fraud_eval,min_detect_eval,max_fraud_test,min_detect_test,fraud_ranks_eval,rank_mean_eval,rank_std_eval,fraud_ranks_test,rank_mean_test,rank_std_test,auc_pr_eval,auc_pr_test,auc_roc_eval,auc_roc_test
rbf,500.0,-1.0,0.001,0.8,1000.0,1.0,7.637789193130857,1938.0,3.464032789722296,882.0,"[997, 998, 999, 1000, 1001, 1002, 1003, 1004, 1005, 1006, 1007, 1008, 1009, 1010, 1011, 1012, 1013, 1014, 1015, 1016, 1017, 1018, 1019, 1020, 1021, 1022, 1049, 1050, 1089, 1090, 1097, 1098, 1103, 1104, 1217, 1218, 1238, 1239, 1270, 1271, 1308, 1309, 1380, 1381, 1400, 1401, 1768, 1769, 1937, 1938]",1159.42,240.36872425504944,"[115, 116, 117, 118, 119, 120, 121, 122, 123, 124, 125, 126, 127, 128, 129, 130, 131, 132, 133, 134, 135, 136, 137, 138, 139, 140, 141, 142, 143, 144, 145, 146, 147, 148, 149, 150, 151, 152, 153, 154, 155, 156, 161, 162, 175, 176, 177, 178, 198, 199, 209, 210, 243, 244, 248, 249, 250, 251, 278, 279, 309, 310, 339, 340, 341, 342, 406, 407, 434, 435, 439, 440, 477, 478, 479, 480, 668, 669, 835, 836, 845, 846, 847, 848, 881, 882]",281.2906976744186,221.3728763389567,0.0274506595899271,0.2270776077125604,0.976179481594424,0.9943762567741958
rbf,500.0,-1.0,0.001,0.2,100.0,1.0,19.69587849446665,1924.0,16.74047720909394,976.0,"[965, 966, 967, 968, 969, 970, 971, 972, 973, 974, 975, 976, 977, 978, 979, 980, 981, 982, 983, 984, 985, 986, 987, 988, 999, 1000, 1052, 1053, 1163, 1164, 1180, 1181, 1231, 1232, 1372, 1373, 1377, 1378, 1416, 1417, 1456, 1457, 1713, 1714, 1723, 1724, 1872, 1873, 1923, 1924]",1208.06,306.6210958169708,"[13, 14, 15, 16, 17, 18, 19, 20, 21, 22, 23, 24, 25, 26, 27, 28, 29, 30, 31, 32, 33, 34, 35, 36, 45, 46, 71, 72, 104, 105, 112, 113, 115, 116, 123, 124, 129, 130, 137, 138, 143, 144, 164, 165, 202, 203, 209, 210, 211, 212, 224, 225, 308, 309, 310, 311, 316, 317, 336, 337, 338, 339, 346, 347, 421, 422, 423, 424, 547, 548, 616, 617, 805, 806, 807, 808, 928, 929, 942, 943, 945, 946, 973, 974, 975, 976]",293.8255813953488,310.2590137685963,0.0255749620760199,0.336031557383934,0.974104225658898,0.993340927204149
rbf,500.0,-1.0,0.001,0.4,100.0,1.0,19.695878494466683,1924.0,16.740477209093967,976.0,"[965, 966, 967, 968, 969, 970, 971, 972, 973, 974, 975, 976, 977, 978, 979, 980, 981, 982, 983, 984, 985, 986, 987, 988, 999, 1000, 1052, 1053, 1163, 1164, 1180, 1181, 1231, 1232, 1372, 1373, 1377, 1378, 1416, 1417, 1456, 1457, 1713, 1714, 1723, 1724, 1872, 1873, 1923, 1924]",1208.06,306.6210958169708,"[13, 14, 15, 16, 17, 18, 19, 20, 21, 22, 23, 24, 25, 26, 27, 28, 29, 30, 31, 32, 33, 34, 35, 36, 45, 46, 71, 72, 104, 105, 112, 113, 115, 116, 123, 124, 129, 130, 137, 138, 143, 144, 164, 165, 202, 203, 209, 210, 211, 212, 224, 225, 308, 309, 310, 311, 316, 317, 336, 337, 338, 339, 346, 347, 421, 422, 423, 424, 547, 548, 616, 617, 805, 806, 807, 808, 928, 929, 942, 943, 945, 946, 973, 974, 975, 976]",293.8255813953488,310.2590137685963,0.0255749620760199,0.336031557383934,0.974104225658898,0.993340927204149
rbf,500.0,-1.0,0.001,0.6,100.0,1.0,19.69587849446657,1924.0,16.740477209094024,976.0,"[965, 966, 967, 968, 969, 970, 971, 972, 973, 974, 975, 976, 977, 978, 979, 980, 981, 982, 983, 984, 985, 986, 987, 988, 999, 1000, 1052, 1053, 1163, 1164, 1180, 1181, 1231, 1232, 1372, 1373, 1377, 1378, 1416, 1417, 1456, 1457, 1713, 1714, 1723, 1724, 1872, 1873, 1923, 1924]",1208.06,306.6210958169708,"[13, 14, 15, 16, 17, 18, 19, 20, 21, 22, 23, 24, 25, 26, 27, 28, 29, 30, 31, 32, 33, 34, 35, 36, 45, 46, 71, 72, 104, 105, 112, 113, 115, 116, 123, 124, 129, 130, 137, 138, 143, 144, 164, 165, 202, 203, 209, 210, 211, 212, 224, 225, 308, 309, 310, 311, 316, 317, 336, 337, 338, 339, 346, 347, 421, 422, 423, 424, 547, 548, 616, 617, 805, 806, 807, 808, 928, 929, 942, 943, 945, 946, 973, 974, 975, 976]",293.8255813953488,310.2590137685963,0.0255749620760199,0.336031557383934,0.974104225658898,0.9933409272041492
rbf,500.0,-1.0,0.001,0.8,100.0,1.0,19.69587849446657,1924.0,16.740477209094024,976.0,"[965, 966, 967, 968, 969, 970, 971, 972, 973, 974, 975, 976, 977, 978, 979, 980, 981, 982, 983, 984, 985, 986, 987, 988, 999, 1000, 1052, 1053, 1163, 1164, 1180, 1181, 1231, 1232, 1372, 1373, 1377, 1378, 1416, 1417, 1456, 1457, 1713, 1714, 1723, 1724, 1872, 1873, 1923, 1924]",1208.06,306.6210958169708,"[13, 14, 15, 16, 17, 18, 19, 20, 21, 22, 23, 24, 25, 26, 27, 28, 29, 30, 31, 32, 33, 34, 35, 36, 45, 46, 71, 72, 104, 105, 112, 113, 115, 116, 123, 124, 129, 130, 137, 138, 143, 144, 164, 165, 202, 203, 209, 210, 211, 212, 224, 225, 308, 309, 310, 311, 316, 317, 336, 337, 338, 339, 346, 347, 421, 422, 423, 424, 547, 548, 616, 617, 805, 806, 807, 808, 928, 929, 942, 943, 945, 946, 973, 974, 975, 976]",293.8255813953488,310.2590137685963,0.0255749620760199,0.336031557383934,0.974104225658898,0.993340927204149
rbf,500.0,-1.0,0.001,0.2,10.0,1.0,24.914702866093137,1718.0,25.5211202177496,828.0,"[40, 41, 42, 43, 44, 45, 46, 47, 48, 49, 50, 51, 52, 53, 54, 55, 151, 152, 154, 155, 161, 162, 166, 167, 1024, 1025, 1091, 1092, 1357, 1358, 1385, 1386, 1396, 1397, 1406, 1407, 1502, 1503, 1507, 1508, 1534, 1535, 1594, 1595, 1596, 1597, 1623, 1624, 1717, 1718]",790.1,692.9876838732417,"[5, 6, 7, 8, 9, 10, 11, 12, 13, 14, 16, 17, 19, 20, 23, 24, 25, 26, 27, 28, 31, 32, 35, 36, 53, 54, 70, 71, 72, 73, 92, 93, 94, 95, 99, 100, 102, 103, 156, 157, 179, 180, 309, 310, 312, 313, 364, 365, 366, 367, 410, 411, 472, 473, 496, 497, 501, 502, 513, 514, 515, 516, 517, 518, 524, 525, 526, 527, 568, 569, 570, 571, 594, 595, 617, 618, 637, 638, 639, 640, 755, 756, 767, 768, 827, 828]",301.36046511627904,261.9772719056608,0.1277828607861926,0.3333485744743537,0.9793519930298412,0.9930975951565394
rbf,500.0,-1.0,0.001,0.2,10000.0,1.0,0.7994964548673167,1853.0,0.2763424028323271,872.0,"[1249, 1250, 1251, 1252, 1253, 1254, 1255, 1256, 1257, 1258, 1259, 1260, 1261, 1262, 1263, 1264, 1265, 1266, 1267, 1268, 1269, 1270, 1271, 1272, 1273, 1274, 1275, 1276, 1277, 1278, 1279, 1280, 1281, 1282, 1283, 1284, 1285, 1286, 1297, 1298, 1318, 1319, 1324, 1325, 1339, 1340, 1828, 1829, 1852, 1853]",1321.74,154.61135922046608,"[369, 370, 371, 372, 373, 374, 375, 376, 377, 378, 379, 380, 381, 382, 383, 384, 385, 386, 387, 388, 389, 390, 391, 392, 393, 394, 395, 396, 397, 398, 399, 400, 401, 402, 403, 404, 405, 406, 407, 408, 409, 410, 411, 412, 413, 414, 415, 416, 417, 418, 419, 420, 421, 422, 423, 424, 425, 426, 427, 428, 429, 430, 431, 432, 433, 434, 435, 436, 462, 463, 495, 496, 514, 515, 516, 517, 618, 619, 672, 673, 674, 675, 800, 801, 871, 872]",449.1046511627907,110.957673584137,0.0297941105507423,0.1503621111726762,0.9776257895883248,0.9930306087413846
rbf,500.0,-1.0,0.001,0.4,10.0,1.0,24.91470286609308,1718.0,25.521120217749623,828.0,"[40, 41, 42, 43, 44, 45, 46, 47, 48, 49, 50, 51, 52, 53, 54, 55, 151, 152, 154, 155, 161, 162, 166, 167, 1024, 1025, 1091, 1092, 1357, 1358, 1385, 1386, 1396, 1397, 1406, 1407, 1502, 1503, 1507, 1508, 1534, 1535, 1594, 1595, 1596, 1597, 1623, 1624, 1717, 1718]",790.1,692.9876838732417,"[5, 6, 7, 8, 9, 10, 11, 12, 13, 14, 16, 17, 19, 20, 23, 24, 25, 26, 27, 28, 31, 32, 35, 36, 53, 54, 70, 71, 72, 73, 92, 93, 94, 95, 99, 100, 102, 103, 156, 157, 179, 180, 309, 310, 312, 313, 364, 365, 366, 367, 410, 411, 472, 473, 496, 497, 501, 502, 513, 514, 515, 516, 517, 518, 524, 525, 526, 527, 568, 569, 570, 571, 594, 595, 617, 618, 637, 638, 639, 640, 755, 756, 767, 768, 827, 828]",301.36046511627904,261.9772719056608,0.1277828607861926,0.3333485744743537,0.979351993029841,0.9930975951565396
rbf,500.0,-1.0,0.001,0.6,10.0,1.0,24.9147028660932,1718.0,25.521120217749512,828.0,"[40, 41, 42, 43, 44, 45, 46, 47, 48, 49, 50, 51, 52, 53, 54, 55, 151, 152, 154, 155, 161, 162, 166, 167, 1024, 1025, 1091, 1092, 1357, 1358, 1385, 1386, 1396, 1397, 1406, 1407, 1502, 1503, 1507, 1508, 1534, 1535, 1594, 1595, 1596, 1597, 1623, 1624, 1717, 1718]",790.1,692.9876838732417,"[5, 6, 7, 8, 9, 10, 11, 12, 13, 14, 16, 17, 19, 20, 23, 24, 25, 26, 27, 28, 31, 32, 35, 36, 53, 54, 70, 71, 72, 73, 92, 93, 94, 95, 100, 101, 102, 103, 156, 157, 179, 180, 309, 310, 312, 313, 364, 365, 366, 367, 410, 411, 472, 473, 496, 497, 501, 502, 513, 514, 515, 516, 517, 518, 524, 525, 526, 527, 568, 569, 570, 571, 594, 595, 617, 618, 637, 638, 639, 640, 755, 756, 767, 768, 827, 828]",301.3837209302326,261.9593954246935,0.1277828607861926,0.3332656824642224,0.9793525375735136,0.9930972835918178
rbf,500.0,-1.0,0.001,0.8,10.0,1.0,24.9147028660932,1718.0,25.52112021774974,828.0,"[40, 41, 42, 43, 44, 45, 46, 47, 48, 49, 50, 51, 52, 53, 54, 55, 151, 152, 154, 155, 161, 162, 166, 167, 1024, 1025, 1091, 1092, 1357, 1358, 1385, 1386, 1396, 1397, 1406, 1407, 1502, 1503, 1507, 1508, 1534, 1535, 1594, 1595, 1596, 1597, 1623, 1624, 1717, 1718]",790.1,692.9876838732417,"[5, 6, 7, 8, 9, 10, 11, 12, 13, 14, 16, 17, 19, 20, 23, 24, 25, 26, 27, 28, 31, 32, 35, 36, 53, 54, 70, 71, 72, 73, 92, 93, 94, 95, 100, 101, 102, 103, 156, 157, 179, 180, 309, 310, 312, 313, 364, 365, 366, 367, 410, 411, 472, 473, 496, 497, 501, 502, 513, 514, 515, 516, 517, 518, 524, 525, 526, 527, 568, 569, 570, 571, 594, 595, 617, 618, 637, 638, 639, 640, 755, 756, 767, 768, 827, 828]",301.3837209302326,261.9593954246935,0.1277828607861926,0.3332656824642224,0.979353082117186,0.9930975951565396
rbf,500.0,-1.0,0.001,0.2,1.0,1.0,52.4152507618434,1284.0,52.51847081254621,1220.0,"[6, 7, 8, 9, 11, 12, 13, 14, 18, 21, 22, 23, 24, 25, 41, 42, 93, 94, 103, 104, 111, 112, 119, 120, 442, 443, 485, 486, 657, 658, 663, 664, 785, 786, 787, 788, 791, 792, 1231, 1232, 1233, 1234, 1267, 1268, 1272, 1273, 1278, 1279, 1283, 1284]",510.26,500.16944368883634,"[1, 2, 4, 5, 6, 7, 8, 9, 11, 12, 21, 22, 24, 25, 41, 42, 44, 45, 49, 50, 51, 52, 56, 57, 61, 62, 74, 75, 79, 80, 83, 84, 88, 89, 119, 120, 344, 345, 347, 348, 355, 356, 438, 439, 463, 464, 465, 466, 564, 565, 570, 571, 572, 573, 579, 580, 674, 675, 693, 694, 729, 730, 741, 742, 743, 744, 745, 746, 757, 758, 1128, 1129, 1133, 1134, 1136, 1137, 1140, 1141, 1142, 1143, 1157, 1158, 1159, 1160, 1219, 1220]",461.2674418604651,418.5826145685429,0.2083708612622602,0.2740229548541964,0.9868067959050316,0.988806102680516
rbf,500.0,-1.0,0.001,0.4,1.0,1.0,52.41525076184337,1284.0,52.51847081254618,1220.0,"[6, 7, 8, 9, 11, 12, 13, 14, 20, 21, 22, 23, 24, 25, 52, 53, 92, 93, 102, 103, 110, 111, 115, 116, 442, 443, 485, 486, 657, 658, 663, 664, 785, 786, 787, 788, 791, 792, 1231, 1232, 1233, 1234, 1267, 1268, 1272, 1273, 1278, 1279, 1283, 1284]",510.46,499.9460454889107,"[1, 2, 4, 5, 6, 7, 8, 9, 11, 12, 19, 20, 24, 25, 39, 40, 42, 43, 47, 48, 49, 50, 54, 55, 59, 60, 74, 75, 79, 80, 83, 84, 88, 89, 119, 120, 344, 345, 347, 348, 355, 356, 438, 439, 463, 464, 465, 466, 564, 565, 570, 571, 572, 573, 579, 580, 674, 675, 693, 694, 729, 730, 741, 742, 743, 744, 745, 746, 757, 758, 1128, 1129, 1133, 1134, 1136, 1137, 1140, 1141, 1142, 1143, 1157, 1158, 1159, 1160, 1219, 1220]",460.9418604651163,418.9056438868538,0.2047048429185816,0.2776251192127654,0.9868013504683076,0.9888148264927222
rbf,500.0,-1.0,0.001,0.6,1.0,1.0,52.41525076184348,1284.0,52.51847081254618,1220.0,"[6, 7, 8, 9, 11, 12, 13, 14, 20, 21, 22, 23, 24, 25, 52, 53, 91, 92, 101, 102, 109, 110, 114, 115, 442, 443, 485, 486, 657, 658, 663, 664, 785, 786, 787, 788, 791, 792, 1231, 1232, 1233, 1234, 1267, 1268, 1272, 1273, 1278, 1279, 1283, 1284]",510.3,500.0758442476501,"[1, 2, 4, 5, 6, 7, 8, 9, 11, 12, 19, 20, 24, 25, 38, 39, 41, 42, 46, 47, 48, 49, 54, 55, 59, 60, 72, 73, 77, 78, 81, 82, 86, 87, 117, 118, 343, 344, 346, 347, 354, 355, 438, 439, 463, 464, 465, 466, 564, 565, 570, 571, 572, 573, 579, 580, 674, 675, 693, 694, 729, 730, 741, 742, 743, 744, 745, 746, 757, 758, 1128, 1129, 1133, 1134, 1136, 1137, 1140, 1141, 1142, 1143, 1157, 1158, 1159, 1160, 1219, 1220]",460.54651162790697,419.2235529780647,0.2050046246959452,0.279524764977785,0.9868057068176868,0.9888254196932584
rbf,500.0,-1.0,0.001,0.8,1.0,1.0,52.41525076184325,1284.0,52.51847081254618,1219.0,"[6, 7, 8, 9, 11, 12, 13, 14, 20, 21, 22, 23, 24, 25, 52, 53, 91, 92, 101, 102, 109, 110, 114, 115, 441, 442, 484, 485, 656, 657, 662, 663, 784, 785, 786, 787, 790, 791, 1231, 1232, 1233, 1234, 1267, 1268, 1272, 1273, 1278, 1279, 1283, 1284]",510.02,499.99273954728585,"[1, 2, 4, 5, 6, 7, 8, 9, 11, 12, 19, 20, 24, 25, 38, 39, 41, 42, 46, 47, 48, 49, 53, 54, 58, 59, 71, 72, 76, 77, 80, 81, 85, 86, 117, 118, 342, 343, 345, 346, 353, 354, 436, 437, 461, 462, 463, 464, 562, 563, 568, 569, 570, 571, 577, 578, 672, 673, 691, 692, 727, 728, 739, 740, 741, 742, 743, 744, 755, 756, 1127, 1128, 1132, 1133, 1135, 1136, 1139, 1140, 1141, 1142, 1156, 1157, 1158, 1159, 1218, 1219]",459.5,418.8107956561525,0.2050269862155281,0.2804727022577142,0.9868133304291004,0.9888534605182068
rbf,500.0,-1.0,0.001,0.4,10000.0,1.0,0.7994964548673238,1853.0,0.2763424028323129,872.0,"[1268, 1269, 1270, 1271, 1272, 1273, 1274, 1275, 1276, 1277, 1278, 1279, 1280, 1281, 1282, 1283, 1284, 1285, 1286, 1287, 1288, 1289, 1290, 1291, 1292, 1293, 1294, 1295, 1296, 1297, 1298, 1299, 1300, 1301, 1302, 1303, 1304, 1305, 1306, 1307, 1319, 1320, 1323, 1324, 1339, 1340, 1828, 1829, 1852, 1853]",1336.54,149.595883633207,"[383, 384, 385, 386, 387, 388, 389, 390, 391, 392, 393, 394, 395, 396, 397, 398, 399, 400, 401, 402, 403, 404, 405, 406, 407, 408, 409, 410, 411, 412, 413, 414, 415, 416, 417, 418, 419, 420, 421, 422, 423, 424, 425, 426, 427, 428, 429, 430, 431, 432, 433, 434, 435, 436, 437, 438, 439, 440, 441, 442, 443, 444, 445, 446, 447, 448, 449, 450, 465, 466, 494, 495, 511, 512, 513, 514, 618, 619, 672, 673, 674, 675, 800, 801, 871, 872]",460.0813953488372,106.28321260563182,0.0305878016306132,0.1465495856499986,0.978106077107384,0.9928888467930332
rbf,500.0,-1.0,0.001,0.2,0.1,1.0,330.1209741486883,920.0,330.12264747746906,896.0,"[1, 3, 7, 9, 34, 36, 169, 170, 370, 374, 379, 382, 383, 385, 387, 388, 389, 395, 396, 477, 494, 507, 517, 540, 576, 581, 584, 664, 668, 669, 670, 677, 687, 748, 769, 791, 793, 795, 832, 833, 836, 840, 842, 850, 903, 904, 907, 908, 919, 920]",547.16,281.3733007945139,"[1, 3, 4, 6, 7, 9, 22, 25, 27, 29, 31, 45, 66, 151, 182, 183, 190, 193, 233, 234, 326, 327, 328, 329, 333, 336, 337, 339, 341, 344, 352, 355, 360, 365, 376, 393, 479, 481, 486, 492, 508, 509, 511, 519, 520, 521, 532, 535, 536, 550, 589, 602, 628, 643, 661, 667, 673, 677, 678, 679, 680, 733, 740, 742, 743, 749, 750, 755, 756, 762, 766, 788, 789, 799, 801, 803, 819, 827, 831, 835, 836, 838, 839, 851, 895, 896]",482.3372093023256,275.83777716828826,0.0962516189721257,0.1509101099861367,0.9857966673927248,0.988241547404884
rbf,500.0,-1.0,0.001,0.4,0.1,1.0,699.6984881060534,921.0,699.7003986344862,896.0,"[1, 3, 8, 9, 262, 289, 292, 295, 296, 322, 375, 482, 497, 518, 520, 522, 563, 566, 567, 569, 571, 576, 586, 633, 635, 636, 637, 666, 667, 696, 698, 704, 737, 742, 748, 761, 764, 768, 808, 810, 822, 823, 901, 902, 914, 915, 916, 917, 920, 921]",595.0,254.5560841936409,"[2, 3, 5, 6, 8, 9, 18, 23, 25, 27, 32, 55, 108, 128, 158, 160, 241, 246, 247, 249, 252, 253, 259, 268, 272, 278, 280, 282, 286, 314, 323, 378, 379, 471, 472, 480, 486, 487, 488, 492, 493, 494, 499, 511, 514, 515, 530, 537, 543, 558, 573, 577, 584, 587, 588, 589, 590, 592, 639, 655, 659, 660, 675, 680, 681, 682, 683, 688, 689, 694, 696, 706, 710, 723, 729, 755, 759, 764, 785, 786, 788, 789, 820, 821, 895, 896]",457.3372093023256,257.53435582349266,0.0864188803027609,0.1466733041747362,0.984494118928338,0.988911411556434
rbf,500.0,-1.0,0.001,0.6,0.1,1.0,1073.6632872185685,919.0,1073.6652823250283,896.0,"[1, 3, 8, 9, 203, 250, 257, 267, 270, 275, 359, 470, 483, 509, 510, 514, 559, 562, 565, 575, 580, 581, 631, 633, 641, 647, 656, 665, 672, 694, 697, 707, 737, 741, 754, 768, 775, 782, 819, 820, 822, 823, 901, 902, 914, 915, 916, 917, 918, 919]",591.92,262.06082042151974,"[2, 3, 5, 7, 8, 9, 15, 17, 18, 24, 28, 40, 152, 164, 165, 166, 189, 192, 193, 196, 213, 225, 248, 278, 307, 371, 384, 387, 391, 449, 453, 455, 466, 477, 480, 481, 483, 484, 490, 491, 494, 508, 509, 526, 531, 534, 541, 562, 568, 571, 589, 590, 592, 593, 626, 627, 632, 636, 638, 651, 657, 661, 674, 675, 676, 679, 684, 691, 692, 694, 695, 699, 706, 718, 733, 753, 757, 764, 792, 793, 795, 796, 820, 821, 895, 896]",469.0697674418605,257.9126763477828,0.0867781134468308,0.1490994881001829,0.984577978653888,0.988597042752288
rbf,500.0,-1.0,0.001,0.8,0.1,1.0,1448.5563021370162,919.0,1448.5583786666275,896.0,"[2, 3, 8, 9, 188, 211, 220, 227, 296, 311, 422, 423, 452, 456, 463, 497, 501, 508, 517, 530, 533, 539, 614, 618, 660, 680, 697, 700, 713, 730, 733, 738, 751, 756, 771, 780, 785, 807, 819, 820, 822, 823, 836, 902, 914, 915, 916, 917, 918, 919]",587.4,267.7743079535451,"[2, 3, 5, 7, 8, 9, 13, 17, 18, 25, 27, 29, 170, 171, 176, 179, 180, 182, 186, 188, 189, 193, 212, 228, 247, 360, 402, 421, 438, 439, 441, 448, 449, 454, 455, 461, 462, 463, 473, 481, 499, 521, 523, 524, 531, 539, 543, 546, 557, 558, 561, 562, 592, 597, 617, 622, 633, 645, 650, 656, 658, 659, 673, 675, 676, 681, 684, 698, 699, 700, 701, 705, 709, 729, 739, 753, 758, 769, 797, 798, 800, 801, 820, 821, 895, 896]",466.0581395348837,260.4755648340328,0.0771653711722201,0.1522436743582777,0.984701045523851,0.9886777380151957
rbf,500.0,-1.0,0.001,0.2,0.01,1.0,4612.349189757584,1866.0,4468.3826357221205,969.0,"[2, 3, 8, 9, 202, 239, 419, 427, 445, 451, 481, 493, 507, 514, 515, 558, 574, 586, 595, 621, 622, 652, 662, 675, 680, 682, 722, 738, 751, 759, 785, 787, 794, 795, 796, 797, 798, 801, 886, 887, 888, 889, 993, 994, 995, 996, 1391, 1405, 1865, 1866]",700.0,379.54446379838026,"[3, 4, 5, 7, 8, 9, 13, 15, 19, 22, 37, 39, 46, 57, 211, 222, 225, 230, 231, 234, 260, 270, 272, 275, 276, 278, 333, 421, 448, 450, 457, 460, 461, 462, 465, 483, 491, 492, 495, 508, 509, 510, 511, 514, 528, 530, 538, 559, 566, 573, 575, 576, 594, 600, 605, 606, 623, 653, 655, 656, 657, 662, 663, 678, 679, 690, 692, 699, 719, 723, 730, 731, 732, 747, 754, 761, 762, 777, 805, 806, 810, 811, 966, 967, 968, 969]",478.2906976744186,269.757982241924,0.07189470775038,0.1476756719309888,0.9816352646482248,0.9883499719280184
rbf,500.0,-1.0,0.001,0.4,0.01,1.0,9341.588912731408,3764.0,9016.687369487005,969.0,"[2, 3, 8, 9, 70, 262, 274, 277, 348, 350, 362, 399, 413, 420, 421, 423, 440, 463, 473, 517, 518, 592, 600, 638, 644, 646, 647, 663, 685, 692, 737, 738, 768, 770, 774, 795, 796, 799, 886, 887, 899, 900, 912, 913, 993, 994, 997, 998, 3763, 3764]",706.84,683.0137732139814,"[2, 3, 6, 7, 8, 9, 12, 13, 14, 18, 50, 58, 93, 110, 111, 115, 117, 118, 119, 138, 289, 307, 311, 321, 324, 330, 332, 333, 336, 345, 351, 382, 391, 394, 410, 411, 423, 425, 435, 455, 459, 476, 482, 498, 499, 514, 534, 548, 549, 554, 567, 572, 573, 576, 577, 587, 594, 616, 621, 632, 633, 643, 648, 670, 674, 692, 697, 714, 715, 729, 749, 762, 763, 766, 780, 781, 784, 785, 800, 801, 814, 816, 893, 894, 968, 969]",458.0697674418605,272.97758621242974,0.0759198741276159,0.1569092079555353,0.9814490307122632,0.98889178297897
rbf,500.0,-1.0,0.001,0.6,0.01,1.0,14070.94158006797,4128.0,13610.722805220088,969.0,"[2, 3, 8, 9, 45, 97, 146, 249, 289, 300, 349, 358, 359, 367, 368, 419, 432, 449, 450, 457, 469, 545, 559, 604, 612, 613, 619, 620, 669, 681, 700, 701, 719, 722, 735, 774, 775, 784, 818, 898, 899, 900, 912, 913, 993, 994, 1797, 1798, 4127, 4128]",724.68,786.1275835384483,"[2, 3, 5, 7, 8, 9, 11, 13, 14, 16, 55, 61, 63, 65, 69, 72, 74, 77, 136, 161, 267, 278, 286, 290, 291, 292, 295, 299, 303, 307, 319, 328, 340, 350, 351, 364, 388, 402, 415, 417, 430, 434, 456, 457, 468, 490, 500, 501, 502, 510, 511, 512, 515, 516, 530, 537, 541, 576, 596, 606, 607, 618, 632, 646, 657, 658, 677, 698, 699, 710, 730, 739, 740, 741, 748, 749, 752, 753, 798, 799, 814, 815, 893, 894, 968, 969]",432.5,270.8667290084202,0.0787328313408342,0.1689341781042106,0.98096329775648,0.989576913801881
rbf,500.0,-1.0,0.001,0.6,10000.0,1.0,0.799496454867267,1853.0,0.2763424028323697,872.0,"[1273, 1274, 1275, 1276, 1277, 1278, 1279, 1280, 1281, 1282, 1283, 1284, 1285, 1286, 1287, 1288, 1289, 1290, 1291, 1292, 1293, 1294, 1295, 1296, 1297, 1298, 1299, 1300, 1301, 1302, 1303, 1304, 1305, 1306, 1307, 1308, 1309, 1310, 1311, 1312, 1320, 1321, 1322, 1323, 1338, 1339, 1828, 1829, 1852, 1853]",1340.5,148.29190807323238,"[396, 397, 398, 399, 400, 401, 402, 403, 404, 405, 406, 407, 408, 409, 410, 411, 412, 413, 414, 415, 416, 417, 418, 419, 420, 421, 422, 423, 424, 425, 426, 427, 428, 429, 430, 431, 432, 433, 434, 435, 436, 437, 438, 439, 440, 441, 442, 443, 444, 445, 446, 447, 448, 449, 450, 451, 452, 453, 454, 455, 456, 457, 458, 459, 460, 461, 462, 463, 464, 465, 493, 494, 511, 512, 513, 514, 618, 619, 672, 673, 674, 675, 800, 801, 871, 872]",470.3139534883721,102.11407911809894,0.0305541083054872,0.1461104990604247,0.97805761272054,0.9928710876038992
rbf,500.0,-1.0,0.001,0.8,0.01,1.0,18935.01480234756,11766.0,18374.855820086428,1834.0,"[2, 3, 8, 9, 40, 127, 212, 265, 276, 302, 326, 331, 336, 344, 345, 389, 395, 401, 402, 453, 465, 517, 528, 533, 546, 596, 601, 602, 609, 617, 618, 665, 674, 679, 682, 757, 759, 769, 886, 898, 899, 900, 991, 992, 1756, 1757, 1833, 1835, 11765, 11766]",1049.22,2230.272452325052,"[2, 3, 5, 7, 8, 9, 11, 13, 15, 17, 50, 60, 65, 69, 71, 72, 115, 145, 176, 187, 252, 262, 267, 293, 300, 309, 318, 319, 325, 326, 346, 348, 354, 357, 366, 368, 377, 379, 389, 411, 412, 420, 444, 449, 450, 455, 457, 458, 463, 464, 501, 503, 512, 516, 523, 529, 534, 558, 579, 591, 592, 598, 618, 625, 637, 647, 659, 681, 682, 689, 712, 716, 717, 721, 723, 724, 730, 731, 786, 787, 815, 816, 966, 967, 1833, 1834]",448.72093023255815,330.7488209883463,0.0786114124325346,0.165290699420589,0.9721269875844044,0.9891422810151776
rbf,500.0,-1.0,0.001,0.2,0.001,1.0,6251.18755795263,31526.0,6229.119703324486,969.0,"[2, 3, 8, 9, 171, 223, 249, 274, 431, 443, 477, 489, 514, 519, 520, 541, 565, 566, 587, 620, 621, 646, 657, 680, 685, 686, 708, 732, 733, 754, 785, 786, 794, 795, 796, 799, 800, 802, 886, 887, 888, 889, 993, 994, 995, 996, 1461, 1463, 31525, 31526]",1879.46,6059.437149471888,"[2, 4, 5, 6, 8, 9, 11, 13, 18, 21, 32, 36, 40, 44, 186, 200, 201, 202, 203, 205, 233, 248, 251, 253, 256, 258, 274, 291, 350, 387, 431, 457, 461, 478, 479, 484, 485, 489, 501, 506, 507, 518, 522, 523, 542, 549, 562, 565, 577, 578, 593, 602, 617, 618, 625, 649, 651, 653, 654, 657, 658, 666, 668, 678, 679, 691, 692, 708, 715, 726, 729, 739, 740, 754, 763, 776, 777, 784, 806, 807, 810, 811, 966, 967, 968, 969]",474.7325581395349,277.3066652902273,0.0714981235799275,0.1570494317078369,0.9495218906556304,0.988445310732844
rbf,500.0,-1.0,0.001,0.4,0.001,1.0,12518.002634414705,4130.0,12466.0656924443,896.0,"[2, 3, 8, 9, 84, 88, 279, 281, 293, 296, 406, 418, 425, 440, 509, 510, 522, 523, 529, 541, 543, 560, 561, 570, 601, 618, 673, 685, 696, 700, 720, 721, 794, 795, 796, 797, 798, 799, 811, 887, 910, 911, 914, 915, 916, 917, 2037, 2040, 4129, 4130]",762.2,790.6120160989208,"[2, 3, 6, 7, 8, 9, 12, 13, 14, 16, 53, 58, 72, 73, 108, 112, 128, 132, 135, 137, 140, 142, 143, 146, 147, 149, 331, 336, 344, 348, 371, 376, 386, 389, 395, 398, 439, 442, 454, 461, 469, 470, 480, 481, 490, 498, 510, 524, 542, 555, 559, 568, 581, 595, 597, 616, 631, 632, 650, 666, 667, 682, 694, 704, 705, 707, 730, 744, 745, 746, 747, 748, 757, 758, 763, 764, 770, 771, 810, 812, 814, 815, 893, 894, 895, 896]",448.6046511627907,283.0458208886906,0.0753507766189267,0.1639880486178089,0.979941733827053,0.9891453966623942
rbf,500.0,-1.0,0.001,0.6,0.001,1.0,18786.170028969824,5525.0,18715.88055803406,1834.0,"[2, 3, 8, 9, 46, 81, 105, 159, 262, 272, 298, 310, 364, 369, 373, 381, 382, 434, 445, 454, 461, 510, 524, 577, 584, 589, 594, 595, 645, 657, 668, 674, 738, 744, 754, 774, 778, 784, 821, 887, 907, 911, 991, 992, 1756, 1757, 1881, 1974, 5524, 5525]",806.66,1063.60726981344,"[2, 3, 5, 7, 8, 9, 11, 13, 14, 16, 57, 61, 64, 69, 72, 76, 77, 78, 102, 116, 130, 141, 148, 150, 156, 162, 163, 178, 290, 296, 303, 317, 329, 340, 355, 367, 371, 372, 385, 388, 411, 421, 425, 436, 443, 458, 487, 488, 497, 521, 531, 533, 534, 536, 537, 546, 547, 562, 575, 587, 588, 595, 615, 627, 637, 642, 655, 679, 680, 688, 711, 722, 724, 725, 728, 729, 734, 735, 808, 809, 814, 815, 966, 967, 1833, 1834]",434.13953488372096,343.6738638826973,0.0794218748393701,0.1765696803372256,0.978731213243302,0.989532983176128
rbf,500.0,-1.0,0.001,0.8,0.001,1.0,25071.25429421905,12131.0,24985.743827379512,3781.0,"[2, 3, 8, 9, 44, 210, 215, 226, 273, 283, 327, 331, 340, 351, 352, 391, 393, 395, 408, 409, 432, 505, 519, 566, 570, 578, 589, 590, 630, 632, 634, 647, 684, 688, 703, 750, 756, 770, 886, 898, 979, 980, 991, 992, 3602, 3603, 6365, 6964, 12130, 12131]",1334.68,2586.547733485698,"[2, 3, 6, 7, 8, 9, 11, 13, 14, 16, 56, 69, 73, 78, 83, 85, 173, 201, 241, 245, 254, 260, 268, 271, 273, 279, 285, 289, 291, 305, 318, 326, 327, 334, 357, 366, 372, 376, 387, 389, 399, 422, 423, 428, 437, 452, 453, 455, 464, 465, 466, 471, 472, 481, 502, 511, 517, 545, 560, 569, 570, 575, 594, 604, 613, 624, 638, 660, 661, 667, 694, 695, 696, 704, 706, 707, 711, 712, 800, 801, 815, 816, 966, 967, 3780, 3781]",485.6860465116279,564.5068080341707,0.0767423345835082,0.1636260393970779,0.9643547157482032,0.9881518167650484
rbf,500.0,-1.0,0.001,0.2,0.0001,1.0,6445.434023844978,31526.0,6443.148560872546,969.0,"[2, 3, 8, 9, 166, 223, 247, 258, 434, 445, 474, 485, 512, 517, 518, 539, 564, 565, 573, 617, 618, 646, 657, 681, 685, 686, 708, 734, 735, 743, 785, 786, 794, 795, 796, 799, 800, 802, 886, 887, 888, 889, 993, 994, 995, 996, 1462, 1464, 31525, 31526]",1878.28,6059.718462238984,"[2, 4, 5, 6, 8, 9, 11, 13, 18, 21, 32, 36, 41, 47, 179, 196, 200, 201, 203, 204, 232, 249, 254, 256, 259, 260, 268, 285, 322, 361, 402, 429, 464, 477, 479, 481, 484, 493, 499, 500, 515, 517, 518, 538, 544, 545, 559, 560, 574, 575, 588, 598, 612, 613, 618, 644, 645, 649, 650, 662, 664, 666, 668, 678, 679, 691, 692, 709, 715, 727, 728, 741, 742, 754, 764, 778, 779, 784, 806, 807, 810, 811, 966, 967, 968, 969]",472.98837209302326,277.6577906380462,0.0715970883306856,0.1571042080962745,0.9495540187323022,0.9884920454410916
rbf,500.0,-1.0,0.001,0.8,10000.0,1.0,0.799496454867267,1853.0,0.2763424028323697,872.0,"[1273, 1274, 1275, 1276, 1277, 1278, 1279, 1280, 1281, 1282, 1283, 1284, 1285, 1286, 1287, 1288, 1289, 1290, 1291, 1292, 1293, 1294, 1295, 1296, 1297, 1298, 1299, 1300, 1301, 1302, 1303, 1304, 1305, 1306, 1307, 1308, 1309, 1310, 1311, 1312, 1320, 1321, 1322, 1323, 1338, 1339, 1828, 1829, 1852, 1853]",1340.5,148.29190807323238,"[395, 396, 397, 398, 399, 400, 401, 402, 403, 404, 405, 406, 407, 408, 409, 410, 411, 412, 413, 414, 415, 416, 417, 418, 419, 420, 421, 422, 423, 424, 425, 426, 427, 428, 429, 430, 431, 432, 433, 434, 435, 436, 437, 438, 439, 440, 441, 442, 443, 444, 445, 446, 447, 448, 449, 450, 451, 452, 453, 454, 455, 456, 457, 458, 459, 460, 461, 462, 463, 464, 493, 494, 511, 512, 513, 514, 618, 619, 672, 673, 674, 675, 800, 801, 871, 872]",469.5,102.43168455121686,0.0305541083054872,0.1463745736997742,0.97805761272054,0.9928819923691568
rbf,500.0,-1.0,0.001,0.4,0.0001,1.0,12892.477044868703,4131.0,12887.071963311166,896.0,"[2, 3, 8, 9, 82, 89, 277, 282, 290, 297, 396, 413, 432, 456, 491, 493, 504, 505, 508, 567, 580, 612, 613, 624, 625, 626, 628, 630, 682, 695, 723, 724, 792, 795, 796, 797, 798, 799, 811, 887, 910, 911, 914, 915, 916, 917, 2039, 2042, 4130, 4131]",763.32,790.6684878000387,"[2, 3, 6, 7, 8, 9, 12, 13, 14, 15, 53, 58, 66, 73, 104, 114, 123, 129, 133, 136, 137, 138, 140, 144, 147, 148, 327, 338, 343, 348, 369, 380, 381, 391, 394, 400, 435, 445, 451, 465, 466, 472, 478, 489, 490, 502, 514, 525, 537, 543, 553, 576, 583, 600, 612, 613, 618, 628, 656, 663, 676, 677, 678, 696, 697, 702, 703, 711, 712, 718, 743, 754, 755, 756, 768, 769, 772, 773, 810, 811, 814, 815, 893, 894, 895, 896]",446.5697674418605,281.9221623030377,0.075290121775356,0.1652218444768845,0.9799112393813983,0.9891999204886832
rbf,500.0,-1.0,0.001,0.6,0.0001,1.0,19339.675198646728,8056.0,19332.349687990143,1834.0,"[2, 3, 8, 9, 46, 74, 105, 162, 257, 270, 301, 312, 366, 371, 377, 383, 384, 437, 449, 456, 466, 511, 521, 573, 581, 586, 591, 592, 646, 657, 664, 673, 742, 749, 756, 775, 778, 784, 821, 887, 910, 911, 991, 992, 1756, 1757, 1973, 1979, 8055, 8056]",910.1,1528.5174941753205,"[2, 3, 5, 7, 8, 9, 11, 13, 14, 16, 57, 61, 64, 69, 74, 76, 77, 78, 97, 106, 119, 131, 141, 147, 149, 152, 153, 180, 291, 298, 305, 310, 322, 341, 356, 361, 373, 376, 377, 386, 399, 414, 428, 442, 449, 463, 496, 497, 505, 527, 536, 538, 539, 540, 541, 548, 549, 561, 574, 584, 585, 595, 615, 626, 636, 642, 655, 679, 680, 687, 710, 719, 721, 722, 723, 724, 730, 731, 808, 809, 814, 815, 966, 967, 1833, 1834]",433.3837209302326,344.2602844591896,0.0793746711204702,0.1775571286088064,0.975914833369636,0.9895532348830356
rbf,500.0,-1.0,0.001,0.8,0.0001,1.0,25788.59962159577,12131.0,25779.68256904321,5602.0,"[2, 3, 8, 9, 45, 210, 215, 226, 273, 284, 327, 331, 339, 342, 353, 354, 393, 395, 397, 410, 431, 504, 514, 566, 570, 579, 591, 592, 629, 631, 633, 646, 684, 689, 704, 748, 753, 769, 886, 898, 979, 980, 992, 993, 5684, 5685, 7041, 7180, 12130, 12131]",1434.56,2725.512055816301,"[2, 3, 6, 7, 8, 9, 12, 13, 14, 16, 58, 69, 74, 80, 84, 85, 173, 206, 241, 245, 250, 263, 268, 269, 273, 277, 279, 284, 286, 305, 320, 329, 330, 335, 353, 359, 367, 370, 377, 388, 401, 405, 424, 425, 429, 451, 452, 455, 461, 466, 468, 469, 471, 472, 497, 507, 514, 544, 560, 568, 569, 574, 593, 602, 612, 624, 635, 660, 661, 665, 687, 688, 691, 702, 704, 705, 707, 708, 800, 802, 815, 816, 969, 970, 5601, 5602]",526.6046511627907,820.4495404048073,0.0766276859582645,0.1630008744952164,0.9616352646482248,0.987055420509558
rbf,500.0,-1.0,0.001,0.2,1000.0,1.0,7.6377891931307715,1958.0,3.464032789722239,913.0,"[992, 993, 994, 995, 996, 997, 998, 999, 1000, 1001, 1002, 1003, 1004, 1005, 1006, 1007, 1008, 1009, 1010, 1011, 1012, 1013, 1014, 1015, 1016, 1017, 1049, 1050, 1089, 1090, 1097, 1098, 1103, 1104, 1217, 1218, 1238, 1239, 1270, 1271, 1308, 1309, 1380, 1381, 1400, 1401, 1787, 1788, 1957, 1958]",1158.38,246.51530500153527,"[103, 104, 105, 106, 107, 108, 109, 110, 111, 112, 113, 114, 115, 116, 117, 118, 119, 120, 121, 122, 123, 124, 125, 126, 127, 128, 129, 130, 131, 132, 133, 134, 135, 136, 137, 138, 139, 140, 141, 142, 152, 153, 161, 162, 175, 176, 177, 178, 198, 199, 209, 210, 243, 244, 248, 249, 250, 251, 278, 279, 309, 310, 339, 340, 341, 342, 406, 407, 434, 435, 439, 440, 477, 478, 479, 480, 678, 679, 858, 859, 870, 871, 872, 873, 912, 913]",278.2906976744186,231.8170823751101,0.0274936239975695,0.2326869814512933,0.9761724025266828,0.9943485275139692
rbf,500.0,-1.0,0.001,0.4,1000.0,1.0,7.6377891931308,1948.0,3.464032789722239,892.0,"[995, 996, 997, 998, 999, 1000, 1001, 1002, 1003, 1004, 1005, 1006, 1007, 1008, 1009, 1010, 1011, 1012, 1013, 1014, 1015, 1016, 1017, 1018, 1019, 1020, 1049, 1050, 1089, 1090, 1097, 1098, 1103, 1104, 1217, 1218, 1238, 1239, 1270, 1271, 1308, 1309, 1380, 1381, 1400, 1401, 1773, 1774, 1947, 1948]",1158.98,242.8207972971014,"[105, 106, 107, 108, 109, 110, 111, 112, 113, 114, 115, 116, 117, 118, 119, 120, 121, 122, 123, 124, 125, 126, 127, 128, 129, 130, 131, 132, 133, 134, 135, 136, 137, 138, 139, 140, 141, 142, 143, 144, 152, 153, 161, 162, 175, 176, 177, 178, 198, 199, 209, 210, 243, 244, 248, 249, 250, 251, 278, 279, 309, 310, 339, 340, 341, 342, 406, 407, 434, 435, 439, 440, 477, 478, 479, 480, 668, 669, 845, 846, 855, 856, 857, 858, 891, 892]",277.5,226.9214980539961,0.0274682419612121,0.2310703041976162,0.9761773034197344,0.9943821765039074
rbf,500.0,-1.0,0.001,0.6,1000.0,1.0,7.637789193130857,1941.0,3.464032789722296,888.0,"[997, 998, 999, 1000, 1001, 1002, 1003, 1004, 1005, 1006, 1007, 1008, 1009, 1010, 1011, 1012, 1013, 1014, 1015, 1016, 1017, 1018, 1019, 1020, 1021, 1022, 1049, 1050, 1089, 1090, 1097, 1098, 1103, 1104, 1217, 1218, 1238, 1239, 1270, 1271, 1308, 1309, 1380, 1381, 1400, 1401, 1768, 1769, 1940, 1941]",1159.54,240.75757184354555,"[115, 116, 117, 118, 119, 120, 121, 122, 123, 124, 125, 126, 127, 128, 129, 130, 131, 132, 133, 134, 135, 136, 137, 138, 139, 140, 141, 142, 143, 144, 145, 146, 147, 148, 149, 150, 151, 152, 153, 154, 155, 156, 161, 162, 175, 176, 177, 178, 198, 199, 209, 210, 243, 244, 248, 249, 250, 251, 278, 279, 309, 310, 339, 340, 341, 342, 406, 407, 434, 435, 439, 440, 477, 478, 479, 480, 668, 669, 837, 838, 847, 848, 849, 850, 887, 888]",281.56976744186045,222.1062777610668,0.0274490645485916,0.2270461342958025,0.9761762143323895,0.9943687792208764
